epoch [s],elapsed [s],x [m],y [m],z [m],roll [deg],pitch [deg],yaw [deg],broadcasted 1=yes
1791466590.600459,5962.053546190262,0.2954768401607597,0.14951246029309484,-0.0076638624301526015,20.78097631398886,7.997696712564255,16.465953453714672,False
1791466590.709909,5962.162996053696,0.30297307169460186,0.2035454478176384,-0.00352580653775858,19.118148616357388,15.20086027725166,16.51308885130201,False
1791466590.791332,5962.2444190979,0.24052734214575,0.11417865193214038,0.1745896193567833,20.377774558768095,13.951697693409917,14.722187735826793,False
1791466590.898183,5962.351270198822,0.20416943813269106,0.07757479394344657,0.280676262394588,19.13347406551757,0.7912404330876773,4.9806891141150675,False
1791466591.00739,5962.460477113724,0.23170440952812865,0.14608664920315317,0.23318129274143118,17.20414753167677,8.843942890808787,2.8509578231844896,False
1791466591.131668,5962.584755182266,0.20945938491061278,0.11786111125366472,0.3185607845874152,15.039220020829427,1.215917889388824,-4.142076912828672,True
1791466591.227925,5962.6810121536255,0.18812887074421858,0.0903779660881796,0.3812729598280691,14.179025974190562,-3.3896811208388686,-5.4892658832233785,False
1791466591.620932,5963.074019193649,0.1865456658211252,0.05703813579217765,0.3532998061376671,6.677515954328702,0.7823477735721385,2.515391925626947,False
1791466591.727993,5963.1810801029205,0.0486868505770901,-0.19645382241794596,0.7548261666441682,30.623035425554292,-19.56226058154339,-3.152722935276589,False
1791466591.842064,5963.2951509952545,0.1948169649275432,0.06347218014097522,0.36054653624316524,6.5513716522984335,0.9785104243832702,2.613614832640978,False
1791466591.929212,5963.382299184799,0.1948169649275432,0.06347218014097522,0.36054653624316524,6.5513716522984335,0.9785104243832702,2.613614832640978,False
1791466592.02266,5963.4757471084595,0.19762850114526798,0.07047410590780712,0.3495298718827824,6.220373240446874,-2.2876229730427386,0.706333266162083,False
1791466592.110702,5963.563789129257,0.19762850114526798,0.07047410590780712,0.3495298718827824,6.220373240446874,-2.2876229730427386,0.706333266162083,False
1791466592.963162,5964.416249036789,0.19762850114526798,0.07047410590780712,0.3495298718827824,6.220373240446874,-2.2876229730427386,0.706333266162083,False
1791466593.074696,5964.527783155441,0.1849609277286608,0.04691641121339063,0.3841918890698195,4.946651374174637,-5.567628422457704,0.20060509917696004,False
1791466593.178613,5964.63170003891,0.1948169649275432,0.06347218014097522,0.36054653624316524,6.5513716522984335,0.9785104243832702,2.613614832640978,False
1791466593.255207,5964.7082941532135,0.17890873626152137,0.03415035470243155,0.40419960884514916,5.750157458019017,-2.3077992134748437,2.1396614615117175,True
1791466593.354235,5964.807322025299,0.19762850114526798,0.07047410590780712,0.3495298718827824,6.220373240446874,-2.2876229730427386,0.706333266162083,False
1791466593.463273,5964.916360139847,0.19180777522124737,0.060307301368285327,0.3654258663379335,6.645519631293679,4.195851089648081,4.501319837926774,False
1791466593.569058,5965.022145032883,0.19762850114526798,0.07047410590780712,0.3495298718827824,6.220373240446874,-2.2876229730427386,0.706333266162083,False
1791466593.687102,5965.140189170837,0.19762850114526798,0.07047410590780712,0.3495298718827824,6.220373240446874,-2.2876229730427386,0.706333266162083,False
1791466593.797946,5965.251033067703,0.19762850114526798,0.07047410590780712,0.3495298718827824,6.220373240446874,-2.2876229730427386,0.706333266162083,False
1791466593.8947,5965.3477871418,0.19762850114526798,0.07047410590780712,0.3495298718827824,6.220373240446874,-2.2876229730427386,0.706333266162083,False
1791466593.98287,5965.435957193375,0.19762850114526798,0.07047410590780712,0.3495298718827824,6.220373240446874,-2.2876229730427386,0.706333266162083,False
1791466594.091646,5965.544733047485,0.19762850114526798,0.07047410590780712,0.3495298718827824,6.220373240446874,-2.2876229730427386,0.706333266162083,False
1791466594.184921,5965.638008117676,0.1948169649275432,0.06347218014097522,0.36054653624316524,6.5513716522984335,0.9785104243832702,2.613614832640978,False
1791466594.295061,5965.748148202896,0.17205917634914591,0.02940625729782287,0.4188756689408488,46.135990943606046,-55.238987084185176,-24.011839693836173,True
1791466594.383958,5965.8370451927185,0.1672414369484574,0.027645129725123008,0.42046194910136014,9.708685438735023,0.4153336740811037,5.082001855707895,False
1791466594.462278,5965.915364980698,0.18314608782096453,0.06891770001314423,0.34062823698007216,9.482276791766685,3.4562912360931892,8.140562546184732,False
1791466594.590754,5966.043841123581,0.20105664113107202,0.10377311833542047,0.26979235965475423,6.559643101695704,-0.19792816873385893,6.103581804058283,False
1791466595.072521,5966.525608062744,0.2980377039625409,0.44730688083023185,-0.17623420362205433,2.4740190824271915,8.247089414935964,2.9297011859212163,False
1791466597.018136,5968.471223115921,0.22860848595181193,0.4995959182823113,0.7058495390200781,26.775185218644847,-34.78635933103295,-7.306544208602431,False
1791466597.115921,5968.569008111954,0.20588143695906402,0.45383667118630977,0.8027487679768628,23.253899860158267,-24.921683006116172,-5.880534536584679,False
1791466597.297351,5968.75043797493,0.2388895025803056,0.503078495737191,0.7031911593519191,15.762713930045283,0.5150838755576378,5.789434248477422,False
1791466597.398622,5968.851709127426,0.2598682898616841,0.5256430919622259,0.6557613297931986,32.97362510873044,-34.07504520756864,-7.242334442262566,False
1791466597.534051,5968.987138032913,0.24126125480824867,0.49738426879611564,0.7197958225285741,9.96991608770699,-1.607878265362438,6.50623371962344,True
1791466597.642559,5969.09564614296,0.24126125480824867,0.49738426879611564,0.7197958225285741,9.96991608770699,-1.607878265362438,6.50623371962344,False
1791466597.725346,5969.178433179855,0.2174743057785633,0.4701823790085651,0.781982861147617,10.111919914466098,-7.672821520438707,5.581680588957647,False
1791466597.819386,5969.2724730968475,0.2174743057785633,0.4701823790085651,0.781982861147617,10.111919914466098,-7.672821520438707,5.581680588957647,False
1791466597.925474,5969.3785610198975,0.2174743057785633,0.4701823790085651,0.781982861147617,10.111919914466098,-7.672821520438707,5.581680588957647,False
1791466598.039194,5969.492281198502,0.24652577034427936,0.5104686093670445,0.6920849544686578,27.860150349622963,-40.72015755562468,-9.222563281933953,False
1791466598.125989,5969.579076051712,0.24652577034427936,0.5104686093670445,0.6920849544686578,27.860150349622963,-40.72015755562468,-9.222563281933953,False
1791466598.220946,5969.674033164978,0.24190430183897338,0.5025285443109453,0.7111294635189114,26.56408458898147,-34.58095166224279,-7.142037587743862,False
1791466598.322498,5969.775585174561,0.2174743057785633,0.4701823790085651,0.781982861147617,10.111919914466098,-7.672821520438707,5.581680588957647,False
1791466598.41461,5969.8676970005035,0.2179556182397706,0.468798961812934,0.7888178685326608,21.25803660866221,-6.588293916442268,4.682119446745795,False
1791466598.564718,5970.017805099487,0.24652577034427936,0.5104686093670445,0.6920849544686578,27.860150349622963,-40.72015755562468,-9.222563281933953,True
1791466598.643806,5970.096893072128,0.2174743057785633,0.4701823790085651,0.781982861147617,10.111919914466098,-7.672821520438707,5.581680588957647,False
1791466598.733024,5970.186110973358,0.2174743057785633,0.4701823790085651,0.781982861147617,10.111919914466098,-7.672821520438707,5.581680588957647,False
1791466598.840938,5970.294025182724,0.2174743057785633,0.4701823790085651,0.781982861147617,10.111919914466098,-7.672821520438707,5.581680588957647,False
1791466598.93769,5970.3907771110535,0.2179556182397706,0.468798961812934,0.7888178685326608,21.25803660866221,-6.588293916442268,4.682119446745795,False
1791466599.048633,5970.501720190048,0.2174743057785633,0.4701823790085651,0.781982861147617,10.111919914466098,-7.672821520438707,5.581680588957647,False
1791466599.13389,5970.586977005005,0.2179556182397706,0.468798961812934,0.7888178685326608,21.25803660866221,-6.588293916442268,4.682119446745795,False
1791466599.232326,5970.685413122177,0.24652577034427936,0.5104686093670445,0.6920849544686578,27.860150349622963,-40.72015755562468,-9.222563281933953,False
1791466599.345571,5970.798658132553,0.24652577034427936,0.5104686093670445,0.6920849544686578,27.860150349622963,-40.72015755562468,-9.222563281933953,False
1791466599.445962,5970.899049043655,0.22165412291714914,0.4756212533556827,0.7722418342299511,16.27189419434735,0.4908483099236951,7.3873069366591375,False
1791466599.543088,5970.9961750507355,0.2179556182397706,0.468798961812934,0.7888178685326608,21.25803660866221,-6.588293916442268,4.682119446745795,False
1791466599.661891,5971.1149780750275,0.2179556182397706,0.468798961812934,0.7888178685326608,21.25803660866221,-6.588293916442268,4.682119446745795,True
1791466599.847322,5971.300409078598,0.2174743057785633,0.4701823790085651,0.781982861147617,10.111919914466098,-7.672821520438707,5.581680588957647,False
1791466599.949712,5971.402799129486,0.24652577034427936,0.5104686093670445,0.6920849544686578,27.860150349622963,-40.72015755562468,-9.222563281933953,False
1791466600.027177,5971.480264186859,0.2174743057785633,0.4701823790085651,0.781982861147617,10.111919914466098,-7.672821520438707,5.581680588957647,False
1791466600.128026,5971.581113100052,0.2179556182397706,0.468798961812934,0.7888178685326608,21.25803660866221,-6.588293916442268,4.682119446745795,False
1791466600.208079,5971.661166191101,0.24652577034427936,0.5104686093670445,0.6920849544686578,27.860150349622963,-40.72015755562468,-9.222563281933953,False
1791466600.34322,5971.796307086945,0.2174743057785633,0.4701823790085651,0.781982861147617,10.111919914466098,-7.672821520438707,5.581680588957647,False
1791466600.46853,5971.921617031097,0.24652577034427936,0.5104686093670445,0.6920849544686578,27.860150349622963,-40.72015755562468,-9.222563281933953,False
1791466600.55751,5972.010596990585,0.2179556182397706,0.468798961812934,0.7888178685326608,21.25803660866221,-6.588293916442268,4.682119446745795,False
1791466600.667064,5972.120151042938,0.2179556182397706,0.468798961812934,0.7888178685326608,21.25803660866221,-6.588293916442268,4.682119446745795,True
1791466600.761795,5972.214882135391,0.24652577034427936,0.5104686093670445,0.6920849544686578,27.860150349622963,-40.72015755562468,-9.222563281933953,False
1791466600.878541,5972.331628084183,0.24190430183897338,0.5025285443109453,0.7111294635189114,26.56408458898147,-34.58095166224279,-7.142037587743862,False
1791466600.973686,5972.426773071289,0.24652577034427936,0.5104686093670445,0.6920849544686578,27.860150349622963,-40.72015755562468,-9.222563281933953,False
1791466601.095783,5972.54887008667,0.2007179917785753,0.44547672263443006,0.8415017839134484,15.390792945410807,-13.58423362250772,3.3580937806237494,False
1791466601.199887,5972.652974128723,0.2179556182397706,0.468798961812934,0.7888178685326608,21.25803660866221,-6.588293916442268,4.682119446745795,False
1791466601.305504,5972.758591175079,0.24652577034427936,0.5104686093670445,0.6920849544686578,27.860150349622963,-40.72015755562468,-9.222563281933953,False
1791466601.409523,5972.8626101017,0.24652577034427936,0.5104686093670445,0.6920849544686578,27.860150349622963,-40.72015755562468,-9.222563281933953,False
1791466601.503426,5972.956513166428,0.24652577034427936,0.5104686093670445,0.6920849544686578,27.860150349622963,-40.72015755562468,-9.222563281933953,False
1791466601.624462,5973.077548980713,0.2174743057785633,0.4701823790085651,0.781982861147617,10.111919914466098,-7.672821520438707,5.581680588957647,False
1791466601.73393,5973.187017202377,0.24190430183897338,0.5025285443109453,0.7111294635189114,26.56408458898147,-34.58095166224279,-7.142037587743862,True
1791466601.813905,5973.266992092133,0.24190430183897338,0.5025285443109453,0.7111294635189114,26.56408458898147,-34.58095166224279,-7.142037587743862,False
1791466601.93135,5973.384437084198,0.2174743057785633,0.4701823790085651,0.781982861147617,10.111919914466098,-7.672821520438707,5.581680588957647,False
1791466602.035941,5973.48902797699,0.24190430183897338,0.5025285443109453,0.7111294635189114,26.56408458898147,-34.58095166224279,-7.142037587743862,False
1791466602.130657,5973.583744049072,0.2179556182397706,0.468798961812934,0.7888178685326608,21.25803660866221,-6.588293916442268,4.682119446745795,False
1791466602.261858,5973.714945077896,0.2179556182397706,0.468798961812934,0.7888178685326608,21.25803660866221,-6.588293916442268,4.682119446745795,False
1791466602.360537,5973.8136241436005,0.24652577034427936,0.5104686093670445,0.6920849544686578,27.860150349622963,-40.72015755562468,-9.222563281933953,False
1791466602.472229,5973.925316095352,0.2174743057785633,0.4701823790085651,0.781982861147617,10.111919914466098,-7.672821520438707,5.581680588957647,False
1791466602.576004,5974.029091119766,0.2179556182397706,0.468798961812934,0.7888178685326608,21.25803660866221,-6.588293916442268,4.682119446745795,False
1791466602.674594,5974.127681016922,0.2179556182397706,0.468798961812934,0.7888178685326608,21.25803660866221,-6.588293916442268,4.682119446745795,False
1791466602.778726,5974.231813192368,0.24190430183897338,0.5025285443109453,0.7111294635189114,26.56408458898147,-34.58095166224279,-7.142037587743862,True
1791466602.902584,5974.355671167374,0.2179556182397706,0.468798961812934,0.7888178685326608,21.25803660866221,-6.588293916442268,4.682119446745795,False
1791466603.011448,5974.46453499794,0.24652577034427936,0.5104686093670445,0.6920849544686578,27.860150349622963,-40.72015755562468,-9.222563281933953,False
1791466603.103364,5974.55645108223,0.2174743057785633,0.4701823790085651,0.781982861147617,10.111919914466098,-7.672821520438707,5.581680588957647,False
1791466603.213981,5974.667068004608,0.24190430183897338,0.5025285443109453,0.7111294635189114,26.56408458898147,-34.58095166224279,-7.142037587743862,False
1791466603.319977,5974.773064136505,0.2179556182397706,0.468798961812934,0.7888178685326608,21.25803660866221,-6.588293916442268,4.682119446745795,False
1791466603.417001,5974.870088100433,0.2179556182397706,0.468798961812934,0.7888178685326608,21.25803660866221,-6.588293916442268,4.682119446745795,False
1791466603.535362,5974.98844909668,0.2179556182397706,0.468798961812934,0.7888178685326608,21.25803660866221,-6.588293916442268,4.682119446745795,False
1791466603.636742,5975.089829206467,0.24652577034427936,0.5104686093670445,0.6920849544686578,27.860150349622963,-40.72015755562468,-9.222563281933953,False
1791466603.747136,5975.200223207474,0.24652577034427936,0.5104686093670445,0.6920849544686578,27.860150349622963,-40.72015755562468,-9.222563281933953,False
1791466603.845974,5975.299061059952,0.224330659515666,0.4758772893451464,0.771623899782433,15.550351692746348,0.332276283845368,7.232198893701945,True
1791466603.97028,5975.423367023468,0.2179556182397706,0.468798961812934,0.7888178685326608,21.25803660866221,-6.588293916442268,4.682119446745795,False
1791466604.069041,5975.522128105164,0.2007179917785753,0.44547672263443006,0.8415017839134484,15.390792945410807,-13.58423362250772,3.3580937806237494,False
1791466604.180622,5975.633709192276,0.2179556182397706,0.468798961812934,0.7888178685326608,21.25803660866221,-6.588293916442268,4.682119446745795,False
1791466604.276036,5975.72912311554,0.2179556182397706,0.468798961812934,0.7888178685326608,21.25803660866221,-6.588293916442268,4.682119446745795,False
1791466604.386816,5975.839903116226,0.2179556182397706,0.468798961812934,0.7888178685326608,21.25803660866221,-6.588293916442268,4.682119446745795,False
1791466604.4945,5975.947587013245,0.2179556182397706,0.468798961812934,0.7888178685326608,21.25803660866221,-6.588293916442268,4.682119446745795,False
1791466604.60052,5976.0536069869995,0.2179556182397706,0.468798961812934,0.7888178685326608,21.25803660866221,-6.588293916442268,4.682119446745795,False
1791466604.689201,5976.142288208008,0.2174743057785633,0.4701823790085651,0.781982861147617,10.111919914466098,-7.672821520438707,5.581680588957647,False
1791466604.784702,5976.237789154053,0.2179556182397706,0.468798961812934,0.7888178685326608,21.25803660866221,-6.588293916442268,4.682119446745795,False
1791466604.889239,5976.342326164246,0.24190430183897338,0.5025285443109453,0.7111294635189114,26.56408458898147,-34.58095166224279,-7.142037587743862,True
1791466604.978761,5976.431848049164,0.22165412291714914,0.4756212533556827,0.7722418342299511,16.27189419434735,0.4908483099236951,7.3873069366591375,False
1791466605.103777,5976.556864023209,0.24652577034427936,0.5104686093670445,0.6920849544686578,27.860150349622963,-40.72015755562468,-9.222563281933953,False
1791466605.223594,5976.6766810417175,0.2174743057785633,0.4701823790085651,0.781982861147617,10.111919914466098,-7.672821520438707,5.581680588957647,False
1791466605.324365,5976.777451992035,0.2179556182397706,0.468798961812934,0.7888178685326608,21.25803660866221,-6.588293916442268,4.682119446745795,False
1791466605.435205,5976.8882920742035,0.2179556182397706,0.468798961812934,0.7888178685326608,21.25803660866221,-6.588293916442268,4.682119446745795,False
1791466605.566355,5977.019442081451,0.2179556182397706,0.468798961812934,0.7888178685326608,21.25803660866221,-6.588293916442268,4.682119446745795,False
1791466605.662659,5977.115746021271,0.2174743057785633,0.4701823790085651,0.781982861147617,10.111919914466098,-7.672821520438707,5.581680588957647,False
1791466605.753637,5977.20672416687,0.2174743057785633,0.4701823790085651,0.781982861147617,10.111919914466098,-7.672821520438707,5.581680588957647,False
1791466605.843386,5977.296473026276,0.2174743057785633,0.4701823790085651,0.781982861147617,10.111919914466098,-7.672821520438707,5.581680588957647,False
1791466605.925856,5977.37894320488,0.2179556182397706,0.468798961812934,0.7888178685326608,21.25803660866221,-6.588293916442268,4.682119446745795,True
1791466606.011145,5977.464232206345,0.2179556182397706,0.468798961812934,0.7888178685326608,21.25803660866221,-6.588293916442268,4.682119446745795,False
1791466606.094622,5977.54770898819,0.22165412291714914,0.4756212533556827,0.7722418342299511,16.27189419434735,0.4908483099236951,7.3873069366591375,False
1791466606.183356,5977.636443138123,0.24652577034427936,0.5104686093670445,0.6920849544686578,27.860150349622963,-40.72015755562468,-9.222563281933953,False
1791466606.306454,5977.7595410346985,0.22165412291714914,0.4756212533556827,0.7722418342299511,16.27189419434735,0.4908483099236951,7.3873069366591375,False
1791466606.399878,5977.852965116501,0.2179556182397706,0.468798961812934,0.7888178685326608,21.25803660866221,-6.588293916442268,4.682119446745795,False
1791466606.510777,5977.9638640880585,0.2179556182397706,0.468798961812934,0.7888178685326608,21.25803660866221,-6.588293916442268,4.682119446745795,False
1791466606.623556,5978.076642990112,0.22165412291714914,0.4756212533556827,0.7722418342299511,16.27189419434735,0.4908483099236951,7.3873069366591375,False
1791466606.737236,5978.190323114395,0.2179556182397706,0.468798961812934,0.7888178685326608,21.25803660866221,-6.588293916442268,4.682119446745795,False
1791466606.843897,5978.296984195709,0.2174743057785633,0.4701823790085651,0.781982861147617,10.111919914466098,-7.672821520438707,5.581680588957647,False
1791466606.951929,5978.405016183853,0.2174743057785633,0.4701823790085651,0.781982861147617,10.111919914466098,-7.672821520438707,5.581680588957647,True
1791466607.06048,5978.513567209244,0.2179556182397706,0.468798961812934,0.7888178685326608,21.25803660866221,-6.588293916442268,4.682119446745795,False
1791466607.156009,5978.609096050262,0.2179556182397706,0.468798961812934,0.7888178685326608,21.25803660866221,-6.588293916442268,4.682119446745795,False
1791466607.249304,5978.7023911476135,0.2179556182397706,0.468798961812934,0.7888178685326608,21.25803660866221,-6.588293916442268,4.682119446745795,False
1791466607.365006,5978.818093061447,0.2179556182397706,0.468798961812934,0.7888178685326608,21.25803660866221,-6.588293916442268,4.682119446745795,False
1791466607.470774,5978.923861026764,0.24190430183897338,0.5025285443109453,0.7111294635189114,26.56408458898147,-34.58095166224279,-7.142037587743862,False
1791466607.555959,5979.009046077728,0.2179556182397706,0.468798961812934,0.7888178685326608,21.25803660866221,-6.588293916442268,4.682119446745795,False
1791466607.685955,5979.139042139053,0.224330659515666,0.4758772893451464,0.771623899782433,15.550351692746348,0.332276283845368,7.232198893701945,False
1791466607.772384,5979.225471019745,0.2179556182397706,0.468798961812934,0.7888178685326608,21.25803660866221,-6.588293916442268,4.682119446745795,False
1791466607.87117,5979.324257135391,0.24652577034427936,0.5104686093670445,0.6920849544686578,27.860150349622963,-40.72015755562468,-9.222563281933953,False
1791466607.970867,5979.42395401001,0.2174743057785633,0.4701823790085651,0.781982861147617,10.111919914466098,-7.672821520438707,5.581680588957647,True
1791466608.070249,5979.523336172104,0.22165412291714914,0.4756212533556827,0.7722418342299511,16.27189419434735,0.4908483099236951,7.3873069366591375,False
1791466608.175579,5979.628666162491,0.2179556182397706,0.468798961812934,0.7888178685326608,21.25803660866221,-6.588293916442268,4.682119446745795,False
1791466608.266411,5979.719498157501,0.2174743057785633,0.4701823790085651,0.781982861147617,10.111919914466098,-7.672821520438707,5.581680588957647,False
1791466608.398324,5979.851411104202,0.24652577034427936,0.5104686093670445,0.6920849544686578,27.860150349622963,-40.72015755562468,-9.222563281933953,False
1791466608.51802,5979.971107006073,0.2174743057785633,0.4701823790085651,0.781982861147617,10.111919914466098,-7.672821520438707,5.581680588957647,False
1791466608.601214,5980.054301023483,0.22165412291714914,0.4756212533556827,0.7722418342299511,16.27189419434735,0.4908483099236951,7.3873069366591375,False
1791466608.695153,5980.1482400894165,0.2179556182397706,0.468798961812934,0.7888178685326608,21.25803660866221,-6.588293916442268,4.682119446745795,False
1791466608.818534,5980.271620988846,0.2179556182397706,0.468798961812934,0.7888178685326608,21.25803660866221,-6.588293916442268,4.682119446745795,False
1791466608.920478,5980.373565196991,0.2179556182397706,0.468798961812934,0.7888178685326608,21.25803660866221,-6.588293916442268,4.682119446745795,False
1791466609.015585,5980.468672037125,0.22165412291714914,0.4756212533556827,0.7722418342299511,16.27189419434735,0.4908483099236951,7.3873069366591375,True
1791466609.122147,5980.575234174728,0.22165412291714914,0.4756212533556827,0.7722418342299511,16.27189419434735,0.4908483099236951,7.3873069366591375,False
1791466609.21412,5980.66720700264,0.2179556182397706,0.468798961812934,0.7888178685326608,21.25803660866221,-6.588293916442268,4.682119446745795,False
1791466609.288289,5980.741376161575,0.22165412291714914,0.4756212533556827,0.7722418342299511,16.27189419434735,0.4908483099236951,7.3873069366591375,False
1791466609.426684,5980.879770994186,0.22165412291714914,0.4756212533556827,0.7722418342299511,16.27189419434735,0.4908483099236951,7.3873069366591375,False
1791466609.514064,5980.9671511650085,0.2179556182397706,0.468798961812934,0.7888178685326608,21.25803660866221,-6.588293916442268,4.682119446745795,False
1791466609.60679,5981.059877157211,0.22165412291714914,0.4756212533556827,0.7722418342299511,16.27189419434735,0.4908483099236951,7.3873069366591375,False
1791466609.729682,5981.182769060135,0.22165412291714914,0.4756212533556827,0.7722418342299511,16.27189419434735,0.4908483099236951,7.3873069366591375,False
1791466609.820823,5981.273910045624,0.2179556182397706,0.468798961812934,0.7888178685326608,21.25803660866221,-6.588293916442268,4.682119446745795,False
1791466609.957559,5981.41064620018,0.24652577034427936,0.5104686093670445,0.6920849544686578,27.860150349622963,-40.72015755562468,-9.222563281933953,False
1791466610.074777,5981.52786397934,0.24652577034427936,0.5104686093670445,0.6920849544686578,27.860150349622963,-40.72015755562468,-9.222563281933953,True
1791466610.172775,5981.625862121582,0.22165412291714914,0.4756212533556827,0.7722418342299511,16.27189419434735,0.4908483099236951,7.3873069366591375,False
1791466610.239768,5981.692855119705,0.2179556182397706,0.468798961812934,0.7888178685326608,21.25803660866221,-6.588293916442268,4.682119446745795,False
1791466610.328459,5981.781546115875,0.2179556182397706,0.468798961812934,0.7888178685326608,21.25803660866221,-6.588293916442268,4.682119446745795,False
1791466610.479586,5981.9326729774475,0.2179556182397706,0.468798961812934,0.7888178685326608,21.25803660866221,-6.588293916442268,4.682119446745795,False
1791466610.597178,5982.050265073776,0.22165412291714914,0.4756212533556827,0.7722418342299511,16.27189419434735,0.4908483099236951,7.3873069366591375,False
1791466610.680841,5982.133928060532,0.2174743057785633,0.4701823790085651,0.781982861147617,10.111919914466098,-7.672821520438707,5.581680588957647,False
1791466610.767336,5982.22042298317,0.22165412291714914,0.4756212533556827,0.7722418342299511,16.27189419434735,0.4908483099236951,7.3873069366591375,False
1791466610.876467,5982.329554080963,0.22165412291714914,0.4756212533556827,0.7722418342299511,16.27189419434735,0.4908483099236951,7.3873069366591375,False
1791466611.001152,5982.45423913002,0.2179556182397706,0.468798961812934,0.7888178685326608,21.25803660866221,-6.588293916442268,4.682119446745795,False
1791466611.092925,5982.546012163162,0.2179556182397706,0.468798961812934,0.7888178685326608,21.25803660866221,-6.588293916442268,4.682119446745795,True
1791466611.200066,5982.653153181076,0.22165412291714914,0.4756212533556827,0.7722418342299511,16.27189419434735,0.4908483099236951,7.3873069366591375,False
1791466611.270555,5982.723642110825,0.2174743057785633,0.4701823790085651,0.781982861147617,10.111919914466098,-7.672821520438707,5.581680588957647,False
1791466611.382677,5982.835764169693,0.2179556182397706,0.468798961812934,0.7888178685326608,21.25803660866221,-6.588293916442268,4.682119446745795,False
1791466611.488505,5982.941591978073,0.2179556182397706,0.468798961812934,0.7888178685326608,21.25803660866221,-6.588293916442268,4.682119446745795,False
1791466611.655757,5983.108844041824,0.22165412291714914,0.4756212533556827,0.7722418342299511,16.27189419434735,0.4908483099236951,7.3873069366591375,False
1791466611.745531,5983.198618173599,0.22165412291714914,0.4756212533556827,0.7722418342299511,16.27189419434735,0.4908483099236951,7.3873069366591375,False
1791466611.884352,5983.337439060211,0.2174743057785633,0.4701823790085651,0.781982861147617,10.111919914466098,-7.672821520438707,5.581680588957647,False
1791466612.002345,5983.45543217659,0.22165412291714914,0.4756212533556827,0.7722418342299511,16.27189419434735,0.4908483099236951,7.3873069366591375,False
1791466612.115994,5983.569081068039,0.224330659515666,0.4758772893451464,0.771623899782433,15.550351692746348,0.332276283845368,7.232198893701945,True
1791466612.199633,5983.652719974518,0.22165412291714914,0.4756212533556827,0.7722418342299511,16.27189419434735,0.4908483099236951,7.3873069366591375,False
1791466612.310301,5983.763388156891,0.22165412291714914,0.4756212533556827,0.7722418342299511,16.27189419434735,0.4908483099236951,7.3873069366591375,False
1791466612.402487,5983.855574131012,0.24652577034427936,0.5104686093670445,0.6920849544686578,27.860150349622963,-40.72015755562468,-9.222563281933953,False
1791466612.529013,5983.982100009918,0.2179556182397706,0.468798961812934,0.7888178685326608,21.25803660866221,-6.588293916442268,4.682119446745795,False
1791466612.613724,5984.066811084747,0.22165412291714914,0.4756212533556827,0.7722418342299511,16.27189419434735,0.4908483099236951,7.3873069366591375,False
1791466612.726067,5984.179154157639,0.22165412291714914,0.4756212533556827,0.7722418342299511,16.27189419434735,0.4908483099236951,7.3873069366591375,False
1791466612.842785,5984.295871973038,0.24652577034427936,0.5104686093670445,0.6920849544686578,27.860150349622963,-40.72015755562468,-9.222563281933953,False
1791466612.938396,5984.391483068466,0.22165412291714914,0.4756212533556827,0.7722418342299511,16.27189419434735,0.4908483099236951,7.3873069366591375,False
1791466613.037783,5984.490869998932,0.22165412291714914,0.4756212533556827,0.7722418342299511,16.27189419434735,0.4908483099236951,7.3873069366591375,False
1791466613.154063,5984.60715007782,0.22165412291714914,0.4756212533556827,0.7722418342299511,16.27189419434735,0.4908483099236951,7.3873069366591375,True
1791466613.242835,5984.695922136307,0.22165412291714914,0.4756212533556827,0.7722418342299511,16.27189419434735,0.4908483099236951,7.3873069366591375,False
1791466613.340268,5984.793354988098,0.22165412291714914,0.4756212533556827,0.7722418342299511,16.27189419434735,0.4908483099236951,7.3873069366591375,False
1791466613.435491,5984.888578176498,0.22165412291714914,0.4756212533556827,0.7722418342299511,16.27189419434735,0.4908483099236951,7.3873069366591375,False
1791466613.523419,5984.976505994797,0.22165412291714914,0.4756212533556827,0.7722418342299511,16.27189419434735,0.4908483099236951,7.3873069366591375,False
1791466613.641585,5985.094672203064,0.22165412291714914,0.4756212533556827,0.7722418342299511,16.27189419434735,0.4908483099236951,7.3873069366591375,False
1791466613.761296,5985.214383125305,0.2179556182397706,0.468798961812934,0.7888178685326608,21.25803660866221,-6.588293916442268,4.682119446745795,False
1791466613.849604,5985.302690982819,0.2174743057785633,0.4701823790085651,0.781982861147617,10.111919914466098,-7.672821520438707,5.581680588957647,False
1791466613.980479,5985.433566093445,0.22165412291714914,0.4756212533556827,0.7722418342299511,16.27189419434735,0.4908483099236951,7.3873069366591375,False
1791466614.07541,5985.528496980667,0.22165412291714914,0.4756212533556827,0.7722418342299511,16.27189419434735,0.4908483099236951,7.3873069366591375,False
1791466614.200635,5985.653722047806,0.22165412291714914,0.4756212533556827,0.7722418342299511,16.27189419434735,0.4908483099236951,7.3873069366591375,True
1791466614.282339,5985.735426187515,0.22165412291714914,0.4756212533556827,0.7722418342299511,16.27189419434735,0.4908483099236951,7.3873069366591375,False
1791466614.394817,5985.847904205322,0.22165412291714914,0.4756212533556827,0.7722418342299511,16.27189419434735,0.4908483099236951,7.3873069366591375,False
1791466614.504254,5985.957341194153,0.2174743057785633,0.4701823790085651,0.781982861147617,10.111919914466098,-7.672821520438707,5.581680588957647,False
1791466614.597757,5986.050844192505,0.22165412291714914,0.4756212533556827,0.7722418342299511,16.27189419434735,0.4908483099236951,7.3873069366591375,False
1791466614.709002,5986.162089109421,0.22165412291714914,0.4756212533556827,0.7722418342299511,16.27189419434735,0.4908483099236951,7.3873069366591375,False
1791466614.815445,5986.268532037735,0.2174743057785633,0.4701823790085651,0.781982861147617,10.111919914466098,-7.672821520438707,5.581680588957647,False
1791466614.925282,5986.378369092941,0.2174743057785633,0.4701823790085651,0.781982861147617,10.111919914466098,-7.672821520438707,5.581680588957647,False
1791466615.022752,5986.475839138031,0.22165412291714914,0.4756212533556827,0.7722418342299511,16.27189419434735,0.4908483099236951,7.3873069366591375,False
1791466615.133319,5986.586405992508,0.22165412291714914,0.4756212533556827,0.7722418342299511,16.27189419434735,0.4908483099236951,7.3873069366591375,False
1791466615.224588,5986.677675008774,0.22165412291714914,0.4756212533556827,0.7722418342299511,16.27189419434735,0.4908483099236951,7.3873069366591375,True
1791466615.34663,5986.7997171878815,0.22165412291714914,0.4756212533556827,0.7722418342299511,16.27189419434735,0.4908483099236951,7.3873069366591375,False
1791466615.431789,5986.884876012802,0.22165412291714914,0.4756212533556827,0.7722418342299511,16.27189419434735,0.4908483099236951,7.3873069366591375,False
1791466615.537373,5986.990460157394,0.2174743057785633,0.4701823790085651,0.781982861147617,10.111919914466098,-7.672821520438707,5.581680588957647,False
1791466615.645848,5987.098935127258,0.24652577034427936,0.5104686093670445,0.6920849544686578,27.860150349622963,-40.72015755562468,-9.222563281933953,False
1791466615.742046,5987.1951332092285,0.22165412291714914,0.4756212533556827,0.7722418342299511,16.27189419434735,0.4908483099236951,7.3873069366591375,False
1791466615.854172,5987.307259082794,0.22165412291714914,0.4756212533556827,0.7722418342299511,16.27189419434735,0.4908483099236951,7.3873069366591375,False
1791466615.945042,5987.398128986359,0.22165412291714914,0.4756212533556827,0.7722418342299511,16.27189419434735,0.4908483099236951,7.3873069366591375,False
1791466616.034559,5987.487646102905,0.22165412291714914,0.4756212533556827,0.7722418342299511,16.27189419434735,0.4908483099236951,7.3873069366591375,False
1791466616.154361,5987.607448101044,0.24652577034427936,0.5104686093670445,0.6920849544686578,27.860150349622963,-40.72015755562468,-9.222563281933953,False
1791466616.260383,5987.713469982147,0.22165412291714914,0.4756212533556827,0.7722418342299511,16.27189419434735,0.4908483099236951,7.3873069366591375,True
1791466616.676484,5988.129571199417,0.2410121967977138,0.4994406805066167,0.7122896524354014,25.769802159784483,0.01793252754887478,8.381894630615951,False
1791466616.78053,5988.233617067337,0.22165412291714914,0.4756212533556827,0.7722418342299511,16.27189419434735,0.4908483099236951,7.3873069366591375,False
1791466616.862553,5988.315639972687,0.2179556182397706,0.468798961812934,0.7888178685326608,21.25803660866221,-6.588293916442268,4.682119446745795,False
1791466616.990959,5988.444046020508,0.2179556182397706,0.468798961812934,0.7888178685326608,21.25803660866221,-6.588293916442268,4.682119446745795,False
1791466617.093694,5988.54678106308,0.22165412291714914,0.4756212533556827,0.7722418342299511,16.27189419434735,0.4908483099236951,7.3873069366591375,False
1791466617.192153,5988.645240068436,0.22165412291714914,0.4756212533556827,0.7722418342299511,16.27189419434735,0.4908483099236951,7.3873069366591375,False
1791466617.276367,5988.729454040527,0.22165412291714914,0.4756212533556827,0.7722418342299511,16.27189419434735,0.4908483099236951,7.3873069366591375,True
1791466617.385841,5988.838927984238,0.22165412291714914,0.4756212533556827,0.7722418342299511,16.27189419434735,0.4908483099236951,7.3873069366591375,False
1791466617.485792,5988.9388790130615,0.22165412291714914,0.4756212533556827,0.7722418342299511,16.27189419434735,0.4908483099236951,7.3873069366591375,False
1791466617.606919,5989.060006141663,0.22165412291714914,0.4756212533556827,0.7722418342299511,16.27189419434735,0.4908483099236951,7.3873069366591375,False
1791466617.683284,5989.136371135712,0.224330659515666,0.4758772893451464,0.771623899782433,15.550351692746348,0.332276283845368,7.232198893701945,False
1791466617.785085,5989.238172054291,0.22165412291714914,0.4756212533556827,0.7722418342299511,16.27189419434735,0.4908483099236951,7.3873069366591375,False
1791466617.893062,5989.3461492061615,0.22165412291714914,0.4756212533556827,0.7722418342299511,16.27189419434735,0.4908483099236951,7.3873069366591375,False
1791466617.982127,5989.435214042664,0.2179556182397706,0.468798961812934,0.7888178685326608,21.25803660866221,-6.588293916442268,4.682119446745795,False
1791466618.084198,5989.537285089493,0.22165412291714914,0.4756212533556827,0.7722418342299511,16.27189419434735,0.4908483099236951,7.3873069366591375,False
1791466618.206327,5989.659414052963,0.22165412291714914,0.4756212533556827,0.7722418342299511,16.27189419434735,0.4908483099236951,7.3873069366591375,False
1791466618.31133,5989.764417171478,0.22165412291714914,0.4756212533556827,0.7722418342299511,16.27189419434735,0.4908483099236951,7.3873069366591375,True
1791466618.402732,5989.855818986893,0.22165412291714914,0.4756212533556827,0.7722418342299511,16.27189419434735,0.4908483099236951,7.3873069366591375,False
1791466618.516437,5989.969524145126,0.22165412291714914,0.4756212533556827,0.7722418342299511,16.27189419434735,0.4908483099236951,7.3873069366591375,False
1791466618.62977,5990.082857131958,0.22165412291714914,0.4756212533556827,0.7722418342299511,16.27189419434735,0.4908483099236951,7.3873069366591375,False
1791466618.752325,5990.205412149429,0.22165412291714914,0.4756212533556827,0.7722418342299511,16.27189419434735,0.4908483099236951,7.3873069366591375,False
1791466618.869209,5990.322296142578,0.22165412291714914,0.4756212533556827,0.7722418342299511,16.27189419434735,0.4908483099236951,7.3873069366591375,False
1791466618.976519,5990.4296061992645,0.2179556182397706,0.468798961812934,0.7888178685326608,21.25803660866221,-6.588293916442268,4.682119446745795,False
1791466619.082983,5990.536070108414,0.22165412291714914,0.4756212533556827,0.7722418342299511,16.27189419434735,0.4908483099236951,7.3873069366591375,False
1791466619.187565,5990.640652179718,0.22895337860084508,0.4839625801010403,0.7521063842573352,12.98567204741766,5.283340485506358,9.193986590073322,False
1791466619.291607,5990.744693994522,0.22895337860084508,0.4839625801010403,0.7521063842573352,12.98567204741766,5.283340485506358,9.193986590073322,False
1791466619.413347,5990.86643409729,0.22165412291714914,0.4756212533556827,0.7722418342299511,16.27189419434735,0.4908483099236951,7.3873069366591375,True
1791466619.582712,5991.035799026489,0.22895337860084508,0.4839625801010403,0.7521063842573352,12.98567204741766,5.283340485506358,9.193986590073322,False
1791466619.698829,5991.151916027069,0.22895337860084508,0.4839625801010403,0.7521063842573352,12.98567204741766,5.283340485506358,9.193986590073322,False
1791466619.830639,5991.283725976944,0.22165412291714914,0.4756212533556827,0.7722418342299511,16.27189419434735,0.4908483099236951,7.3873069366591375,False
1791466619.913223,5991.366310119629,0.22895337860084508,0.4839625801010403,0.7521063842573352,12.98567204741766,5.283340485506358,9.193986590073322,False
1791466620.012828,5991.4659152030945,0.22165412291714914,0.4756212533556827,0.7722418342299511,16.27189419434735,0.4908483099236951,7.3873069366591375,False
1791466620.113236,5991.566323041916,0.22895337860084508,0.4839625801010403,0.7521063842573352,12.98567204741766,5.283340485506358,9.193986590073322,False
1791466620.219988,5991.673075199127,0.22895337860084508,0.4839625801010403,0.7521063842573352,12.98567204741766,5.283340485506358,9.193986590073322,False
1791466620.334975,5991.788062095642,0.22165412291714914,0.4756212533556827,0.7722418342299511,16.27189419434735,0.4908483099236951,7.3873069366591375,False
1791466620.427941,5991.881028175354,0.22165412291714914,0.4756212533556827,0.7722418342299511,16.27189419434735,0.4908483099236951,7.3873069366591375,True
1791466620.540542,5991.993628978729,0.22165412291714914,0.4756212533556827,0.7722418342299511,16.27189419434735,0.4908483099236951,7.3873069366591375,False
1791466620.652131,5992.105218172073,0.22895337860084508,0.4839625801010403,0.7521063842573352,12.98567204741766,5.283340485506358,9.193986590073322,False
1791466620.764635,5992.2177221775055,0.22895337860084508,0.4839625801010403,0.7521063842573352,12.98567204741766,5.283340485506358,9.193986590073322,False
1791466620.864612,5992.3176991939545,0.22895337860084508,0.4839625801010403,0.7521063842573352,12.98567204741766,5.283340485506358,9.193986590073322,False
1791466620.965172,5992.418259143829,0.22895337860084508,0.4839625801010403,0.7521063842573352,12.98567204741766,5.283340485506358,9.193986590073322,False
1791466621.080969,5992.534056186676,0.22895337860084508,0.4839625801010403,0.7521063842573352,12.98567204741766,5.283340485506358,9.193986590073322,False
1791466621.162589,5992.615676164627,0.22165412291714914,0.4756212533556827,0.7722418342299511,16.27189419434735,0.4908483099236951,7.3873069366591375,False
1791466621.28514,5992.7382271289825,0.22895337860084508,0.4839625801010403,0.7521063842573352,12.98567204741766,5.283340485506358,9.193986590073322,False
1791466621.394914,5992.848001003265,0.22895337860084508,0.4839625801010403,0.7521063842573352,12.98567204741766,5.283340485506358,9.193986590073322,False
1791466621.505454,5992.958541154861,0.22895337860084508,0.4839625801010403,0.7521063842573352,12.98567204741766,5.283340485506358,9.193986590073322,True
1791466621.612506,5993.065593004227,0.22895337860084508,0.4839625801010403,0.7521063842573352,12.98567204741766,5.283340485506358,9.193986590073322,False
1791466621.727448,5993.180535078049,0.22895337860084508,0.4839625801010403,0.7521063842573352,12.98567204741766,5.283340485506358,9.193986590073322,False
1791466621.83346,5993.2865471839905,0.22895337860084508,0.4839625801010403,0.7521063842573352,12.98567204741766,5.283340485506358,9.193986590073322,False
1791466621.949024,5993.402111053467,0.22895337860084508,0.4839625801010403,0.7521063842573352,12.98567204741766,5.283340485506358,9.193986590073322,False
1791466622.051361,5993.50444817543,0.22895337860084508,0.4839625801010403,0.7521063842573352,12.98567204741766,5.283340485506358,9.193986590073322,False
1791466622.161884,5993.614971160889,0.22895337860084508,0.4839625801010403,0.7521063842573352,12.98567204741766,5.283340485506358,9.193986590073322,False
1791466622.252467,5993.705554008484,0.22895337860084508,0.4839625801010403,0.7521063842573352,12.98567204741766,5.283340485506358,9.193986590073322,False
1791466622.36105,5993.814136981964,0.22895337860084508,0.4839625801010403,0.7521063842573352,12.98567204741766,5.283340485506358,9.193986590073322,False
1791466622.475845,5993.928932189941,0.22895337860084508,0.4839625801010403,0.7521063842573352,12.98567204741766,5.283340485506358,9.193986590073322,False
1791466622.580512,5994.03359913826,0.22895337860084508,0.4839625801010403,0.7521063842573352,12.98567204741766,5.283340485506358,9.193986590073322,True
1791466622.690689,5994.14377617836,0.22895337860084508,0.4839625801010403,0.7521063842573352,12.98567204741766,5.283340485506358,9.193986590073322,False
1791466622.880362,5994.33344912529,0.22895337860084508,0.4839625801010403,0.7521063842573352,12.98567204741766,5.283340485506358,9.193986590073322,False
1791466623.017738,5994.4708251953125,0.22895337860084508,0.4839625801010403,0.7521063842573352,12.98567204741766,5.283340485506358,9.193986590073322,False
1791466623.100829,5994.553915977478,0.22895337860084508,0.4839625801010403,0.7521063842573352,12.98567204741766,5.283340485506358,9.193986590073322,False
1791466623.229257,5994.682344198227,0.22895337860084508,0.4839625801010403,0.7521063842573352,12.98567204741766,5.283340485506358,9.193986590073322,False
1791466623.312825,5994.765912055969,0.22895337860084508,0.4839625801010403,0.7521063842573352,12.98567204741766,5.283340485506358,9.193986590073322,False
1791466623.413665,5994.866752147675,0.22895337860084508,0.4839625801010403,0.7521063842573352,12.98567204741766,5.283340485506358,9.193986590073322,False
1791466623.650079,5995.103166103363,0.22895337860084508,0.4839625801010403,0.7521063842573352,12.98567204741766,5.283340485506358,9.193986590073322,True
1791466623.754381,5995.207468032837,0.22895337860084508,0.4839625801010403,0.7521063842573352,12.98567204741766,5.283340485506358,9.193986590073322,False
1791466623.8685,5995.321587085724,0.22895337860084508,0.4839625801010403,0.7521063842573352,12.98567204741766,5.283340485506358,9.193986590073322,False
1791466623.99072,5995.443807125092,0.22895337860084508,0.4839625801010403,0.7521063842573352,12.98567204741766,5.283340485506358,9.193986590073322,False
1791466624.318902,5995.771989107132,0.22895337860084508,0.4839625801010403,0.7521063842573352,12.98567204741766,5.283340485506358,9.193986590073322,False
1791466624.471852,5995.924939155579,0.22895337860084508,0.4839625801010403,0.7521063842573352,12.98567204741766,5.283340485506358,9.193986590073322,False
1791466624.66847,5996.121556997299,0.22895337860084508,0.4839625801010403,0.7521063842573352,12.98567204741766,5.283340485506358,9.193986590073322,True
1791466624.751956,5996.205043077469,0.22895337860084508,0.4839625801010403,0.7521063842573352,12.98567204741766,5.283340485506358,9.193986590073322,False
1791466624.877129,5996.330216169357,0.22895337860084508,0.4839625801010403,0.7521063842573352,12.98567204741766,5.283340485506358,9.193986590073322,False
1791466624.984719,5996.437806129456,0.22895337860084508,0.4839625801010403,0.7521063842573352,12.98567204741766,5.283340485506358,9.193986590073322,False
1791466625.075856,5996.528943061829,0.22895337860084508,0.4839625801010403,0.7521063842573352,12.98567204741766,5.283340485506358,9.193986590073322,False
1791466625.184158,5996.637245178223,0.22895337860084508,0.4839625801010403,0.7521063842573352,12.98567204741766,5.283340485506358,9.193986590073322,False
1791466625.381268,5996.8343551158905,0.22895337860084508,0.4839625801010403,0.7521063842573352,12.98567204741766,5.283340485506358,9.193986590073322,False
1791466625.500558,5996.953644990921,0.22895337860084508,0.4839625801010403,0.7521063842573352,12.98567204741766,5.283340485506358,9.193986590073322,False
1791466625.603876,5997.0569632053375,0.22895337860084508,0.4839625801010403,0.7521063842573352,12.98567204741766,5.283340485506358,9.193986590073322,False
1791466625.727989,5997.181076049805,0.22895337860084508,0.4839625801010403,0.7521063842573352,12.98567204741766,5.283340485506358,9.193986590073322,True
1791466625.811226,5997.264312982559,0.22895337860084508,0.4839625801010403,0.7521063842573352,12.98567204741766,5.283340485506358,9.193986590073322,False
1791466625.904737,5997.357824087143,0.22895337860084508,0.4839625801010403,0.7521063842573352,12.98567204741766,5.283340485506358,9.193986590073322,False
1791466626.001328,5997.4544150829315,0.22895337860084508,0.4839625801010403,0.7521063842573352,12.98567204741766,5.283340485506358,9.193986590073322,False
1791466626.110148,5997.563235044479,0.22895337860084508,0.4839625801010403,0.7521063842573352,12.98567204741766,5.283340485506358,9.193986590073322,False
1791466626.238807,5997.691894054413,0.22895337860084508,0.4839625801010403,0.7521063842573352,12.98567204741766,5.283340485506358,9.193986590073322,False
1791466626.351896,5997.804983139038,0.22895337860084508,0.4839625801010403,0.7521063842573352,12.98567204741766,5.283340485506358,9.193986590073322,False
1791466626.505613,5997.958700180054,0.22895337860084508,0.4839625801010403,0.7521063842573352,12.98567204741766,5.283340485506358,9.193986590073322,False
1791466626.622199,5998.075286149979,0.22895337860084508,0.4839625801010403,0.7521063842573352,12.98567204741766,5.283340485506358,9.193986590073322,False
1791466626.715345,5998.168431997299,0.22895337860084508,0.4839625801010403,0.7521063842573352,12.98567204741766,5.283340485506358,9.193986590073322,False
1791466626.821895,5998.274981975555,0.22895337860084508,0.4839625801010403,0.7521063842573352,12.98567204741766,5.283340485506358,9.193986590073322,True
1791466626.928757,5998.381844043732,0.22895337860084508,0.4839625801010403,0.7521063842573352,12.98567204741766,5.283340485506358,9.193986590073322,False
1791466627.039749,5998.492835998535,0.22895337860084508,0.4839625801010403,0.7521063842573352,12.98567204741766,5.283340485506358,9.193986590073322,False
1791466627.138761,5998.5918481349945,0.22895337860084508,0.4839625801010403,0.7521063842573352,12.98567204741766,5.283340485506358,9.193986590073322,False
1791466627.354818,5998.807905197144,0.2060286506017015,0.44244690482114146,0.8489223426985899,19.989225473716285,-5.153798287614497,6.665303155814147,False
1791466627.445398,5998.898485183716,0.2425700080426344,0.473688288722496,0.7770901999551287,15.811060418908772,0.7312171931202609,7.4727785825903545,False
1791466627.545954,5998.999041080475,0.2984093244260796,0.5246499274629766,0.6585986466863267,32.117254508928845,-39.19150024141874,-8.704835319951107,False
1791466627.676472,5999.12955904007,0.3113718307124793,0.5228894202347172,0.6630765139982842,32.045512120221055,-38.86548067805631,-8.528022777453355,False
1791466627.780457,5999.233544111252,0.3287003845684955,0.5206184473371838,0.6689279808059494,31.950597198554284,-38.43218951105049,-8.29282154745883,False
1791466627.903938,5999.357025146484,0.33430365859029754,0.5131420202531312,0.6871411030907137,31.51602637174698,-31.984785223191693,-5.976322933378193,True
1791466628.132704,5999.585791110992,0.329432990772921,0.4894780734365314,0.752919682603546,11.123837281633207,-0.1195982328955628,7.5139474248614455,False
1791466628.257122,5999.710209131241,0.33199882646890555,0.490296397181772,0.7488284057876062,38.60716411078724,-26.279517867828737,-3.9022068685762856,False
1791466628.348943,5999.802030086517,0.33199882646890555,0.490296397181772,0.7488284057876062,38.60716411078724,-26.279517867828737,-3.9022068685762856,False
1791466628.452533,5999.905620098114,0.33199882646890555,0.490296397181772,0.7488284057876062,38.60716411078724,-26.279517867828737,-3.9022068685762856,False
1791466628.561689,6000.01477599144,0.33199882646890555,0.490296397181772,0.7488284057876062,38.60716411078724,-26.279517867828737,-3.9022068685762856,False
1791466628.668389,6000.121476173401,0.33199882646890555,0.490296397181772,0.7488284057876062,38.60716411078724,-26.279517867828737,-3.9022068685762856,False
1791466628.772337,6000.225424051285,0.33199882646890555,0.490296397181772,0.7488284057876062,38.60716411078724,-26.279517867828737,-3.9022068685762856,False
1791466628.868386,6000.321473121643,0.37182249735829487,0.5415809514139953,0.6211387221115858,1.2014240987483187,-0.3589311826080612,4.727298151132695,False
1791466628.976022,6000.429109096527,0.35948571966081544,0.5096186108403999,0.6985038957510308,5.512771425522292,-0.5132907369689718,4.651051241355017,True
1791466629.068764,6000.521851062775,0.38945931274023204,0.5359069761640514,0.6396684901411605,35.687076422167706,-37.5500245852098,-10.644392429675648,False
1791466629.188718,6000.641805171967,0.39801236376938953,0.5348453120420118,0.6425451258034074,35.654219819759454,-37.31167481988473,-10.516525050450602,False
1791466629.293651,6000.746738195419,0.4108647533226084,0.5332909961747283,0.646801769467801,35.60506264412761,-36.954587507473825,-10.324853395730514,False
1791466629.395342,6000.848429203033,0.41944794296685006,0.5322801166526527,0.6496009043567876,35.572372289756636,-36.7168130923431,-10.197155309755034,False
1791466629.505592,6000.958679199219,0.42804285632922945,0.5312894039271885,0.6523693339488954,35.539743459599826,-36.479259432337955,-10.06952098641389,False
1791466629.619223,6001.072310209274,0.4409568020362171,0.5298409652328233,0.6564647714055578,35.49090907313425,-36.123331433572666,-9.878184246946653,False
1791466629.728417,6001.181504011154,0.4495802152671253,0.528900304425947,0.6591571697980618,35.458420922968315,-35.88630660091767,-9.750699593806806,False
1791466629.809836,6001.262923002243,0.46686010826319624,0.5270785244777574,0.6644517737964359,35.393593836997105,-35.4128581972271,-9.495895726359402,False
1791466629.910954,6001.364041090012,0.4615757917241019,0.4965821261069563,0.7385269425124514,30.25189271019023,-28.62408087039253,-6.818483325696549,False
1791466630.031197,6001.484284162521,0.49316584047448386,0.5232476374547619,0.6742180867219587,6.516387454792237,0.8178425721375813,4.3166136709797165,True
1791466630.131679,6001.584766149521,0.4928055136011953,0.49379169035300063,0.7471193475498414,29.95868590814473,-27.841333354977742,-6.3844472004135815,False
1791466630.238043,6001.691130161285,0.5062281217886526,0.49267622255758714,0.7506752271994226,29.832677479552892,-27.50841561486955,-6.199533101649288,False
1791466630.326765,6001.779852151871,0.5279066095091877,0.5198909939273915,0.6845693322581599,6.829037866906352,1.272784284531799,4.662758129620636,False
1791466630.429033,6001.882120132446,0.5241591957241827,0.49126340931283274,0.7552993804663148,29.664338058003587,-27.066884165188025,-5.953999636018825,False
1791466630.529185,6001.982272148132,0.5331389799552768,0.49058875923418443,0.7575616117096668,29.580026631359384,-26.847124692321298,-5.831666855954149,False
1791466630.62697,6002.080057144165,0.5550212155279091,0.5143553010989159,0.6948749007709196,34.880519187787336,-33.23823660154245,-11.010401861101045,False
1791466630.717166,6002.170253038406,0.5763598804545897,0.5444308133288314,0.6247493759042597,6.784286517063931,6.95899633921557,5.615769411698244,False
1791466630.830988,6002.284075021744,0.560133032517645,0.4886909775092969,0.7641505385128604,29.32651868995155,-26.19184598525049,-5.466390035823265,False
1791466630.94635,6002.399437189102,0.5687153719657827,0.49470556237231045,0.7562493715592495,29.224753344545064,-26.05639067540329,-2.6595878908939845,False
1791466631.041732,6002.494819164276,0.5732093040523756,0.49441625504715936,0.7573041446316369,29.182357329797846,-25.948026541087764,-2.599099276743641,True
1791466631.176412,6002.629499197006,0.5987029978297214,0.5330409006924091,0.6704692019524754,35.228504041970204,-31.441002334867445,-2.033790261568817,False
1791466631.273785,6002.726872205734,0.5982070339763108,0.514132367096815,0.7230491573132616,28.934745053023452,-25.569711902372614,2.990425359321021,False
1791466631.375157,6002.82824420929,0.5746402523210381,0.44739383791933496,0.8991971529189033,24.30889667609537,-15.041101973836312,8.53725932927418,False
1791466631.474003,6002.927090167999,0.6091902380123668,0.5140258445972388,0.746003329340521,29.292643294902458,-25.638115800710988,7.197319632201469,False
1791466631.574781,6003.027868032455,0.5976765530231012,0.47105156067048104,0.8713188406191907,18.93422773478944,-2.507499157993169,19.202944464728695,False
1791466631.701401,6003.1544880867,0.6195056641709982,0.5080517596771355,0.78730887367167,34.90780486022107,-23.44918622850001,11.426908164378764,False
1791466631.806923,6003.260010004044,0.6186814906432282,0.4901796265080671,0.8482373786894999,28.153068341121003,-24.917336706393435,15.58262057419134,False
1791466631.901402,6003.3544890880585,0.6396680868810191,0.529068278195403,0.7647526723847657,35.57864983629439,-28.55773129233833,14.130130252231922,False
1791466632.004748,6003.457835197449,0.6406837979552935,0.515192797559908,0.8225874163268827,27.776605053470963,-25.5368306894911,19.79807392729721,False
1791466632.114764,6003.567851066589,0.6595800858654144,0.5429566874215708,0.7817475703005474,11.79599991962849,13.127311687326594,38.13192797133545,True
1791466632.236476,6003.689563035965,0.6598403194588046,0.5333153268700721,0.8272958227431042,35.563258873516936,-26.631459053741214,25.169957194176266,False
1791466632.319617,6003.772704124451,0.6501471307535074,0.49556224203876176,0.9653484422844487,13.460732826886886,5.861458575108108,40.986478031034366,False
1791466632.540998,6003.994085073471,0.686140698754637,0.5657147556417688,0.8451206758042891,30.983218383944713,-28.9086231165709,34.95719556402569,False
1791466632.751845,6004.204931974411,0.6925617449541177,0.5733191929037174,0.8877448076864196,34.774465437598415,-22.859152281974552,47.214752274810486,False
1791466632.853426,6004.30651307106,0.6908240296326764,0.5671669013227107,0.9466798432661538,12.721273827358038,7.2206600858979,61.63619667398659,False
1791466632.964298,6004.417385101318,0.7007293244376196,0.5868495765598529,0.9444339156068464,34.10993019789739,-21.62629468571434,54.268048245797466,False
1791466633.165198,6004.618285179138,0.7205492778092273,0.6399836015996578,0.8973669067041303,33.05257651538885,-20.92812948238224,58.63055794508058,True
1791466633.264106,6004.7171931266785,0.7268317213914697,0.6617139636057321,0.8966209441569633,6.047386562081236,9.25537123316532,70.48010691966428,False
1791466633.481234,6004.934321165085,0.7242600439638904,0.6574998670166177,0.9942852649327913,3.3323255990054697,3.1792340008767437,73.80268038067618,False
1791466633.576792,6005.02987909317,0.723339646549163,0.6634893262373438,1.0288863702444595,23.43242483549435,-25.009751328301107,66.93799548997343,False
1791466633.692491,6005.145578145981,0.7312680834828006,0.6920239010059122,0.9733416112575779,29.31489681312914,-26.09009936988046,66.51956040798709,False
1791466633.810985,6005.264072179794,0.7301316354393939,0.6941652524458168,1.0073700865376432,30.663313719078907,-19.130817861736258,71.51375921266819,False
1791466633.921409,6005.374495983124,0.7366283517097998,0.7186830998214189,0.9624249121265582,22.940226710914963,-17.463856338875953,75.449444664725,False
1791466634.001839,6005.4549260139465,0.7324756343607277,0.7265290669788231,0.989708768030988,3.467188971138774,2.6030469848262134,82.70407037705348,False
1791466634.152241,6005.605328083038,0.7330945381237708,0.737455035494003,1.0002380047476707,-2.0065743936619014,4.3449332643321075,84.47087051757674,False
1791466634.313691,6005.7667779922485,0.7378551577177915,0.7720754624018931,0.9590709630913854,33.04286554988654,-26.10584653616271,77.08160724947186,True
1791466634.530618,6005.983705043793,0.7229076548867746,0.7755619834267893,1.0603187015062532,27.16257025346718,-25.57480966043337,83.38082113352745,False
1791466634.644411,6006.097498178482,0.7200796364212227,0.7890776519922647,1.0665004180704645,3.8058577549696864,3.0168478153923575,94.15407028753566,False
1791466634.732434,6006.1855211257935,0.7288567307174966,0.8365801725918345,0.9667348141161667,27.302536827077734,-30.68720806610356,86.55234742911829,False
1791466634.823502,6006.276589155197,0.7279472518764464,0.8477127773449713,0.9535428971787501,27.3245777562664,-30.505498069042,89.48005538310325,False
1791466634.933151,6006.3862380981445,0.7221023461859721,0.8549156932239832,0.9682784459299061,31.437950428646932,-24.804614370948457,92.41670047910077,False
1791466635.042602,6006.495689153671,0.7086453507156297,0.8491450902426367,1.040867938507441,31.106092435289714,-24.542898698527882,94.26739343377324,False
1791466635.168057,6006.62114405632,0.6960676399424004,0.8549720378972285,1.0861937095257432,25.842798425195014,-25.327631445143332,97.1087951237795,False
1791466635.263198,6006.716284990311,0.6953779505647134,0.8771110713464758,1.0605834163601595,26.87255321753966,-30.924484918004598,95.83076428546252,False
1791466635.359873,6006.812960147858,0.6750285137601563,0.868523941916693,1.1701124740269009,16.010150213121086,-24.341151978641214,102.20289436153418,True
1791466635.469515,6006.922602176666,0.6636741863483775,0.8704107999578341,1.2214222552650909,22.885038476542277,-14.084486563717611,103.96297504974372,False
1791466635.563793,6007.0168800354,0.6672858147544118,0.9054801028593726,1.1545774748183129,29.40765410945687,-18.395600024644853,102.54610806331029,False
1791466635.760349,6007.213436126709,0.6718618389876461,0.948037110680739,1.078346188674177,-3.5959120988617395,7.839317570894342,106.87297454561508,False
1791466635.966774,6007.419861078262,0.665799800124643,0.9629523165858902,1.093388228375955,28.071118661023537,-20.414666997628842,100.27011010462427,False
1791466636.075789,6007.528876066208,0.6557213437352565,0.9558469721303544,1.146636925255636,23.702361478855305,-27.863154953756595,98.73806819301029,False
1791466636.190689,6007.64377617836,0.6680526416863897,0.9851441564270953,1.057816076424086,25.09687121923806,-32.61642036602805,96.0325241114878,False
1791466636.283696,6007.736783027649,0.6588471139814938,0.9937915658885008,1.100051208755246,32.737459897527444,-21.109719164293505,99.00572376956436,False
1791466636.385937,6007.839024066925,0.6518414800990358,1.0004885251082618,1.128710727043202,32.715927555703466,-22.167839535649097,95.73604453305691,True
1791466636.495379,6007.948466062546,0.6408656848199981,1.0115942534464795,1.179451279523445,-0.6556350861573352,11.013349817379336,104.01176570178976,False
1791466636.598183,6008.051270008087,0.643214944574439,1.0401191744492582,1.1516727765526338,31.735190899812885,-28.38665558217142,91.49762680277128,False
1791466636.730596,6008.183683156967,0.6152101466565536,1.0235107186923453,1.3209400506073186,27.990001033893716,-16.487391739722092,95.73325708727619,False
1791466636.810704,6008.26379108429,0.6474960274292348,1.077673465292686,1.1066740550336474,23.200053033445812,-34.61643176419645,90.44584233752767,False
1791466636.919621,6008.372708082199,0.624982587788813,1.0580105336215528,1.2491129989993586,26.535939671686357,-23.636773859223634,92.68315890719549,False
1791466637.148744,6008.601831197739,0.6242409582003875,1.0741040672052198,1.2496335389518207,26.157170414324455,-23.881955374431193,92.70717439581094,False
1791466637.243197,6008.69628405571,0.6239975788518266,1.0794763907025406,1.249764028180786,26.03117174797398,-23.964477582437425,92.71549369784073,False
1791466637.427958,6008.881045103073,0.6237561284178711,1.084852532252622,1.2498729285669974,25.905310529098752,-24.04738828273109,92.72397523859807,True
1791466637.543024,6008.996111154556,0.6101225422946863,1.0808187230520099,1.330906897063437,19.705441106671028,-25.22180877351261,92.68039252629369,False
1791466637.642117,6009.095204114914,0.6214770355601987,1.1090328600085282,1.2502882458432203,25.673747444220098,-30.323067975354636,88.6298137614939,False
1791466637.755484,6009.208571195602,0.6061905968137868,1.0994655082930949,1.3510191713085846,30.57482834306869,-25.39572909685194,89.5703869671147,False
1791466637.846165,6009.299252033234,0.6134879308533734,1.1312823440264097,1.2945144537051756,32.74689810654797,-15.595216572288614,91.31488313169451,False
1791466637.94639,6009.399477005005,0.6062046238696727,1.1446629570616356,1.354523558925532,24.580544461348016,-26.2251118111634,88.02786413806784,False
1791466638.045464,6009.498551130295,0.6211768780655621,1.1710537246813701,1.250505592186192,24.50122959833427,-31.54600767966518,85.65997143635263,False
1791466638.133053,6009.586140155792,0.6049808684502309,1.169603196852217,1.3526106654819983,-7.310890572742136,8.320938564134435,93.53372473138681,False
1791466638.251554,6009.7046411037445,0.6078167846910895,1.1873638174868852,1.3477912319558656,23.913357455271218,-27.373910011116692,84.8124874892649,False
1791466638.360248,6009.813335180283,0.5922492485117309,1.1819163438064757,1.4497268084095167,24.414644487953677,-20.927382969516778,87.42826829090318,False
1791466638.550091,6010.003178119659,0.606550686466761,1.2224433061940108,1.3450773481190077,28.079507883433,-28.3582719364025,83.04349543250193,False
1791466638.649547,6010.102634191513,0.6123364444247411,1.2360179110911504,1.3274888351847998,28.911520109683426,-23.699470900619342,83.70781748111354,False
1791466638.751138,6010.204225063324,0.6102627383155246,1.2458591966613761,1.343599884948183,-8.257153517066195,10.05903352352793,90.20162015837694,False
1791466638.855393,6010.308480024338,0.5977908177954843,1.2435898109188857,1.4365975643014237,23.117047496544828,-28.21252622907636,83.32815051756893,False
1791466638.962467,6010.415554046631,0.6011453943107389,1.258691405850001,1.4157342631972214,-14.290581625722949,6.404242250669172,86.11823922876574,False
1791466639.173264,6010.626351118088,0.6082919326123789,1.2827919845131204,1.3964245498323238,32.142314054510486,-26.455740757117233,79.86504265025997,False
1791466639.471518,6010.924605131149,0.6034392635166788,1.2939987637586448,1.464931284024709,-15.428303248747659,8.144091956928037,80.81555603246905,True
1791466639.585445,6011.0385320186615,0.6125087784533035,1.3112121733587025,1.4438615019330099,26.482341254615083,-31.33664378954259,72.80285189949664,False
1791466639.682771,6011.135858058929,0.6130781846250344,1.3176833921741997,1.4633643512766672,33.647705634985655,-25.197821532072368,72.47176337213891,False
1791466639.906283,6011.35936999321,0.6317912562208208,1.3502735003238107,1.4550493952188255,35.27572268086185,-24.55861986302408,64.60026890553655,False
1791466640.027881,6011.480967998505,0.6307354239875483,1.3568756324114837,1.533530238628337,29.536784842160603,-26.31065799394341,61.31697598272781,False
1791466640.251882,6011.704969167709,0.6415578182787838,1.3734921326605678,1.6417186130568981,23.37082533210141,-29.509857690035247,53.32142932726663,False
1791466640.474558,6011.927645206451,0.6859488037358061,1.4091844565783977,1.5473081054394524,34.03945774905748,-30.22058424241111,45.96916408031307,True
1791466640.568611,6012.021697998047,0.676953400959966,1.4039138136161067,1.777973933932199,26.458882829066322,-29.015683416346494,38.20158606299336,False
1791466640.890117,6012.343204021454,0.7243559250983644,1.4320686264980016,1.830308889861597,-19.555114354233385,11.38198355566894,33.37920928321696,False
1791466641.191926,6012.645013093948,0.7642594206095872,1.4492731614278351,1.7796085576176819,-18.01131106427348,19.171980073425797,28.79930734623022,False
1791466641.485825,6012.938912153244,0.8261341479619808,1.465464073745517,1.830508971528213,-17.773982245368682,21.342765998141402,23.31021060824385,True
1791466641.697042,6013.150129079819,0.8718909036743677,1.4666261679278862,1.9557976491583804,25.634386721674495,-21.933566805499403,13.423157047925102,False
1791466641.8005,6013.253587007523,0.9008529446394048,1.4814329275875795,1.731983336046666,25.83978121487842,-27.5309462303836,8.576362363109773,False
1791466641.913182,6013.366269111633,0.9182603843827226,1.4791585977317667,1.7592543479286946,29.73270531949653,-27.023529336135606,7.137100521356088,False
1791466642.018094,6013.471181154251,0.9314276450894681,1.4792670082602732,1.7427604734103705,26.604256327518417,-31.870715794041,4.685267482313816,False
1791466642.301221,6013.754307985306,0.9817873463066416,1.4704232428751651,1.8013102199089208,-23.044840453633704,22.139769234704275,3.0673403948965277,False
1791466642.657206,6014.110293149948,1.037521640795208,1.4563016614511808,1.9137345202305833,29.94989470937352,-24.67323462984123,-5.8395639609064025,False
1791466642.769286,6014.222373008728,1.051833687249508,1.4608022418681745,1.7866296270493387,29.060675898520916,-28.979416238971165,-7.86844045164142,False
1791466642.857462,6014.310549020767,1.0652484313772619,1.4498578678176488,1.895073563335988,29.3792309230725,-29.441850144711918,-10.11655987744149,False
1791466642.951173,6014.404260158539,1.0780688747340192,1.4446538057351508,1.8856362874598598,-22.48201414589797,21.884328195131307,-6.126218357718697,False
1791466643.06,6014.5130870342255,1.0811913601789267,1.4452578299092684,1.8863095038068871,29.745736999700718,-24.998827245301925,-9.613086972396887,False
1791466643.170952,6014.624039173126,1.0902932726597072,1.4537511126113718,1.7270575628391827,32.54566679266188,-26.753153941084747,-13.518856524261036,False
1791466643.379553,6014.832640171051,1.1018752302763344,1.4406546152789772,1.8381769916993718,29.398737479346302,-25.827417145345304,-13.470031433675727,False
1791466643.493524,6014.946611166,1.111603913815663,1.426897168263093,1.9296866575159535,29.625680491219654,-26.520454796681612,-15.95004800928372,False
1791466643.612893,6015.065980195999,1.1217950886402142,1.426807955619315,1.8983295928296067,30.673531550534214,-22.077839325032873,-15.460102292136748,True
1791466643.704717,6015.157804012299,1.1381146140234317,1.422678642146577,1.8225065827868794,32.60955209802034,-28.958270309826442,-22.443146262616008,False
1791466643.811381,6015.264468193054,1.1550970344295275,1.4175268018779699,1.8264261991690955,32.678371669300205,-28.538623602234296,-22.314514587306746,False
1791466643.925943,6015.379029989243,1.166626698070445,1.4120236489566664,1.8290729373552188,32.76433610767403,-28.2499325634969,-22.24250186237278,False
1791466644.175827,6015.628914117813,1.1929821555507087,1.4053378888298351,1.7476345531251933,27.95635496999318,-33.338948892976425,-21.365006620845538,False
1791466644.301667,6015.754754066467,1.2013323702355805,1.3956211403176637,1.8366031418124718,33.02380229049136,-27.3817960848627,-22.022527421372654,False
1791466644.4912,6015.944287061691,1.205499076771683,1.40091426707168,1.7408104392092896,28.26160971560109,-29.31908118902338,-20.77710231861476,False
1791466644.769956,6016.223043203354,1.210884498021102,1.4013301464220795,1.7418252205422675,28.239269877620693,-29.195509654530717,-20.722539990171782,True
1791466645.028716,6016.481803178787,1.2323979450551983,1.3871366384095982,1.8224494539854317,29.06329712998569,-27.677637644355446,-16.901931014131225,False
1791466645.144246,6016.597333192825,1.2463310687455613,1.3762839469416674,1.9261663450353637,34.0391788195249,-24.99786502318884,-17.747794203712946,False
1791466645.460297,6016.9133841991425,1.304988148529337,1.3647398838339602,1.905761977360307,29.8996623969712,-28.843299751965798,-13.06676051580619,False
1791466645.555551,6017.008638143539,1.3106239588727042,1.3652506170805485,1.9066653073597384,29.88009328016917,-28.718531794509136,-13.011045444743516,False
1791466645.655745,6017.108832120895,1.3106239588727042,1.3652506170805485,1.9066653073597384,29.88009328016917,-28.718531794509136,-13.011045444743516,False
1791466645.884442,6017.337529182434,1.3117604054112353,1.365922575258198,1.9008850479337593,29.84589642167184,-24.644591818354435,-12.392848577779876,False
1791466646.080131,6017.5332181453705,1.3232348960856997,1.348851756384407,2.062262608212525,26.686164388269614,-23.297623581564693,-8.465413435782999,False
1791466646.194021,6017.647108078003,1.327828529283422,1.3594844151259875,1.9368140410424037,34.20070397565506,-24.333219323914552,-10.728265377929262,False
1791466646.305418,6017.758505105972,1.3404735706017135,1.3690335118839831,1.8158665833564114,29.79915717719555,-30.779042978196077,-10.694808765448956,False
1791466646.500826,6017.953912973404,1.3756987676975372,1.3628029881945283,1.8527309703414647,-21.782035540623102,32.94877998622934,-0.5950440041725922,False
1791466646.601683,6018.054769992828,1.4033594483115808,1.3479738824467826,1.9923093053618115,31.62534800374613,-28.07428400887469,-4.599190972509373,False
1791466646.710722,6018.16380906105,1.4095234727652655,1.362149337633906,1.8224250943893066,28.030079426506195,-31.40380547450572,-4.576975246757603,False
1791466646.828425,6018.281512022018,1.4150670702359676,1.3627475115042036,1.8230719905983919,28.01164279648447,-31.286004280701572,-4.523433275160356,True
1791466646.929004,6018.38209104538,1.430831091697969,1.3514756169717932,1.972997476478374,27.849002277781576,-27.305272605968042,-2.170516138475368,False
1791466647.016549,6018.4696362018585,1.4417986031575238,1.3370310626132218,2.1127957620162365,-19.891306943509825,32.531690856301324,5.302178821499502,False
1791466647.122402,6018.575489044189,1.439387217910507,1.3507368427255437,1.9546869073566984,-20.20052113271329,36.53203943181418,3.6351535208430517,False
1791466647.419561,6018.872648000717,1.4646284260107212,1.3591144626827727,1.8886401553094543,26.723370594214543,-33.909249414452674,-0.9296972851390081,False
1791466647.510751,6018.963838100433,1.4678690014890599,1.3666601957006073,1.8142774284295249,-21.349580872044953,38.84927851567737,5.997351902828681,False
1791466647.838129,6019.291216135025,1.5151393498765038,1.3533461644821743,1.9624756741925666,29.30328184877003,-28.007707726164046,2.171265575780401,True
1791466647.938091,6019.3911781311035,1.528863234658124,1.3494304358621625,2.018466513178415,27.472821329069912,-32.80950646041819,1.3980571800867627,False
1791466648.044698,6019.4977850914,1.5179946728966538,1.3616992859408767,1.8679125915326789,27.97459527914565,-35.96736762054164,-1.0041762769286695,False
1791466648.143733,6019.596820116043,1.5322018235157064,1.3543251194973756,1.942922811715754,29.710898783300923,-32.420551940141465,-2.4067245059577287,False
1791466648.246109,6019.699196100235,1.527624859127435,1.3604184282471414,1.8467358223547348,31.837599177659985,-32.56217741899278,-6.277549718539279,False
1791466648.354891,6019.807978153229,1.548970864230711,1.3451225740653419,1.9748677277448885,31.39165425629852,-29.962347250795197,-8.16501706389726,False
1791466648.556385,6020.009472131729,1.561199628541274,1.3417970520468248,1.9294224360347392,30.95414647688447,-34.37571841729856,-12.763047472044677,False
1791466648.753338,6020.206425189972,1.607862972223021,1.3121078713754253,2.139292480116682,30.22324745399669,-28.792668532126346,-16.86829869999297,False
1791466648.976308,6020.429395198822,1.6212150561578704,1.3065605865394023,2.0553173036528922,29.31250856780318,-29.307486251840025,-20.738663831748294,False
1791466649.07538,6020.528467178345,1.6252197016433976,1.303817666433215,2.0378961697254714,-23.158830101999996,40.10818676694883,-16.179621056391095,False
1791466649.205613,6020.658699989319,1.6347166555863226,1.297793951045658,2.0898824195999217,32.61209100188793,-27.830435712494694,-25.85809822080345,False
1791466649.302788,6020.755875110626,1.6347166555863226,1.297793951045658,2.0898824195999217,32.61209100188793,-27.830435712494694,-25.85809822080345,False
1791466649.606035,6021.059122085571,1.6347166555863226,1.297793951045658,2.0898824195999217,32.61209100188793,-27.830435712494694,-25.85809822080345,False
1791466649.73058,6021.183667182922,1.6519444424541931,1.2797251717038882,2.2064862284075555,28.968309226739997,-31.248024104006745,-26.625371345871088,False
1791466649.829136,6021.282222986221,1.6505655014694138,1.2809985003706028,2.150808237645617,32.62489465542209,-28.916920346505826,-29.035089861420534,False
1791466650.655869,6022.1089560985565,1.7040791626833194,1.2201143428511638,2.1149436298867434,27.638174674820746,-34.889894486382794,-53.80480375276203,False
1791466650.769746,6022.222833156586,1.7040791626833194,1.2201143428511638,2.1149436298867434,27.638174674820746,-34.889894486382794,-53.80480375276203,False
1791466651.425392,6022.878479003906,1.7461098974191853,1.1461587962437296,2.085378363200388,23.746103983710764,-31.941006395513636,-67.8462888687177,False
1791466651.639373,6023.092460155487,1.751540354696112,1.1297065853903931,2.0882827621516378,28.382299573464465,-26.987322322203113,-70.56179216796336,False
1791466651.840844,6023.293931007385,1.751540354696112,1.1297065853903931,2.0882827621516378,28.382299573464465,-26.987322322203113,-70.56179216796336,False
1791466652.159436,6023.6125230789185,1.7328897183492655,1.1437435224475223,1.9525345595240506,29.940447446847763,-30.47628817270678,-73.73176462423622,False
1791466652.246008,6023.699095010757,1.7147793331439476,1.153939369190484,1.7942932834823035,27.874453384108257,-35.963831805052955,-79.47859691588519,False
1791466652.44301,6023.8960971832275,1.716862412071529,1.1259386461344718,1.7489698352702425,26.481918556024986,-36.816739371389815,-85.57862127644118,False
1791466652.560259,6024.013346195221,1.7416030953937107,1.0820620563506607,1.866591710189351,27.660891783731824,-32.834224551389816,-86.63794555254805,False
1791466652.636356,6024.089443206787,1.743215406874028,1.069480241247778,1.8666859482337785,27.855855801031623,-32.80522300347114,-86.74655458163404,False
1791466652.753524,6024.206611156464,1.7432015975284163,1.0635968220065712,1.8376718718729612,20.634011642075873,-33.16189921329092,-85.21740742538036,False
1791466652.882597,6024.33568406105,1.751361341308101,1.0514759861508503,1.8666374118605948,28.136995469812433,-32.65323902742612,-86.85578014487767,False
1791466652.976995,6024.430082082748,1.8698238458830283,0.9177343175778487,2.6434732120587845,24.349275850516882,-10.277356641473505,-76.25983367555986,False
1791466653.166523,6024.619610071182,1.7652832401880705,1.0316119634501513,1.913374400154233,-9.37809385858452,44.31658164620552,-70.84219218660368,False
1791466653.486938,6024.940025091171,1.752536402970538,1.0297882287245923,1.7426854392388038,27.036503477453508,-32.32758290197857,-81.8500325984655,False
1791466653.593997,6025.047084093094,1.758191287129709,1.0165325230598152,1.7507169703709171,26.739292725607637,-37.25172607446643,-83.17314002933013,False
1791466653.693719,6025.146806001663,1.7851723063900589,0.9747383687405851,1.8730641122432554,-10.351457701908066,47.99879392835697,-66.42228479901071,False
1791466653.7999,6025.252987146378,1.774144648013876,0.9816295291775126,1.7497623716491493,27.25584358548466,-36.99501952658557,-83.43060452035768,False
1791466654.502297,6025.955384016037,1.8155011753459758,0.9049895831180417,1.9031793681036207,24.4860881996248,-31.285939132908904,-80.3544100985478,False
1791466654.718135,6026.17122220993,1.8027499221201941,0.9107843451500104,1.8048288818901939,23.853909715377842,-31.067823100851083,-82.42302576654755,False
1791466654.900959,6026.3540461063385,1.8079370280736609,0.8839947052697599,1.7734461523803682,28.277833712212836,-32.36431600158406,-86.59869374838696,False
1791466655.127797,6026.580883979797,1.805430787832678,0.8696592583898772,1.7199636450730353,21.36371974667034,-33.186356861733245,-85.42842866292543,False
1791466655.24186,6026.694947004318,1.8212270914496136,0.8414858693663336,1.7993568841021133,-6.969371252270102,43.73165954634016,-70.85351274131536,True
1791466655.332612,6026.785699129105,1.7947178351787727,0.8706395573489571,1.6030066399503906,23.14147185198045,-35.31756669456219,-88.05976437322609,False
1791466655.438823,6026.891910076141,1.8352089724673242,0.8099314853696524,1.8322210787858624,24.307331452947494,-31.219640339039284,-86.79259634172203,False
1791466655.544151,6026.99723815918,1.8166168224506505,0.8282158428429711,1.7173461901779494,21.956891509552193,-32.95341089718245,-85.73144946208693,False
1791466655.874874,6027.327961206436,1.8222200587011497,0.8068028517162149,1.694589364053611,26.053000711224126,-33.933036635324676,-89.70662951669723,False
1791466656.01989,6027.4729771614075,1.8070207499632391,0.8188703473931671,1.5986762040324467,23.89170115443631,-35.10430823407202,-88.50018799968431,False
1791466656.131006,6027.584093093872,1.8085262318399007,0.8072045510928969,1.5976043781578384,24.059264040408127,-35.08140218976762,-88.60920709943964,False
1791466656.400319,6027.853406190872,1.8378285572181214,0.7550780539682669,1.732489566501942,21.876415517671365,-33.07456685257386,-89.82285607298911,False
1791466656.513646,6027.966732978821,1.837138899569593,0.7483969675594158,1.7105349726123724,24.873328445239395,-30.627910717910485,-89.23416196884635,False
1791466656.5971,6028.050187110901,1.844012205499244,0.726144156058508,1.726209204512862,22.816028142279542,-27.340655629631968,-88.37674855140087,False
1791466656.692325,6028.14541220665,1.8447819453891392,0.720131084890677,1.725519060512704,22.908030000094982,-27.317319999105493,-88.41868170819212,False
1791466656.815754,6028.2688410282135,1.846221688461755,0.70464301345353,1.7136315496594046,-1.9481049762054246,47.019946818392945,-74.72418113556104,False
1791466656.902895,6028.355982065201,1.8477318817370776,0.6926928656285054,1.7120383479298185,-1.8502943128966127,46.979490568806504,-74.6238631930685,False
1791466657.340919,6028.794006109238,1.8350054334977788,0.6778786905456491,1.5924750700969263,24.618829223577748,-30.34383647177819,-95.08452337639812,True
1791466657.469526,6028.922613143921,1.8507718334975942,0.6433302161440702,1.6680168793520238,27.603509624767625,-29.21009503466424,-96.67298392522301,False
1791466657.706347,6029.159434080124,1.858470645733437,0.6074813210916497,1.7058940373578122,22.768677652229574,-27.635267015702574,-96.36195422353167,False
1791466658.063156,6029.516242980957,1.834721413088037,0.5968122438824228,1.5661236204061408,24.850665646329286,-30.589634225325565,-99.28556203308987,False
1791466658.147447,6029.600534200668,1.8289737166619815,0.5898820235362401,1.5377404850699246,24.018795495647847,-30.769450077182935,-102.77853243392609,False
1791466658.24387,6029.696957111359,1.827590800961941,0.5550471350748989,1.5312882155052674,24.52877994000961,-30.795809467061158,-103.1153416963501,False
1791466658.431412,6029.884499073029,1.8174131616348073,0.5238398472979571,1.4844171422575179,24.114414090144017,-30.893877366386565,-106.78958597549371,True
1791466658.524403,6029.977490186691,1.816850034534672,0.5036872210334609,1.4893558362274701,21.196595041551074,-32.54593316431858,-107.5412927248877,False
1791466658.63717,6030.090257167816,1.8269509615679382,0.4682345910602759,1.5626188264498455,6.933290814408514,45.39608106973557,-86.44454851315464,False
1791466658.949516,6030.402603149414,1.826780178200651,0.45585443307352547,1.5536447592528329,24.125380485033244,-31.629169376101927,-109.46078318552199,False
1791466659.121961,6030.575048208237,1.8268526110735346,0.4528961010472863,1.5618152386894142,20.8060758614165,-33.13098740492973,-109.95829699251134,False
1791466659.333237,6030.7863240242,1.8268526110735346,0.4528961010472863,1.5618152386894142,20.8060758614165,-33.13098740492973,-109.95829699251134,False
1791466659.551701,6031.004788160324,1.826780178200651,0.45585443307352547,1.5536447592528329,24.125380485033244,-31.629169376101927,-109.46078318552199,False
1791466660.16812,6031.621206998825,1.7930181263876583,0.4491243780181511,1.4213812446246723,7.917629640544278,49.848623731814236,-86.47987153482741,False
1791466660.250219,6031.70330619812,1.7928184069398552,0.443718888711105,1.4195244260246862,19.671799438397645,-29.071304095119693,-110.19479583281259,False
1791466660.375225,6031.828312158585,1.7928184069398552,0.443718888711105,1.4195244260246862,19.671799438397645,-29.071304095119693,-110.19479583281259,False
1791466660.597725,6032.050812005997,1.7928184069398552,0.443718888711105,1.4195244260246862,19.671799438397645,-29.071304095119693,-110.19479583281259,False
1791466660.7157,6032.1687870025635,1.7928184069398552,0.443718888711105,1.4195244260246862,19.671799438397645,-29.071304095119693,-110.19479583281259,False
1791466660.828222,6032.281309127808,1.7928184069398552,0.443718888711105,1.4195244260246862,19.671799438397645,-29.071304095119693,-110.19479583281259,False
1791466660.945685,6032.3987720012665,1.7928184069398552,0.443718888711105,1.4195244260246862,19.671799438397645,-29.071304095119693,-110.19479583281259,False
1791466661.033383,6032.486469984055,1.7928184069398552,0.443718888711105,1.4195244260246862,19.671799438397645,-29.071304095119693,-110.19479583281259,False
1791466661.143481,6032.596568107605,1.7928184069398552,0.443718888711105,1.4195244260246862,19.671799438397645,-29.071304095119693,-110.19479583281259,False
1791466661.242458,6032.695545196533,1.7928184069398552,0.443718888711105,1.4195244260246862,19.671799438397645,-29.071304095119693,-110.19479583281259,False
1791466661.36132,6032.814407110214,1.7928184069398552,0.443718888711105,1.4195244260246862,19.671799438397645,-29.071304095119693,-110.19479583281259,False
1791466661.579778,6033.032865047455,1.8049587112541254,0.41881937836054783,1.4861370406524976,22.516679983376207,-27.84847090611194,-111.7781495878838,True
1791466661.674694,6033.127781152725,1.7934555101698857,0.43825683149144634,1.4181235367317435,19.751137167326014,-29.054313311891253,-110.23659821203918,False
1791466661.777531,6033.2306180000305,1.7904673809116016,0.43423551294764917,1.4118089905105293,24.61121000018213,-31.16057471113689,-111.06391866238663,False
1791466661.865459,6033.318546056747,1.789328344956301,0.42645678036090295,1.4158326424054684,19.914751545589287,-29.11137479494128,-110.37057973723698,False
1791466661.980992,6033.434079170227,1.7899593317145799,0.4210070922587976,1.4143894696600592,19.99393886743352,-29.09503936206704,-110.41245589526713,False
1791466662.078352,6033.531439065933,1.7899593317145799,0.4210070922587976,1.4143894696600592,19.99393886743352,-29.09503936206704,-110.41245589526713,False
1791466662.268187,6033.721274137497,1.789328344956301,0.42645678036090295,1.4158326424054684,19.914751545589287,-29.11137479494128,-110.37057973723698,False
1791466662.576841,6034.0299282073975,1.7876652810504292,0.4350264546200595,1.41266672950547,19.590469024581516,-32.643946135732214,-116.66984204858682,False
1791466662.822843,6034.2759301662445,1.7982683329513436,0.42935869885760836,1.4681106667795434,24.860899697639756,-26.756731536119986,-116.58265985489965,False
1791466662.982417,6034.435504198074,1.817117096615402,0.4077246946014961,1.5576458534912123,21.892139511950933,-28.19977797166809,-113.96745056068683,False
1791466663.139148,6034.592235088348,1.817117096615402,0.4077246946014961,1.5576458534912123,21.892139511950933,-28.19977797166809,-113.96745056068683,False
1791466663.242891,6034.695978164673,1.817117096615402,0.4077246946014961,1.5576458534912123,21.892139511950933,-28.19977797166809,-113.96745056068683,False
1791466663.334704,6034.787791013718,1.791703580034407,0.4548518351051085,1.4177221780115699,6.952419322257513,48.20540494741976,-91.79055036231722,False
1791466663.434617,6034.887704133987,1.7686590395154518,0.5020864040157325,1.286646313366596,23.26401963065353,-34.18621838752796,-117.9345132980774,False
1791466663.530382,6034.983469009399,1.791703580034407,0.4548518351051085,1.4177221780115699,6.952419322257513,48.20540494741976,-91.79055036231722,False
1791466663.646452,6035.099539041519,1.791703580034407,0.4548518351051085,1.4177221780115699,6.952419322257513,48.20540494741976,-91.79055036231722,False
1791466663.87394,6035.327027082443,1.7982683329513436,0.42935869885760836,1.4681106667795434,24.860899697639756,-26.756731536119986,-116.58265985489965,False
1791466663.984183,6035.43727016449,1.786089533401628,0.4431407229406674,1.4148107107213215,9.580986705804213,50.53118199291301,-91.39089180423775,False
1791466664.088352,6035.5414390563965,1.787032249443926,0.44047712177023346,1.4140793688110533,19.514687889991073,-32.656577214424324,-116.62267058193748,False
1791466664.248176,6035.701263189316,1.7940375468804999,0.4175046892923333,1.4655202225165698,25.039368259940005,-26.827749092169054,-116.71778363789792,False
1791466664.377988,6035.831075191498,1.7940375468804999,0.4175046892923333,1.4655202225165698,25.039368259940005,-26.827749092169054,-116.71778363789792,False
1791466664.520927,6035.974014043808,1.7940375468804999,0.4175046892923333,1.4655202225165698,25.039368259940005,-26.827749092169054,-116.71778363789792,False
1791466664.747303,6036.200390100479,1.7940375468804999,0.4175046892923333,1.4655202225165698,25.039368259940005,-26.827749092169054,-116.71778363789792,False
1791466664.983029,6036.436115980148,1.7940375468804999,0.4175046892923333,1.4655202225165698,25.039368259940005,-26.827749092169054,-116.71778363789792,False
1791466665.156469,6036.60955619812,1.7940375468804999,0.4175046892923333,1.4655202225165698,25.039368259940005,-26.827749092169054,-116.71778363789792,False
1791466665.868979,6037.322066068649,1.7940375468804999,0.4175046892923333,1.4655202225165698,25.039368259940005,-26.827749092169054,-116.71778363789792,True
1791466666.015179,6037.468266010284,1.7940375468804999,0.4175046892923333,1.4655202225165698,25.039368259940005,-26.827749092169054,-116.71778363789792,False
1791466666.490576,6037.94366312027,1.7940375468804999,0.4175046892923333,1.4655202225165698,25.039368259940005,-26.827749092169054,-116.71778363789792,False
1791466666.59929,6038.05237698555,1.8041340860229673,0.4035366350699163,1.5183998193430237,24.363999712940235,-27.31076910075686,-119.03061104693947,False
1791466666.704725,6038.15781211853,1.77866704555909,0.4573696069419064,1.378383632529491,24.748425366326003,-30.66946700171417,-120.99486365619059,False
1791466666.800488,6038.253575086594,1.7829027505162443,0.46587893463190677,1.3891027635350444,21.091652453018444,-31.35577662760982,-121.1011045428879,False
1791466666.994245,6038.447332143784,1.8107281589735875,0.4338198302044163,1.531319228853159,10.051708225253087,46.45649262650188,-96.54930240733393,False
1791466669.394347,6040.847434043884,1.8028524721138437,0.461250542143518,1.4746509011451638,22.39608589130073,-27.105936646422858,-123.758827722268,False
1791466669.5193,6040.972387075424,1.8009864113184046,0.46200975560378343,1.4719149041886865,22.944819766903432,-31.191910572828395,-125.2344913012214,False
1791466669.592947,6041.0460340976715,1.7944325795725982,0.47345896753347194,1.4339649922616728,20.052028018077817,-31.618289237877242,-123.13281331065325,False
1791466670.09858,6041.551666975021,1.8010444179946523,0.44886180134272124,1.495174516887094,5.187943266055706,43.25785816921659,-104.45540666569994,False
1791466670.697758,6042.150845050812,1.8010444179946523,0.44886180134272124,1.495174516887094,5.187943266055706,43.25785816921659,-104.45540666569994,False
1791466670.924229,6042.377315998077,1.8010444179946523,0.44886180134272124,1.495174516887094,5.187943266055706,43.25785816921659,-104.45540666569994,False
1791466671.017963,6042.471050024033,1.8010444179946523,0.44886180134272124,1.495174516887094,5.187943266055706,43.25785816921659,-104.45540666569994,False
1791466671.209213,6042.662300109863,1.8010444179946523,0.44886180134272124,1.495174516887094,5.187943266055706,43.25785816921659,-104.45540666569994,False
1791466671.299395,6042.752482175827,1.7980333112339657,0.4548337043090982,1.473758539344269,22.488308584282603,-27.183901939283516,-123.85127858823967,False
1791466671.377639,6042.830726146698,1.8010444179946523,0.44886180134272124,1.495174516887094,5.187943266055706,43.25785816921659,-104.45540666569994,False
1791466671.479568,6042.932655096054,1.8010444179946523,0.44886180134272124,1.495174516887094,5.187943266055706,43.25785816921659,-104.45540666569994,False
1791466671.700637,6043.153724193573,1.8010444179946523,0.44886180134272124,1.495174516887094,5.187943266055706,43.25785816921659,-104.45540666569994,False
1791466671.804406,6043.257493019104,1.8010444179946523,0.44886180134272124,1.495174516887094,5.187943266055706,43.25785816921659,-104.45540666569994,False
1791466671.924092,6043.377179145813,1.7980333112339657,0.4548337043090982,1.473758539344269,22.488308584282603,-27.183901939283516,-123.85127858823967,False
1791466672.031048,6043.484135150909,1.8010444179946523,0.44886180134272124,1.495174516887094,5.187943266055706,43.25785816921659,-104.45540666569994,False
1791466672.128552,6043.581639051437,1.8010444179946523,0.44886180134272124,1.495174516887094,5.187943266055706,43.25785816921659,-104.45540666569994,True
1791466672.253611,6043.706698179245,1.8010444179946523,0.44886180134272124,1.495174516887094,5.187943266055706,43.25785816921659,-104.45540666569994,False
1791466672.507413,6043.960500001907,1.801946007892926,0.4462159547588753,1.494541917144323,25.722792493638142,-27.10089616458279,-126.06499543530693,False
1791466672.613679,6044.066766023636,1.7954148791061448,0.4498900127929748,1.4696233931938911,22.634762657240117,-27.327470543224035,-123.99265173692342,False
1791466672.72426,6044.1773471832275,1.7968068582380863,0.45008027062646505,1.469587310935934,23.10782762718612,-31.265066537002788,-125.37913211800571,False
1791466672.825351,6044.278438091278,1.7659840040047678,0.5119856463365351,1.2984011853557154,20.67536108955372,-34.41770154622993,-124.85703758008323,False
1791466672.935415,6044.388502120972,1.7686343386613743,0.5190969273549146,1.29576259141735,17.47149380913116,-35.01453247356446,-124.99463804125442,False
1791466673.014967,6044.468054056168,1.800198836650392,0.46066116501380705,1.475247040509247,19.405651551954573,-31.780487316392495,-125.43062851162863,False
1791466673.5094,6044.962486982346,1.8034224511988763,0.4555846468145841,1.4947167656111402,25.878510578135916,-27.132348959031955,-126.12060506893546,False
1791466673.633638,6045.086724996567,1.800198836650392,0.46066116501380705,1.475247040509247,19.405651551954573,-31.780487316392495,-125.43062851162863,False
1791466673.743621,6045.196708202362,1.8034224511988763,0.4555846468145841,1.4947167656111402,25.878510578135916,-27.132348959031955,-126.12060506893546,False
1791466673.82562,6045.278707027435,1.7749072178057095,0.5101756738564898,1.3345497464747598,19.71667511745641,-34.56883528734819,-126.89595234936044,False
1791466673.928546,6045.381633043289,1.7749072178057095,0.5101756738564898,1.3345497464747598,19.71667511745641,-34.56883528734819,-126.89595234936044,False
1791466674.029047,6045.482134103775,1.7749072178057095,0.5101756738564898,1.3345497464747598,19.71667511745641,-34.56883528734819,-126.89595234936044,False
1791466674.178102,6045.631189107895,1.8046564025142553,0.45033916145278896,1.509453968558356,21.92120442851617,-27.4601432910176,-126.21303451615978,False
1791466674.85096,6046.3040471076965,1.8046564025142553,0.45033916145278896,1.509453968558356,21.92120442851617,-27.4601432910176,-126.21303451615978,False
1791466674.965286,6046.41837310791,1.800198836650392,0.46066116501380705,1.475247040509247,19.405651551954573,-31.780487316392495,-125.43062851162863,False
1791466675.162383,6046.615470170975,1.7749072178057095,0.5101756738564898,1.3345497464747598,19.71667511745641,-34.56883528734819,-126.89595234936044,False
1791466675.568563,6047.0216500759125,1.800198836650392,0.46066116501380705,1.475247040509247,19.405651551954573,-31.780487316392495,-125.43062851162863,False
1791466675.661575,6047.11466217041,1.7918274602093782,0.4756220329523384,1.4270360299016427,16.684006672728298,-32.50888511336536,-123.44895512710619,False
1791466675.784028,6047.23711514473,1.8010444179946523,0.44886180134272124,1.495174516887094,5.187943266055706,43.25785816921659,-104.45540666569994,False
1791466676.001323,6047.454410076141,1.7980333112339657,0.4548337043090982,1.473758539344269,22.488308584282603,-27.183901939283516,-123.85127858823967,False
1791466676.529548,6047.98263502121,1.7980333112339657,0.4548337043090982,1.473758539344269,22.488308584282603,-27.183901939283516,-123.85127858823967,False
1791466677.396726,6048.849812984467,1.7980333112339657,0.4548337043090982,1.473758539344269,22.488308584282603,-27.183901939283516,-123.85127858823967,True
1791466678.096703,6049.549790143967,1.7961652084258988,0.45560899419914525,1.4709923949385297,23.02763704139025,-31.27597200378022,-125.3324485511084,False
1791466678.401832,6049.854919195175,1.7919121308609696,0.4305511736196772,1.4915114744068352,5.377671779238236,43.08892512059924,-104.38151826045015,True
1791466678.831714,6050.284801006317,1.7740073381318449,0.46736493067374996,1.3861220991896612,21.561565195891063,-31.094833237522096,-130.31968657246205,False
1791466679.376704,6050.829791069031,1.798100204420189,0.4300857434526879,1.5245054420089832,25.337602951126236,-27.620964869245654,-128.68121917384022,False
1791466679.449482,6050.902569055557,1.798100204420189,0.4300857434526879,1.5245054420089832,25.337602951126236,-27.620964869245654,-128.68121917384022,True
1791466679.758216,6051.211302995682,1.8035174520460135,0.423476698863517,1.5485952384004364,24.81683910422996,-27.92915800673944,-131.16650902624488,False
1791466679.853462,6051.306549072266,1.798100204420189,0.4300857434526879,1.5245054420089832,25.337602951126236,-27.620964869245654,-128.68121917384022,False
1791466679.951192,6051.404278993607,1.798100204420189,0.4300857434526879,1.5245054420089832,25.337602951126236,-27.620964869245654,-128.68121917384022,False
1791466680.037228,6051.490315198898,1.798100204420189,0.4300857434526879,1.5245054420089832,25.337602951126236,-27.620964869245654,-128.68121917384022,False
1791466680.15082,6051.603907108307,1.798100204420189,0.4300857434526879,1.5245054420089832,25.337602951126236,-27.620964869245654,-128.68121917384022,False
1791466680.276222,6051.729309082031,1.798100204420189,0.4300857434526879,1.5245054420089832,25.337602951126236,-27.620964869245654,-128.68121917384022,False
1791466680.37207,6051.825157165527,1.798100204420189,0.4300857434526879,1.5245054420089832,25.337602951126236,-27.620964869245654,-128.68121917384022,False
1791466680.470781,6051.923868179321,1.798100204420189,0.4300857434526879,1.5245054420089832,25.337602951126236,-27.620964869245654,-128.68121917384022,True
1791466680.593468,6052.046555042267,1.798100204420189,0.4300857434526879,1.5245054420089832,25.337602951126236,-27.620964869245654,-128.68121917384022,False
1791466680.795942,6052.249029159546,1.798100204420189,0.4300857434526879,1.5245054420089832,25.337602951126236,-27.620964869245654,-128.68121917384022,False
1791466681.10045,6052.553537130356,1.798100204420189,0.4300857434526879,1.5245054420089832,25.337602951126236,-27.620964869245654,-128.68121917384022,False
1791466682.197482,6053.650569200516,1.798100204420189,0.4300857434526879,1.5245054420089832,25.337602951126236,-27.620964869245654,-128.68121917384022,False
1791466682.30241,6053.75549697876,1.798100204420189,0.4300857434526879,1.5245054420089832,25.337602951126236,-27.620964869245654,-128.68121917384022,False
1791466682.401397,6053.854484081268,1.798100204420189,0.4300857434526879,1.5245054420089832,25.337602951126236,-27.620964869245654,-128.68121917384022,False
1791466682.529617,6053.982704162598,1.7952192297095437,0.43869880917133997,1.5002750080671974,32.532746922207814,-24.901319189701745,-132.4092126747876,False
1791466682.731301,6054.184388160706,1.7979026738692092,0.43157608670299763,1.5246950025295352,28.688474980515892,-28.20300764314407,-131.27848125572956,False
1791466682.842346,6054.295433044434,1.798100204420189,0.4300857434526879,1.5245054420089832,25.337602951126236,-27.620964869245654,-128.68121917384022,False
1791466683.153904,6054.606991052628,1.7726728220843033,0.4791230392483099,1.3782349358471317,25.183878614195518,-31.003658983906643,-130.31845851840242,False
1791466683.369369,6054.822456121445,1.798100204420189,0.4300857434526879,1.5245054420089832,25.337602951126236,-27.620964869245654,-128.68121917384022,False
1791466683.481094,6054.93418097496,1.798100204420189,0.4300857434526879,1.5245054420089832,25.337602951126236,-27.620964869245654,-128.68121917384022,False
1791466683.899577,6055.352663993835,1.7979026738692092,0.43157608670299763,1.5246950025295352,28.688474980515892,-28.20300764314407,-131.27848125572956,False
1791466684.296926,6055.750013113022,1.798100204420189,0.4300857434526879,1.5245054420089832,25.337602951126236,-27.620964869245654,-128.68121917384022,False
1791466684.708385,6056.161472082138,1.8010578656433387,0.4271960395337402,1.5332828303381514,21.40330342622906,-27.881540674539444,-128.7714816743963,False
1791466684.84699,6056.300077199936,1.798100204420189,0.4300857434526879,1.5245054420089832,25.337602951126236,-27.620964869245654,-128.68121917384022,True
1791466685.340927,6056.794013977051,1.798100204420189,0.4300857434526879,1.5245054420089832,25.337602951126236,-27.620964869245654,-128.68121917384022,False
1791466685.443172,6056.896259069443,1.798100204420189,0.4300857434526879,1.5245054420089832,25.337602951126236,-27.620964869245654,-128.68121917384022,False
1791466685.770461,6057.223548173904,1.7726728220843033,0.4791230392483099,1.3782349358471317,25.183878614195518,-31.003658983906643,-130.31845851840242,False
1791466686.698001,6058.151087999344,1.798100204420189,0.4300857434526879,1.5245054420089832,25.337602951126236,-27.620964869245654,-128.68121917384022,False
1791466686.898522,6058.351608991623,1.7753754038447833,0.4724635640434387,1.3969952275458346,3.468321329730231,42.93081703839095,-111.6143527395562,True
1791466687.005117,6058.458204030991,1.798100204420189,0.4300857434526879,1.5245054420089832,25.337602951126236,-27.620964869245654,-128.68121917384022,False
1791466687.128283,6058.58137011528,1.798100204420189,0.4300857434526879,1.5245054420089832,25.337602951126236,-27.620964869245654,-128.68121917384022,False
1791466687.404792,6058.857879161835,1.7726728220843033,0.4791230392483099,1.3782349358471317,25.183878614195518,-31.003658983906643,-130.31845851840242,False
1791466690.350245,6061.803332090378,1.667852600727013,0.5859928660862146,0.12266755145084529,16.244465890785612,-12.375821646734837,127.37187349292806,False
1791466691.424533,6062.877619981766,0.7947057515983594,0.7856394310697206,-0.04179369801180988,43.581830530774575,-27.345548428040814,22.33958969457275,False
1791466691.521893,6062.9749801158905,0.6806973300300623,0.7128082021215107,0.16260154232593527,17.594495483993924,-5.021447474662612,26.200126392713123,False
1791466694.001731,6065.45481801033,0.3298219088925718,0.5142955849712747,0.6032955485783438,10.101682118486824,3.8257239184466125,3.4038815181752256,False
1791466694.105812,6065.5588991642,0.3298219088925718,0.5142955849712747,0.6032955485783438,10.101682118486824,3.8257239184466125,3.4038815181752256,False
1791466694.198554,6065.651641130447,0.3298219088925718,0.5142955849712747,0.6032955485783438,10.101682118486824,3.8257239184466125,3.4038815181752256,False
1791466694.311716,6065.764803171158,0.3298219088925718,0.5142955849712747,0.6032955485783438,10.101682118486824,3.8257239184466125,3.4038815181752256,False
1791466694.422997,6065.876084089279,0.3298219088925718,0.5142955849712747,0.6032955485783438,10.101682118486824,3.8257239184466125,3.4038815181752256,True
1791466694.513081,6065.966168165207,0.3298219088925718,0.5142955849712747,0.6032955485783438,10.101682118486824,3.8257239184466125,3.4038815181752256,False
1791466694.62265,6066.075736999512,0.3298219088925718,0.5142955849712747,0.6032955485783438,10.101682118486824,3.8257239184466125,3.4038815181752256,False
1791466694.738277,6066.1913640499115,0.3298219088925718,0.5142955849712747,0.6032955485783438,10.101682118486824,3.8257239184466125,3.4038815181752256,False
1791466694.82424,6066.2773270606995,0.3298219088925718,0.5142955849712747,0.6032955485783438,10.101682118486824,3.8257239184466125,3.4038815181752256,False
1791466694.930305,6066.383392095566,0.3298219088925718,0.5142955849712747,0.6032955485783438,10.101682118486824,3.8257239184466125,3.4038815181752256,False
1791466695.040706,6066.493793010712,0.3298219088925718,0.5142955849712747,0.6032955485783438,10.101682118486824,3.8257239184466125,3.4038815181752256,False
1791466695.130307,6066.583394050598,0.3298219088925718,0.5142955849712747,0.6032955485783438,10.101682118486824,3.8257239184466125,3.4038815181752256,False
1791466695.228843,6066.681930065155,0.3298219088925718,0.5142955849712747,0.6032955485783438,10.101682118486824,3.8257239184466125,3.4038815181752256,False
1791466695.353516,6066.806603193283,0.3298219088925718,0.5142955849712747,0.6032955485783438,10.101682118486824,3.8257239184466125,3.4038815181752256,False
1791466695.536023,6066.989109992981,0.3298219088925718,0.5142955849712747,0.6032955485783438,10.101682118486824,3.8257239184466125,3.4038815181752256,True
1791466695.646667,6067.0997540950775,0.3298219088925718,0.5142955849712747,0.6032955485783438,10.101682118486824,3.8257239184466125,3.4038815181752256,False
1791466695.762068,6067.215155124664,0.3083386841693765,0.4827876199138068,0.6807851332084529,32.24804029507269,-32.26631894896467,-9.08735051812452,False
1791466695.869225,6067.322312116623,0.3298219088925718,0.5142955849712747,0.6032955485783438,10.101682118486824,3.8257239184466125,3.4038815181752256,False
1791466695.999048,6067.45213508606,0.3298219088925718,0.5142955849712747,0.6032955485783438,10.101682118486824,3.8257239184466125,3.4038815181752256,False
1791466696.092198,6067.545284986496,0.3083386841693765,0.4827876199138068,0.6807851332084529,32.24804029507269,-32.26631894896467,-9.08735051812452,False
1791466696.186634,6067.639721155167,0.3298219088925718,0.5142955849712747,0.6032955485783438,10.101682118486824,3.8257239184466125,3.4038815181752256,False
1791466696.316746,6067.769833087921,0.3298219088925718,0.5142955849712747,0.6032955485783438,10.101682118486824,3.8257239184466125,3.4038815181752256,False
1791466696.431319,6067.884406089783,0.3298219088925718,0.5142955849712747,0.6032955485783438,10.101682118486824,3.8257239184466125,3.4038815181752256,False
1791466696.528762,6067.981849193573,0.3298219088925718,0.5142955849712747,0.6032955485783438,10.101682118486824,3.8257239184466125,3.4038815181752256,False
1791466696.650356,6068.103443145752,0.3298219088925718,0.5142955849712747,0.6032955485783438,10.101682118486824,3.8257239184466125,3.4038815181752256,True
1791466696.747771,6068.20085811615,0.3298219088925718,0.5142955849712747,0.6032955485783438,10.101682118486824,3.8257239184466125,3.4038815181752256,False
1791466696.862564,6068.31565117836,0.3083386841693765,0.4827876199138068,0.6807851332084529,32.24804029507269,-32.26631894896467,-9.08735051812452,False
1791466696.944965,6068.398051977158,0.3298219088925718,0.5142955849712747,0.6032955485783438,10.101682118486824,3.8257239184466125,3.4038815181752256,False
1791466697.048726,6068.501813173294,0.3298219088925718,0.5142955849712747,0.6032955485783438,10.101682118486824,3.8257239184466125,3.4038815181752256,False
1791466697.118765,6068.571852207184,0.3298219088925718,0.5142955849712747,0.6032955485783438,10.101682118486824,3.8257239184466125,3.4038815181752256,False
1791466697.250569,6068.703656196594,0.3298219088925718,0.5142955849712747,0.6032955485783438,10.101682118486824,3.8257239184466125,3.4038815181752256,False
1791466697.337108,6068.790194988251,0.3298219088925718,0.5142955849712747,0.6032955485783438,10.101682118486824,3.8257239184466125,3.4038815181752256,False
1791466697.451232,6068.904319047928,0.3298219088925718,0.5142955849712747,0.6032955485783438,10.101682118486824,3.8257239184466125,3.4038815181752256,False
1791466697.544613,6068.997699975967,0.3298219088925718,0.5142955849712747,0.6032955485783438,10.101682118486824,3.8257239184466125,3.4038815181752256,False
1791466697.664472,6069.117559194565,0.3298219088925718,0.5142955849712747,0.6032955485783438,10.101682118486824,3.8257239184466125,3.4038815181752256,True
1791466697.777645,6069.23073220253,0.3298219088925718,0.5142955849712747,0.6032955485783438,10.101682118486824,3.8257239184466125,3.4038815181752256,False
1791466697.859562,6069.312649011612,0.3298219088925718,0.5142955849712747,0.6032955485783438,10.101682118486824,3.8257239184466125,3.4038815181752256,False
1791466697.964895,6069.41798210144,0.3298219088925718,0.5142955849712747,0.6032955485783438,10.101682118486824,3.8257239184466125,3.4038815181752256,False
1791466698.083051,6069.536138057709,0.3298219088925718,0.5142955849712747,0.6032955485783438,10.101682118486824,3.8257239184466125,3.4038815181752256,False
1791466698.173057,6069.626144170761,0.3298219088925718,0.5142955849712747,0.6032955485783438,10.101682118486824,3.8257239184466125,3.4038815181752256,False
1791466698.289658,6069.7427451610565,0.3298219088925718,0.5142955849712747,0.6032955485783438,10.101682118486824,3.8257239184466125,3.4038815181752256,False
1791466698.399921,6069.853008031845,0.3298219088925718,0.5142955849712747,0.6032955485783438,10.101682118486824,3.8257239184466125,3.4038815181752256,False
1791466698.515998,6069.969084978104,0.3298219088925718,0.5142955849712747,0.6032955485783438,10.101682118486824,3.8257239184466125,3.4038815181752256,False
1791466698.623765,6070.076852083206,0.3298219088925718,0.5142955849712747,0.6032955485783438,10.101682118486824,3.8257239184466125,3.4038815181752256,False
1791466698.73814,6070.191227197647,0.3298219088925718,0.5142955849712747,0.6032955485783438,10.101682118486824,3.8257239184466125,3.4038815181752256,True
1791466698.827794,6070.280881166458,0.3298219088925718,0.5142955849712747,0.6032955485783438,10.101682118486824,3.8257239184466125,3.4038815181752256,False
1791466698.953778,6070.406865119934,0.3298219088925718,0.5142955849712747,0.6032955485783438,10.101682118486824,3.8257239184466125,3.4038815181752256,False
1791466699.045104,6070.49819111824,0.3298219088925718,0.5142955849712747,0.6032955485783438,10.101682118486824,3.8257239184466125,3.4038815181752256,False
1791466699.144803,6070.597890138626,0.3298219088925718,0.5142955849712747,0.6032955485783438,10.101682118486824,3.8257239184466125,3.4038815181752256,False
1791466699.251704,6070.704791069031,0.3298219088925718,0.5142955849712747,0.6032955485783438,10.101682118486824,3.8257239184466125,3.4038815181752256,False
1791466699.369412,6070.822499036789,0.3298219088925718,0.5142955849712747,0.6032955485783438,10.101682118486824,3.8257239184466125,3.4038815181752256,False
1791466699.471394,6070.924481153488,0.3298219088925718,0.5142955849712747,0.6032955485783438,10.101682118486824,3.8257239184466125,3.4038815181752256,False
1791466699.582063,6071.035150051117,0.3298219088925718,0.5142955849712747,0.6032955485783438,10.101682118486824,3.8257239184466125,3.4038815181752256,False
1791466699.691533,6071.14462018013,0.3298219088925718,0.5142955849712747,0.6032955485783438,10.101682118486824,3.8257239184466125,3.4038815181752256,False
1791466699.807836,6071.2609231472015,0.3298219088925718,0.5142955849712747,0.6032955485783438,10.101682118486824,3.8257239184466125,3.4038815181752256,True
1791466699.923872,6071.3769590854645,0.3298219088925718,0.5142955849712747,0.6032955485783438,10.101682118486824,3.8257239184466125,3.4038815181752256,False
1791466700.023823,6071.476910114288,0.3298219088925718,0.5142955849712747,0.6032955485783438,10.101682118486824,3.8257239184466125,3.4038815181752256,False
1791466700.135344,6071.588431119919,0.3298219088925718,0.5142955849712747,0.6032955485783438,10.101682118486824,3.8257239184466125,3.4038815181752256,False
1791466700.253747,6071.706834077835,0.3298219088925718,0.5142955849712747,0.6032955485783438,10.101682118486824,3.8257239184466125,3.4038815181752256,False
1791466700.330502,6071.78358912468,0.3298219088925718,0.5142955849712747,0.6032955485783438,10.101682118486824,3.8257239184466125,3.4038815181752256,False
1791466700.397918,6071.851005077362,0.3298219088925718,0.5142955849712747,0.6032955485783438,10.101682118486824,3.8257239184466125,3.4038815181752256,False
1791466700.52373,6071.9768171310425,0.3298219088925718,0.5142955849712747,0.6032955485783438,10.101682118486824,3.8257239184466125,3.4038815181752256,False
1791466700.614042,6072.067129135132,0.3298219088925718,0.5142955849712747,0.6032955485783438,10.101682118486824,3.8257239184466125,3.4038815181752256,False
1791466700.739118,6072.192205190659,0.3298219088925718,0.5142955849712747,0.6032955485783438,10.101682118486824,3.8257239184466125,3.4038815181752256,False
1791466700.854,6072.307087182999,0.3298219088925718,0.5142955849712747,0.6032955485783438,10.101682118486824,3.8257239184466125,3.4038815181752256,True
1791466700.965895,6072.418982028961,0.3298219088925718,0.5142955849712747,0.6032955485783438,10.101682118486824,3.8257239184466125,3.4038815181752256,False
1791466701.076728,6072.529815196991,0.3298219088925718,0.5142955849712747,0.6032955485783438,10.101682118486824,3.8257239184466125,3.4038815181752256,False
1791466701.186603,6072.639690160751,0.3298219088925718,0.5142955849712747,0.6032955485783438,10.101682118486824,3.8257239184466125,3.4038815181752256,False
1791466701.277108,6072.730195045471,0.3298219088925718,0.5142955849712747,0.6032955485783438,10.101682118486824,3.8257239184466125,3.4038815181752256,False
1791466701.392994,6072.846081018448,0.3298219088925718,0.5142955849712747,0.6032955485783438,10.101682118486824,3.8257239184466125,3.4038815181752256,False
1791466701.478939,6072.932026147842,0.3298219088925718,0.5142955849712747,0.6032955485783438,10.101682118486824,3.8257239184466125,3.4038815181752256,False
1791466701.57243,6073.025516986847,0.3298219088925718,0.5142955849712747,0.6032955485783438,10.101682118486824,3.8257239184466125,3.4038815181752256,False
1791466701.706904,6073.159991025925,0.3298219088925718,0.5142955849712747,0.6032955485783438,10.101682118486824,3.8257239184466125,3.4038815181752256,False
1791466701.815645,6073.268732070923,0.3298219088925718,0.5142955849712747,0.6032955485783438,10.101682118486824,3.8257239184466125,3.4038815181752256,False
1791466701.902536,6073.355623006821,0.3298219088925718,0.5142955849712747,0.6032955485783438,10.101682118486824,3.8257239184466125,3.4038815181752256,True
1791466702.019635,6073.472722053528,0.3298219088925718,0.5142955849712747,0.6032955485783438,10.101682118486824,3.8257239184466125,3.4038815181752256,False
1791466702.132899,6073.58598613739,0.3298219088925718,0.5142955849712747,0.6032955485783438,10.101682118486824,3.8257239184466125,3.4038815181752256,False
1791466702.243548,6073.696635007858,0.3298219088925718,0.5142955849712747,0.6032955485783438,10.101682118486824,3.8257239184466125,3.4038815181752256,False
1791466702.345186,6073.798273086548,0.3298219088925718,0.5142955849712747,0.6032955485783438,10.101682118486824,3.8257239184466125,3.4038815181752256,False
1791466702.453891,6073.906978130341,0.3298219088925718,0.5142955849712747,0.6032955485783438,10.101682118486824,3.8257239184466125,3.4038815181752256,False
1791466702.570909,6074.023996114731,0.3298219088925718,0.5142955849712747,0.6032955485783438,10.101682118486824,3.8257239184466125,3.4038815181752256,False
1791466702.660461,6074.11354804039,0.3298219088925718,0.5142955849712747,0.6032955485783438,10.101682118486824,3.8257239184466125,3.4038815181752256,False
1791466702.76494,6074.218027114868,0.3298219088925718,0.5142955849712747,0.6032955485783438,10.101682118486824,3.8257239184466125,3.4038815181752256,False
1791466702.900841,6074.353928089142,0.3298219088925718,0.5142955849712747,0.6032955485783438,10.101682118486824,3.8257239184466125,3.4038815181752256,False
1791466702.996588,6074.44967508316,0.3298219088925718,0.5142955849712747,0.6032955485783438,10.101682118486824,3.8257239184466125,3.4038815181752256,True
1791466703.116011,6074.569097995758,0.3298219088925718,0.5142955849712747,0.6032955485783438,10.101682118486824,3.8257239184466125,3.4038815181752256,False
1791466703.222267,6074.675354003906,0.3298219088925718,0.5142955849712747,0.6032955485783438,10.101682118486824,3.8257239184466125,3.4038815181752256,False
1791466703.31299,6074.766077041626,0.3298219088925718,0.5142955849712747,0.6032955485783438,10.101682118486824,3.8257239184466125,3.4038815181752256,False
1791466703.419114,6074.8722012043,0.3298219088925718,0.5142955849712747,0.6032955485783438,10.101682118486824,3.8257239184466125,3.4038815181752256,False
1791466703.516815,6074.969902038574,0.3298219088925718,0.5142955849712747,0.6032955485783438,10.101682118486824,3.8257239184466125,3.4038815181752256,False
1791466703.640319,6075.093406200409,0.3298219088925718,0.5142955849712747,0.6032955485783438,10.101682118486824,3.8257239184466125,3.4038815181752256,False
1791466703.742143,6075.195230007172,0.3298219088925718,0.5142955849712747,0.6032955485783438,10.101682118486824,3.8257239184466125,3.4038815181752256,False
1791466703.852539,6075.305626153946,0.3298219088925718,0.5142955849712747,0.6032955485783438,10.101682118486824,3.8257239184466125,3.4038815181752256,False
1791466703.936458,6075.389545202255,0.3298219088925718,0.5142955849712747,0.6032955485783438,10.101682118486824,3.8257239184466125,3.4038815181752256,False
1791466704.039141,6075.492228031158,0.3298219088925718,0.5142955849712747,0.6032955485783438,10.101682118486824,3.8257239184466125,3.4038815181752256,True
1791466704.147572,6075.600659132004,0.3298219088925718,0.5142955849712747,0.6032955485783438,10.101682118486824,3.8257239184466125,3.4038815181752256,False
1791466704.25919,6075.712277173996,0.3298219088925718,0.5142955849712747,0.6032955485783438,10.101682118486824,3.8257239184466125,3.4038815181752256,False
1791466704.375521,6075.828608036041,0.3298219088925718,0.5142955849712747,0.6032955485783438,10.101682118486824,3.8257239184466125,3.4038815181752256,False
1791466704.486249,6075.939336061478,0.3298219088925718,0.5142955849712747,0.6032955485783438,10.101682118486824,3.8257239184466125,3.4038815181752256,False
1791466704.578097,6076.031184196472,0.3298219088925718,0.5142955849712747,0.6032955485783438,10.101682118486824,3.8257239184466125,3.4038815181752256,False
1791466704.677812,6076.130899190903,0.3298219088925718,0.5142955849712747,0.6032955485783438,10.101682118486824,3.8257239184466125,3.4038815181752256,False
1791466704.794115,6076.247202157974,0.3298219088925718,0.5142955849712747,0.6032955485783438,10.101682118486824,3.8257239184466125,3.4038815181752256,False
1791466704.90816,6076.361247062683,0.3298219088925718,0.5142955849712747,0.6032955485783438,10.101682118486824,3.8257239184466125,3.4038815181752256,False
1791466705.019303,6076.472390174866,0.3298219088925718,0.5142955849712747,0.6032955485783438,10.101682118486824,3.8257239184466125,3.4038815181752256,False
1791466705.132331,6076.585417985916,0.3298219088925718,0.5142955849712747,0.6032955485783438,10.101682118486824,3.8257239184466125,3.4038815181752256,True
1791466705.238339,6076.691426038742,0.3298219088925718,0.5142955849712747,0.6032955485783438,10.101682118486824,3.8257239184466125,3.4038815181752256,False
1791466705.354061,6076.807147979736,0.3083386841693765,0.4827876199138068,0.6807851332084529,32.24804029507269,-32.26631894896467,-9.08735051812452,False
1791466705.46245,6076.915537118912,0.3298219088925718,0.5142955849712747,0.6032955485783438,10.101682118486824,3.8257239184466125,3.4038815181752256,False
1791466705.560103,6077.013190031052,0.3298219088925718,0.5142955849712747,0.6032955485783438,10.101682118486824,3.8257239184466125,3.4038815181752256,False
1791466705.668405,6077.121492147446,0.3298219088925718,0.5142955849712747,0.6032955485783438,10.101682118486824,3.8257239184466125,3.4038815181752256,False
1791466705.7919,6077.244987010956,0.3298219088925718,0.5142955849712747,0.6032955485783438,10.101682118486824,3.8257239184466125,3.4038815181752256,False
1791466705.878489,6077.3315761089325,0.3298219088925718,0.5142955849712747,0.6032955485783438,10.101682118486824,3.8257239184466125,3.4038815181752256,False
1791466705.996315,6077.449402093887,0.3298219088925718,0.5142955849712747,0.6032955485783438,10.101682118486824,3.8257239184466125,3.4038815181752256,False
1791466706.09463,6077.547717094421,0.3298219088925718,0.5142955849712747,0.6032955485783438,10.101682118486824,3.8257239184466125,3.4038815181752256,False
1791466706.198748,6077.651835203171,0.3298219088925718,0.5142955849712747,0.6032955485783438,10.101682118486824,3.8257239184466125,3.4038815181752256,True
1791466706.319944,6077.773030996323,0.3298219088925718,0.5142955849712747,0.6032955485783438,10.101682118486824,3.8257239184466125,3.4038815181752256,False
1791466706.42026,6077.873347043991,0.3298219088925718,0.5142955849712747,0.6032955485783438,10.101682118486824,3.8257239184466125,3.4038815181752256,False
1791466706.526618,6077.979705095291,0.3298219088925718,0.5142955849712747,0.6032955485783438,10.101682118486824,3.8257239184466125,3.4038815181752256,False
1791466706.646378,6078.09946513176,0.3298219088925718,0.5142955849712747,0.6032955485783438,10.101682118486824,3.8257239184466125,3.4038815181752256,False
1791466706.749188,6078.2022750377655,0.3298219088925718,0.5142955849712747,0.6032955485783438,10.101682118486824,3.8257239184466125,3.4038815181752256,False
1791466706.85312,6078.306207180023,0.3298219088925718,0.5142955849712747,0.6032955485783438,10.101682118486824,3.8257239184466125,3.4038815181752256,False
1791466706.972469,6078.425556182861,0.3298219088925718,0.5142955849712747,0.6032955485783438,10.101682118486824,3.8257239184466125,3.4038815181752256,False
1791466707.083057,6078.536144018173,0.3298219088925718,0.5142955849712747,0.6032955485783438,10.101682118486824,3.8257239184466125,3.4038815181752256,False
1791466707.194549,6078.647636175156,0.3298219088925718,0.5142955849712747,0.6032955485783438,10.101682118486824,3.8257239184466125,3.4038815181752256,False
1791466707.298972,6078.752058982849,0.3298219088925718,0.5142955849712747,0.6032955485783438,10.101682118486824,3.8257239184466125,3.4038815181752256,True
1791466707.421155,6078.874242067337,0.3298219088925718,0.5142955849712747,0.6032955485783438,10.101682118486824,3.8257239184466125,3.4038815181752256,False
1791466707.51192,6078.965007066727,0.3298219088925718,0.5142955849712747,0.6032955485783438,10.101682118486824,3.8257239184466125,3.4038815181752256,False
1791466707.64172,6079.09480714798,0.3298219088925718,0.5142955849712747,0.6032955485783438,10.101682118486824,3.8257239184466125,3.4038815181752256,False
1791466707.756243,6079.20933008194,0.3298219088925718,0.5142955849712747,0.6032955485783438,10.101682118486824,3.8257239184466125,3.4038815181752256,False
1791466707.869644,6079.322731018066,0.3298219088925718,0.5142955849712747,0.6032955485783438,10.101682118486824,3.8257239184466125,3.4038815181752256,False
1791466707.968188,6079.421275138855,0.3298219088925718,0.5142955849712747,0.6032955485783438,10.101682118486824,3.8257239184466125,3.4038815181752256,False
1791466708.082052,6079.535139083862,0.3298219088925718,0.5142955849712747,0.6032955485783438,10.101682118486824,3.8257239184466125,3.4038815181752256,False
1791466708.16938,6079.622467041016,0.3298219088925718,0.5142955849712747,0.6032955485783438,10.101682118486824,3.8257239184466125,3.4038815181752256,False
1791466708.270153,6079.7232401371,0.3298219088925718,0.5142955849712747,0.6032955485783438,10.101682118486824,3.8257239184466125,3.4038815181752256,False
1791466708.391627,6079.844714164734,0.3298219088925718,0.5142955849712747,0.6032955485783438,10.101682118486824,3.8257239184466125,3.4038815181752256,True
1791466708.483027,6079.9361140728,0.3298219088925718,0.5142955849712747,0.6032955485783438,10.101682118486824,3.8257239184466125,3.4038815181752256,False
1791466708.601715,6080.054802179337,0.3298219088925718,0.5142955849712747,0.6032955485783438,10.101682118486824,3.8257239184466125,3.4038815181752256,False
1791466708.71028,6080.163367033005,0.3298219088925718,0.5142955849712747,0.6032955485783438,10.101682118486824,3.8257239184466125,3.4038815181752256,False
1791466708.815839,6080.268926143646,0.3298219088925718,0.5142955849712747,0.6032955485783438,10.101682118486824,3.8257239184466125,3.4038815181752256,False
1791466708.916931,6080.370018005371,0.3298219088925718,0.5142955849712747,0.6032955485783438,10.101682118486824,3.8257239184466125,3.4038815181752256,False
1791466709.010834,6080.463921070099,0.3298219088925718,0.5142955849712747,0.6032955485783438,10.101682118486824,3.8257239184466125,3.4038815181752256,False
1791466709.132986,6080.5860731601715,0.3298219088925718,0.5142955849712747,0.6032955485783438,10.101682118486824,3.8257239184466125,3.4038815181752256,False
1791466709.241088,6080.694175004959,0.3298219088925718,0.5142955849712747,0.6032955485783438,10.101682118486824,3.8257239184466125,3.4038815181752256,False
1791466709.342287,6080.795374155045,0.3298219088925718,0.5142955849712747,0.6032955485783438,10.101682118486824,3.8257239184466125,3.4038815181752256,False
1791466709.455072,6080.908159017563,0.3298219088925718,0.5142955849712747,0.6032955485783438,10.101682118486824,3.8257239184466125,3.4038815181752256,True
1791466709.548273,6081.001360177994,0.3298219088925718,0.5142955849712747,0.6032955485783438,10.101682118486824,3.8257239184466125,3.4038815181752256,False
1791466709.652344,6081.1054310798645,0.3298219088925718,0.5142955849712747,0.6032955485783438,10.101682118486824,3.8257239184466125,3.4038815181752256,False
1791466709.743733,6081.196820020676,0.3298219088925718,0.5142955849712747,0.6032955485783438,10.101682118486824,3.8257239184466125,3.4038815181752256,False
1791466709.855252,6081.3083391189575,0.3298219088925718,0.5142955849712747,0.6032955485783438,10.101682118486824,3.8257239184466125,3.4038815181752256,False
1791466709.942581,6081.395668029785,0.3298219088925718,0.5142955849712747,0.6032955485783438,10.101682118486824,3.8257239184466125,3.4038815181752256,False
1791466710.06314,6081.516227006912,0.3298219088925718,0.5142955849712747,0.6032955485783438,10.101682118486824,3.8257239184466125,3.4038815181752256,False
1791466710.175005,6081.628092050552,0.3298219088925718,0.5142955849712747,0.6032955485783438,10.101682118486824,3.8257239184466125,3.4038815181752256,False
1791466710.270111,6081.72319817543,0.3298219088925718,0.5142955849712747,0.6032955485783438,10.101682118486824,3.8257239184466125,3.4038815181752256,False
1791466710.376696,6081.829783201218,0.3298219088925718,0.5142955849712747,0.6032955485783438,10.101682118486824,3.8257239184466125,3.4038815181752256,False
1791466710.467183,6081.920270204544,0.3298219088925718,0.5142955849712747,0.6032955485783438,10.101682118486824,3.8257239184466125,3.4038815181752256,True
1791466710.585285,6082.038372039795,0.3298219088925718,0.5142955849712747,0.6032955485783438,10.101682118486824,3.8257239184466125,3.4038815181752256,False
1791466710.717124,6082.170211076736,0.3298219088925718,0.5142955849712747,0.6032955485783438,10.101682118486824,3.8257239184466125,3.4038815181752256,False
1791466710.864218,6082.317305088043,0.3298219088925718,0.5142955849712747,0.6032955485783438,10.101682118486824,3.8257239184466125,3.4038815181752256,False
1791466710.976137,6082.429224014282,0.3298219088925718,0.5142955849712747,0.6032955485783438,10.101682118486824,3.8257239184466125,3.4038815181752256,False
1791466711.082943,6082.536030054092,0.3298219088925718,0.5142955849712747,0.6032955485783438,10.101682118486824,3.8257239184466125,3.4038815181752256,False
1791466711.191362,6082.64444899559,0.3298219088925718,0.5142955849712747,0.6032955485783438,10.101682118486824,3.8257239184466125,3.4038815181752256,False
1791466711.318603,6082.771690130234,0.3298219088925718,0.5142955849712747,0.6032955485783438,10.101682118486824,3.8257239184466125,3.4038815181752256,False
1791466711.416919,6082.870006084442,0.3298219088925718,0.5142955849712747,0.6032955485783438,10.101682118486824,3.8257239184466125,3.4038815181752256,False
1791466711.527264,6082.9803512096405,0.3298219088925718,0.5142955849712747,0.6032955485783438,10.101682118486824,3.8257239184466125,3.4038815181752256,True
1791466711.609574,6083.0626611709595,0.3298219088925718,0.5142955849712747,0.6032955485783438,10.101682118486824,3.8257239184466125,3.4038815181752256,False
1791466711.704501,6083.157588005066,0.3298219088925718,0.5142955849712747,0.6032955485783438,10.101682118486824,3.8257239184466125,3.4038815181752256,False
1791466711.84798,6083.301067113876,0.3298219088925718,0.5142955849712747,0.6032955485783438,10.101682118486824,3.8257239184466125,3.4038815181752256,False
1791466711.96417,6083.417257070541,0.3298219088925718,0.5142955849712747,0.6032955485783438,10.101682118486824,3.8257239184466125,3.4038815181752256,False
1791466712.091127,6083.544214010239,0.3298219088925718,0.5142955849712747,0.6032955485783438,10.101682118486824,3.8257239184466125,3.4038815181752256,False
1791466712.2036,6083.6566870212555,0.3298219088925718,0.5142955849712747,0.6032955485783438,10.101682118486824,3.8257239184466125,3.4038815181752256,False
1791466712.29797,6083.75105714798,0.3298219088925718,0.5142955849712747,0.6032955485783438,10.101682118486824,3.8257239184466125,3.4038815181752256,False
1791466712.384218,6083.83730506897,0.3298219088925718,0.5142955849712747,0.6032955485783438,10.101682118486824,3.8257239184466125,3.4038815181752256,False
1791466712.501823,6083.954910039902,0.3298219088925718,0.5142955849712747,0.6032955485783438,10.101682118486824,3.8257239184466125,3.4038815181752256,False
1791466712.588799,6084.041886091232,0.3298219088925718,0.5142955849712747,0.6032955485783438,10.101682118486824,3.8257239184466125,3.4038815181752256,True
1791466712.689962,6084.143049001694,0.3298219088925718,0.5142955849712747,0.6032955485783438,10.101682118486824,3.8257239184466125,3.4038815181752256,False
1791466712.791279,6084.244366168976,0.3298219088925718,0.5142955849712747,0.6032955485783438,10.101682118486824,3.8257239184466125,3.4038815181752256,False
1791466712.901604,6084.354691028595,0.3298219088925718,0.5142955849712747,0.6032955485783438,10.101682118486824,3.8257239184466125,3.4038815181752256,False
1791466713.005019,6084.458106040955,0.3298219088925718,0.5142955849712747,0.6032955485783438,10.101682118486824,3.8257239184466125,3.4038815181752256,False
1791466713.126165,6084.579252004623,0.3298219088925718,0.5142955849712747,0.6032955485783438,10.101682118486824,3.8257239184466125,3.4038815181752256,False
1791466713.222119,6084.675206184387,0.3083386841693765,0.4827876199138068,0.6807851332084529,32.24804029507269,-32.26631894896467,-9.08735051812452,False
1791466713.325526,6084.778613090515,0.3298219088925718,0.5142955849712747,0.6032955485783438,10.101682118486824,3.8257239184466125,3.4038815181752256,False
1791466713.413371,6084.8664581775665,0.3298219088925718,0.5142955849712747,0.6032955485783438,10.101682118486824,3.8257239184466125,3.4038815181752256,False
1791466713.524106,6084.977193117142,0.3298219088925718,0.5142955849712747,0.6032955485783438,10.101682118486824,3.8257239184466125,3.4038815181752256,False
1791466713.621371,6085.074458122253,0.3298219088925718,0.5142955849712747,0.6032955485783438,10.101682118486824,3.8257239184466125,3.4038815181752256,True
1791466713.737204,6085.1902911663055,0.3298219088925718,0.5142955849712747,0.6032955485783438,10.101682118486824,3.8257239184466125,3.4038815181752256,False
1791466713.84582,6085.29890704155,0.3298219088925718,0.5142955849712747,0.6032955485783438,10.101682118486824,3.8257239184466125,3.4038815181752256,False
1791466713.931013,6085.384100198746,0.3298219088925718,0.5142955849712747,0.6032955485783438,10.101682118486824,3.8257239184466125,3.4038815181752256,False
1791466714.050823,6085.503910064697,0.3298219088925718,0.5142955849712747,0.6032955485783438,10.101682118486824,3.8257239184466125,3.4038815181752256,False
1791466714.147182,6085.600269079208,0.3298219088925718,0.5142955849712747,0.6032955485783438,10.101682118486824,3.8257239184466125,3.4038815181752256,False
1791466714.245369,6085.698456048965,0.3298219088925718,0.5142955849712747,0.6032955485783438,10.101682118486824,3.8257239184466125,3.4038815181752256,False
1791466714.340899,6085.793986082077,0.3298219088925718,0.5142955849712747,0.6032955485783438,10.101682118486824,3.8257239184466125,3.4038815181752256,False
1791466714.443664,6085.89675116539,0.3298219088925718,0.5142955849712747,0.6032955485783438,10.101682118486824,3.8257239184466125,3.4038815181752256,False
1791466714.537087,6085.9901740550995,0.3298219088925718,0.5142955849712747,0.6032955485783438,10.101682118486824,3.8257239184466125,3.4038815181752256,False
1791466714.637457,6086.090543985367,0.3298219088925718,0.5142955849712747,0.6032955485783438,10.101682118486824,3.8257239184466125,3.4038815181752256,True
1791466714.736807,6086.189894199371,0.3383666173044194,0.513202156722868,0.6060904697216802,10.18732214563887,3.983924916582122,3.5077701295680597,False
1791466714.822887,6086.275974035263,0.34153151074627053,0.5078673297699727,0.6157012689981776,5.610010321165512,-1.3217011945977373,0.08334509320830777,False
1791466714.921689,6086.374776124954,0.3500144195138457,0.5066391964769577,0.618838414904066,5.698303275952694,-1.2068454179905257,0.17342608766170964,False
1791466715.025784,6086.478871107101,0.3717723147764389,0.5152624103469778,0.5937033682856181,15.220479096081663,5.8969667418012035,3.0641957051325712,False
1791466715.133383,6086.586470127106,0.35765641036985707,0.4676540153270057,0.6992591056411483,11.858114939542975,-0.978075686429028,0.4364729248650656,False
1791466715.266722,6086.719809055328,0.38726874587452476,0.49964753136814344,0.6221634713666959,11.045363377093011,4.900421253588104,1.4741380440130358,False
1791466715.372605,6086.825692176819,0.3957841711388801,0.4952473815972098,0.629778345708722,6.300858121866386,-0.41583548664035536,-1.9878949383888143,False
1791466715.49057,6086.943657159805,0.40863715889254704,0.49361659658868406,0.6341436896913053,6.425585842836182,-0.2397424189259538,-1.853382811051546,False
1791466715.581043,6087.034130096436,0.415371915496195,0.4919405207791028,0.6363614060676985,31.894079000373775,-30.36243053368225,-12.163999397231501,False
1791466715.684507,6087.137593984604,0.4304580172824034,0.4952494651536987,0.6265717052956759,39.12677859106046,-24.71896228570399,-8.862237863441539,True
1791466715.771407,6087.224493980408,0.43473683862131707,0.4947298362505663,0.6279924439959657,39.10165590018892,-24.56942812602602,-8.78112609365689,False
1791466715.861917,6087.315004110336,0.4200579957727165,0.4562437937867416,0.7174614566978801,31.38906105972416,-29.145811988457588,-10.174346776578748,False
1791466715.983105,6087.436192035675,0.4245063145509438,0.4557769254335471,0.718776353245405,31.347487768742504,-29.031288499788577,-10.110554108823147,False
1791466716.071665,6087.524752140045,0.4507546060680543,0.49206259478952696,0.6370133687369521,11.406933010922954,5.9758135402452455,4.857912711825202,False
1791466716.18244,6087.635527133942,0.4699298965058274,0.5143580944123396,0.5853925475197008,7.25075736144528,0.34306719702581506,2.6626159489456094,False
1791466716.283464,6087.7365510463715,0.4741581022223771,0.5138898142261936,0.5867198213353806,7.292074701525518,0.4028974406254252,2.7073053024818843,False
1791466716.388564,6087.841651201248,0.4669795661112046,0.4934518984690126,0.6384420737221164,38.747031725861554,-23.015131955780298,-5.263126963565603,False
1791466716.506294,6087.959381103516,0.4541763290535582,0.4565824604384465,0.7244255040327832,31.039255061120933,-28.318536403632727,-6.969691251587929,False
1791466716.619475,6088.072561979294,0.47589626761151216,0.4865113428247245,0.6552563491304082,37.16692294403206,-29.095003285755418,-7.514379520398518,False
1791466716.706623,6088.1597101688385,0.4820584113266979,0.48536931031289243,0.6572770573899134,7.07086510088328,0.20675941506660572,4.13911260019756,True
1791466716.807365,6088.260452032089,0.4889052445587141,0.4851512950949852,0.6592156276171437,37.0994582713345,-28.701526708315406,-7.2997342533398015,False
1791466716.91174,6088.364827156067,0.4938500815253444,0.4873891618304651,0.6563522405662483,13.802157210215135,1.5706938143222204,5.989170581411614,False
1791466717.01406,6088.467147111893,0.5050262480714711,0.49464966787831854,0.6436392008573213,38.321099805079584,-21.303000047611484,-1.6736274514223481,False
1791466717.114326,6088.56741309166,0.5136651312518657,0.49379906331140466,0.6461897191044041,38.26739565062026,-20.999932732265215,-1.5103914636852829,False
1791466717.212229,6088.665316104889,0.5032220218515515,0.45895399548768867,0.7277632504692932,30.561718869450175,-27.165343153302555,-3.594366137745388,False
1791466717.294714,6088.747801065445,0.5277704484954999,0.48777174363706277,0.6613393909018455,36.89852848575637,-27.2505571779058,-3.833159937878212,False
1791466717.378814,6088.831901073456,0.5461756813505193,0.5143018175891234,0.6043625896593321,2.8935148507229855,5.320130638128711,6.504657111335261,False
1791466717.477283,6088.930370092392,0.5595069694979674,0.5162371742199436,0.6016364384629385,30.249582436267044,-26.465031860370985,-3.431859609996381,False
1791466717.577966,6089.031053066254,0.555654126671822,0.49144169447477615,0.666321785795974,35.90654498447572,-32.642162047818395,-5.62623460722491,False
1791466717.672546,6089.1256330013275,0.5816823658185638,0.5155381466009159,0.6069840597241147,7.241970845345772,6.427456979763406,8.233971541665,False
1791466717.794113,6089.247200012207,0.5613597521252269,0.4590996593806589,0.7435707313911446,29.935412312511936,-25.790615737108343,-2.7894060392854705,True
1791466717.913371,6089.3664581775665,0.5886320122568566,0.4869112598705614,0.6796217489770275,36.47776619636273,-25.45115200129947,-2.8215566322172987,False
1791466718.0101,6089.463186979294,0.5845237208731421,0.4566773916652651,0.7506116498842856,14.194677049475668,-7.701415981760033,4.227942263595233,False
1791466718.092015,6089.545102119446,0.6134639518849108,0.48968003079719113,0.6750740958973731,37.5332597684849,-17.55829555324357,0.3593311845300108,False
1791466718.231518,6089.684605121613,0.6064728526646448,0.45634384301570274,0.7537694309715466,29.511160411575634,-24.706787981905098,-2.1799141194125595,False
1791466718.362755,6089.815842151642,0.6205604735384762,0.465074790718512,0.740194412626491,29.365866292340193,-24.465197315579797,0.6624267779671706,False
1791466718.4685,6089.921586990356,0.639537938627653,0.4999856595468599,0.6703873451705356,35.67757445306334,-30.179814172729547,-1.601576959279235,False
1791466718.577522,6090.030609130859,0.6442996587673595,0.48047650457057967,0.723516259727726,29.05611434969718,-24.072281653862262,3.5884442966232477,False
1791466718.68359,6090.136677026749,0.641223666715917,0.42965755041049936,0.8644613034135928,22.694450498921476,-8.597325766635972,13.856039677287175,False
1791466718.774535,6090.2276220321655,0.6770299100999444,0.49166887123319847,0.7326185065262272,18.995250971080377,10.292552368289059,23.551091327165974,False
1791466718.875819,6090.328906059265,0.6931225687924358,0.47526002376532284,0.8058554963051487,27.905597868446527,-23.930922855443637,14.247838709076225,True
1791466718.982571,6090.435657978058,0.721585562719378,0.5206094693917411,0.7242181620820491,14.039606065510227,13.951664848525844,29.24779257424033,False
1791466719.081377,6090.534464120865,0.7198663892975246,0.4903267932056681,0.8125005308323869,24.935085617540675,2.219144997893193,28.604942476229592,False
1791466719.168612,6090.621699094772,0.7198620033870773,0.4701849731407013,0.8819145173773473,9.25769523276989,2.08675517866452,29.754508995426107,False
1791466719.277564,6090.730651140213,0.7397848587977585,0.4999393117857991,0.8294568074841115,32.967926666642306,-8.048863233105923,28.476133128613526,False
1791466719.379786,6090.832873106003,0.7604207646745552,0.5445922928933025,0.7407188039107475,31.008818083015136,-27.703361693714232,21.80836019256958,False
1791466719.490246,6090.943333148956,0.7642777902615723,0.5421975921062254,0.7689172274901463,10.017040719348177,10.778736946459086,37.847403274803405,False
1791466719.578596,6091.031683206558,0.7638618873180159,0.5206401213896892,0.8412174991154737,23.313341192803676,-28.19287459155767,25.641611264132795,False
1791466719.671686,6091.124773025513,0.7625896560233132,0.49152311800791004,0.9473404669747514,31.020365504410474,-4.697639771434598,37.71219191331038,False
1791466719.767004,6091.220091104507,0.782670027622771,0.5339359629557554,0.8720218651059821,11.163896088584915,15.406748235303898,47.05793306494725,False
1791466719.894454,6091.347541093826,0.7913859778442079,0.5432025073268971,0.8758050231640513,11.028219283364427,15.628650610177813,47.117140362495206,True
1791466719.999348,6091.452435016632,0.7927826752799578,0.5221498843955128,0.9821315516879414,30.251430598786957,-14.727099464887484,46.4612334546252,False
1791466720.093187,6091.546274185181,0.8061278284426655,0.551477963547587,0.932858810414066,34.39391261128347,-20.134421299815134,44.659416915614116,False
1791466720.192332,6091.645419120789,0.8179903913934974,0.5843421953084034,0.8787350617925251,9.297121758617807,15.619517744681632,58.8549889062412,False
1791466720.284159,6091.7372460365295,0.8253044082012846,0.5946865632606715,0.893908778659783,18.792337586068374,16.717206659279242,62.92398402691411,False
1791466720.380101,6091.833188056946,0.8296412023553387,0.5908468827577977,0.9455779169066032,30.27395976626471,-24.236416060240618,49.64090362016043,False
1791466720.479554,6091.932641029358,0.8310228799742956,0.5920371108845168,0.9758281357447096,33.106303649742934,-17.92267412169285,56.23968112157797,False
1791466720.574356,6092.0274431705475,0.84412800192822,0.6276054808059568,0.9265897214078072,13.333366021685924,10.305918195692213,67.02243526464393,False
1791466720.67004,6092.123126983643,0.8453123869095637,0.6324046533999119,0.9509257400755322,29.60213827208182,-23.700808731656824,58.416936678977336,False
1791466720.764095,6092.217182159424,0.8549897490331158,0.6662270151441969,0.9240527707803357,28.61904810603654,-23.393607282676157,60.66717231752623,False
1791466720.865106,6092.31819319725,0.8596546643552536,0.678474260701569,0.9303350442390896,35.996809377369836,-20.594263576236386,62.1513085520253,False
1791466720.984141,6092.43722820282,0.8620560986435415,0.6887161299599203,0.9450963685305962,5.9652901337278585,10.985118417732206,75.94702562243383,True
1791466721.080203,6092.533290147781,0.8681346352116919,0.708052339771337,0.950222843376126,28.231487636250602,-23.07361848216888,65.46696358757997,False
1791466721.168788,6092.621875047684,0.8654208170747307,0.7039334810853697,1.0037216902338746,28.130469862222753,-22.853859226235723,68.30757749258689,False
1791466721.270888,6092.72397518158,0.8648416141967307,0.7100126901796349,1.042784670384823,29.016118559136316,-15.309651184532713,73.51107049683253,False
1791466721.375639,6092.828726053238,0.8747932244061262,0.7502327030880471,0.9587073986592847,27.183823584496047,-28.194040665894896,68.7388443418291,False
1791466721.475691,6092.928778171539,0.8745897264357178,0.7562475563634232,0.9940834355716066,32.0134772853845,-23.728392155541393,71.12979199158406,False
1791466721.57499,6093.028077125549,0.87467830155164,0.7683932094198662,0.9871438046601977,20.747569366647383,-23.11838905183694,74.92127142749383,False
1791466721.666467,6093.119554042816,0.8799642277502914,0.7970503913734408,0.94207938933988,26.404776313516223,-28.039717825594302,73.59857004397674,False
1791466721.757802,6093.210889101028,0.8775851079491175,0.80527583872064,0.9745678790503223,26.26624109607409,-22.488452236554455,77.95561342158932,False
1791466721.87223,6093.325317144394,0.8786141811303044,0.8165307580546595,0.9706736638548361,26.141287449739263,-28.013716460147258,76.57694102552179,False
1791466721.979352,6093.432439088821,0.876866625931638,0.81997215439122,0.9991430177853751,30.994774230752018,-23.025495391810512,79.0883501977752,False
1791466722.08705,6093.540137052536,0.8726090910418235,0.8235014183705909,1.0551457811907485,19.554886730236106,-24.024900465769505,83.55152296009328,True
1791466722.193015,6093.646102190018,0.8737935999674129,0.844665560440143,1.0142395046297277,3.8804255681107676,11.461863710574272,92.82984378932365,False
1791466722.303434,6093.756520986557,0.8651870152786789,0.8384741087521819,1.1000404572660192,24.653566110159094,-22.802650884598517,85.33273170641712,False
1791466722.39465,6093.847737073898,0.8608042489578579,0.8427104205764526,1.1182678531678758,30.10978425522732,-21.96947204974439,86.99968839656002,False
1791466722.515755,6093.9688420295715,0.8579244341571436,0.8563096363926657,1.1158082723375453,29.824938361864696,-21.559695142372032,90.16822875598338,False
1791466722.601058,6094.0541450977325,0.8589290280464017,0.8758970436180789,1.0951471620774558,23.901054298902153,-22.81009869120607,91.3418734655911,False
1791466722.731157,6094.184244155884,0.8625740066976229,0.905857326698285,1.0175285633367626,29.517967801898237,-27.033033030847772,90.26619343687231,False
1791466722.83169,6094.284777164459,0.8576396443472134,0.9143799044934835,1.0279457380501165,21.1364685664841,-29.90349402788552,91.05135146858716,False
1791466722.931631,6094.384718179703,0.8489744249139974,0.9110256178556615,1.0930881947034128,29.550077570894395,-26.920989946816952,92.00373185288632,False
1791466723.047763,6094.500850200653,0.8476886168558293,0.9197155075958645,1.0889973028490632,28.40966050487926,-21.273181726422386,96.41464922679084,False
1791466723.146566,6094.5996530056,0.8463780571207551,0.9383440317650638,1.06958599245722,20.788598869000854,-30.52641206717855,95.59660230679539,True
1791466723.249061,6094.702148199081,0.8355427308405209,0.9352179945350227,1.1309992308174404,24.619492841137046,-28.450147718931213,94.88057191057324,False
1791466723.346898,6094.799985170364,0.8386534302428269,0.958981255311504,1.0720122060554638,-4.210323085023603,13.960609163101962,104.6286792091446,False
1791466723.430609,6094.883696079254,0.8358827376838207,0.9745135041494093,1.072523529271502,28.459914481133374,-27.203857823354614,95.20205563985526,False
1791466723.51449,6094.967576980591,0.8293017335453614,0.9812599015674646,1.098578095760582,24.011964791095256,-28.69303873677905,97.94949881796624,False
1791466723.639954,6095.093041181564,0.8219655335792243,0.9768403790989886,1.1591477949022413,27.29264893438358,-22.3969375774865,98.07451872889433,False
1791466723.735867,6095.188954114914,0.8227903395717704,0.9975125836809042,1.12996468913948,23.550964324123516,-29.36607716231769,95.02926314169139,False
1791466723.843085,6095.296172142029,0.8072954079674508,0.973710368575623,1.2767569390267997,26.65005243532198,-16.238222805360973,98.28672939087664,False
1791466723.95115,6095.404237031937,0.8153961716756186,1.0078783925765873,1.160145537160075,26.61371429342841,-22.94348277758514,98.07845974760473,False
1791466724.057982,6095.511069059372,0.8128763856336697,1.0194557861599793,1.1671804248258568,27.227787765209765,-28.709738741459738,93.95910969290968,False
1791466724.150509,6095.60359621048,0.8126524776711515,1.028836459604189,1.153040480897904,21.20918910918842,-25.18382198022332,96.03678785215052,True
1791466724.247325,6095.700412034988,0.8013697758690923,1.0235203335812908,1.2499357103326845,20.889917288148688,-25.86971618099246,94.71138884510948,False
1791466724.345163,6095.798250198364,0.8055375858105152,1.0466409776552072,1.1879031313606094,25.337632235477177,-24.424389971689106,95.02814230303734,False
1791466724.474002,6095.927088975906,0.8027322775969834,1.0574678998934581,1.1860254026083976,25.600379875844336,-24.45607245253578,94.98585274877706,False
1791466724.570696,6096.02378320694,0.800340270425894,1.065938922803323,1.2037747213120809,30.177703862397284,-24.040301989734242,93.7466966157642,False
1791466724.672929,6096.126016139984,0.8042639063588181,1.0844131963666366,1.147854492527069,21.930292699542488,-31.034664816693134,92.28204207358829,False
1791466724.762008,6096.215095043182,0.7895590928428239,1.0710232107004487,1.2893649886337504,24.990564761152346,-24.96794698795493,93.76568344646546,False
1791466724.866428,6096.319514989853,0.8032654671677861,1.1055106382398363,1.146378039757073,21.562442907836683,-31.283840024998252,92.38390609795812,False
1791466724.988089,6096.441176176071,0.7937909335072934,1.1071571958092499,1.2092536555140554,29.032160739577908,-19.543501626046524,94.80737504386227,False
1791466725.086591,6096.539678096771,0.7812492670206923,1.1051667299616084,1.3024933679458495,29.093161720610823,-25.402178867543626,92.31641705696512,False
1791466725.213779,6096.666866064072,0.7901609146410662,1.1309422083772274,1.2089777646727105,28.906447964311717,-30.210269571207593,89.82937742312613,True
1791466725.355953,6096.80904006958,0.777847365209664,1.1284229477299892,1.306985387515962,-9.77724554696327,7.574235961061048,98.20043124224763,False
1791466725.455676,6096.908763170242,0.7771554524201816,1.1391977943672922,1.3077009648167417,-9.844654047392432,7.7115679229168865,98.1790820094043,False
1791466725.552552,6097.005639076233,0.765784168960957,1.1377197484899575,1.4024723057124602,22.6896951582012,-21.152153341414273,93.30762909653083,False
1791466725.647609,6097.1006960868835,0.7757606583195065,1.1698746963311548,1.2966769323093468,23.112182578258775,-27.067869176655172,90.74369608001165,False
1791466725.749949,6097.20303606987,0.779410452449045,1.1984538646627776,1.2164081042599144,27.25181638624477,-26.675181453598213,90.78201697194574,False
1791466725.854472,6097.307559013367,0.7700229321648281,1.193459118633916,1.3020995433666047,32.022648961109994,-22.180988339311224,91.6665039470373,False
1791466725.963274,6097.416361093521,0.7693083494214971,1.2042232274063558,1.3028773808646616,31.754718785846453,-22.28349723054874,91.7013919287201,False
1791466726.09203,6097.545117139816,0.7688677966352389,1.2139550148872456,1.2913058501657937,22.271293338883865,-27.792698201163198,90.85084822368532,False
1791466726.189971,6097.6430580616,0.7557302741088625,1.210816408829718,1.4088479392446671,26.763747565861486,-22.134369087824677,91.88703087312325,False
1791466726.297183,6097.75027012825,0.7550604950986711,1.2220207950046535,1.4089058442860982,26.49152206922525,-22.277981909320857,91.91555687484514,True
1791466726.37931,6097.8323969841,0.7646209650753217,1.2525777761239518,1.2935568282635637,-12.470109535394002,17.97344060872602,95.75339220545145,False
1791466726.454667,6097.907754182816,0.7645196240216803,1.2668659130603326,1.291287911348686,26.287301440717844,-32.329263321273004,88.91303734661447,False
1791466726.649858,6098.10294508934,0.7393198618874867,1.2495129407754504,1.4991894319609096,20.746273627258056,-23.26487485891771,91.91300048535066,False
1791466726.815691,6098.268778085709,0.7390862960162873,1.2662783066825827,1.480556365626604,31.249228276555353,-18.405779499123533,92.78730192340996,False
1791466726.941667,6098.3947541713715,0.7566444641346853,1.2983618590904262,1.3109482316590761,29.17857595754108,-28.77145750879626,87.92694916437405,False
1791466727.0434,6098.4964871406555,0.7358529647760468,1.2840850232876069,1.5079732816677818,-12.172660351495326,10.375158870325793,94.56937865673747,False
1791466727.152757,6098.6058440208435,0.7472946692050086,1.3102617880474605,1.3972022431257312,25.0706874247235,-29.086783006497082,88.04831493342779,False
1791466727.262944,6098.716031074524,0.7379323637534412,1.3282136596105012,1.4915479040141917,29.39575423130073,-25.937019353837123,84.97217619704004,False
1791466727.368611,6098.821698188782,0.7402932278197863,1.3509327337447983,1.4807965328612758,24.51910496482243,-26.041462849168447,83.51646076290763,True
1791466727.473088,6098.926175117493,0.7600429310378836,1.383217339371591,1.3426635574276546,31.529902498633742,-29.12443492365333,77.89751978833529,False
1791466727.672123,6099.125210046768,0.7424100302155812,1.3911064532508972,1.5663798121481585,29.374307982523888,-25.51469408415089,74.20750510459774,False
1791466727.76704,6099.220127105713,0.7526906685262162,1.4066409513611127,1.5190710473105233,-21.286305928889664,8.594209375469164,77.49075816579999,False
1791466727.879809,6099.332895994186,0.7597916252920001,1.4229149833157664,1.505958563197472,28.506517544885607,-26.586853514358054,70.86340771359615,False
1791466727.979481,6099.432568073273,0.750951421153947,1.4209134158776247,1.6027900479538446,24.775881048800557,-25.17908697777748,70.99175491413446,False
1791466728.101092,6099.554179191589,0.7608818807759943,1.435323953062212,1.573732701180663,30.57250968220415,-24.38168342203281,66.41484136395495,False
1791466728.165604,6099.618691205978,0.7655319434724038,1.4412528279040244,1.5753864853300574,30.41083793683352,-24.283810148111222,66.50040943853618,False
1791466728.268427,6099.7215139865875,0.7683962846804461,1.4507534806578837,1.6315255717998318,30.402856002143018,-24.901082348447407,64.11763084011179,False
1791466728.382427,6099.8355140686035,0.7790614097087422,1.4634035029991068,1.5818930868505992,28.055925973117095,-29.630610981998913,60.446522460077915,True
1791466728.491217,6099.94430398941,0.7905912608337202,1.4768060588978569,1.5876220031223771,35.14960763724535,-26.90503469583698,56.252870065955506,False
1791466728.599423,6100.052510023117,0.787205544805514,1.4773535810336176,1.722219079658816,26.690530430778526,-25.799978638788186,53.330175069882834,False
1791466728.676607,6100.129693984985,0.803012837575279,1.4957941055697204,1.652184036971183,29.448825837328254,-29.09345290244171,50.53850609893653,False
1791466728.759041,6100.212128162384,0.8058778784032974,1.4987378391912851,1.7378432498466014,32.268161768306705,-25.79586055616557,51.2366964116392,False
1791466728.884106,6100.337193012238,0.827397491037194,1.5151281585521765,1.6762916108587738,34.1704152072669,-30.377009714620407,45.39764964616599,False
1791466728.990345,6100.443432092667,0.8416915959654321,1.5266431758261665,1.6700418250082913,28.419725111600417,-31.861478110631392,40.02659686888729,False
1791466729.090248,6100.543335199356,0.8453730952925153,1.529371142332659,1.7345540597034228,-26.06400387062581,20.63466408375111,39.9914019633422,False
1791466729.183683,6100.6367700099945,0.8521235790085053,1.5352248568988855,1.7828307798171505,-23.659158286981025,18.898768182794985,37.16420501610438,False
1791466729.267541,6100.720628023148,0.8772637544651885,1.5487750168263315,1.68702696039233,30.264151186018356,-31.678462017410244,31.929358880613385,False
1791466729.36687,6100.819957017899,0.8819524010475495,1.5503771283293764,1.8775745605562224,28.61690748953399,-29.41895535262277,28.805490132380072,False
1791466729.462258,6100.915345191956,0.9026340220614877,1.5618431419150967,1.7757241548082203,31.28499110061321,-27.206696291357844,29.144967425878246,True
1791466729.678524,6101.13161110878,0.9284373379097406,1.5719622973750527,1.8356883011131395,27.66760278905612,-29.36873417242773,26.622475405663884,False
1791466729.785487,6101.238574028015,0.9430995006990515,1.5758799558624383,1.8384513612544287,30.89663385015749,-28.45448700667211,23.153996452954505,False
1791466729.855132,6101.308219194412,0.9551325281834913,1.580858254811806,1.8876492765098125,-25.397703241589817,18.820671399548793,25.265154423482667,False
1791466729.977615,6101.430702209473,0.9710338126092318,1.5875492040706456,1.776367587345709,30.205068414490437,-28.78222406242506,20.77249861791334,False
1791466730.065352,6101.518439054489,0.9538098409867508,1.5588897677595746,2.6623141598583495,3.396571571761288,-3.4062910623952134,27.171429752823546,False
1791466730.16977,6101.622857093811,0.9948812824101803,1.589532697263564,1.857825833624673,30.144288508267973,-29.814644349233372,17.065451664002552,False
1791466730.263831,6101.716917991638,1.0074890599039936,1.5896049384124784,1.9326189057299588,32.926817325935,-25.24078975781178,16.06319167579855,False
1791466730.378736,6101.83182311058,1.0204582387187044,1.5910899171315533,1.964491944142226,28.99138147597906,-27.01210518953058,13.447529710471036,False
1791466730.479573,6101.932660102844,1.0428124871144069,1.5944328306652966,1.893829169273165,-28.739237596500747,23.69286259347392,11.430078537824931,True
1791466730.685553,6102.138640165329,1.0840319173588355,1.5929726602462613,1.9348084271027477,-28.58358449928065,25.49800309113323,7.5785469939705505,False
1791466730.873257,6102.326344013214,1.1239467338682658,1.589275703594866,1.9590984902112765,31.645531704265114,-28.638127319693375,1.6082160931475267,False
1791466731.037926,6102.491013050079,1.159899577114071,1.5823512214053614,1.963879168263937,31.140788821885717,-25.639672016746825,-2.189903611499819,False
1791466731.133991,6102.587078094482,1.1856136804093682,1.5751012921362253,2.089175619149461,31.794005190400235,-26.057103605553568,-4.480261685778036,False
1791466731.247988,6102.701075077057,1.1985638526288467,1.5764222141001782,1.9527710909738052,30.799678539314918,-30.046417953914574,-6.467578987011047,False
1791466731.334094,6102.787181138992,1.2145654864596385,1.5684303145623464,2.059303477070364,-27.50019655449381,27.975189634129272,-6.393695764217612,False
1791466731.453954,6102.9070410728455,1.2267589799236949,1.5706558683041116,1.9190939793008366,30.338648595617737,-30.795870140212816,-10.518101620955775,False
1791466731.550296,6103.003383159637,1.2391559676175816,1.56794529264129,1.8972226368350324,33.75402771344794,-28.193656521855672,-12.63088907088373,True
1791466731.652499,6103.105586051941,1.2611975610727189,1.5585311682064618,2.0160218335305022,30.79168182383371,-27.455582573707648,-12.622106365211858,False
1791466731.750102,6103.203189134598,1.2737940737694673,1.5582192248937259,1.9046257397228046,33.89778291845322,-27.350606047527442,-12.378110069807375,False
1791466731.852694,6103.305781126022,1.2869771521004516,1.5518471287015492,2.0385321694140477,27.155684737337836,-29.72839972817882,-10.235130914973732,False
1791466731.952044,6103.405131101608,1.2975148049524514,1.5490696850539882,2.0874860430520497,31.49911233324689,-28.936021224181623,-8.434730682028233,False
1791466732.047862,6103.500949144363,1.3046196525087101,1.5487279911819762,2.0386610478251073,30.734444699864962,-30.21549391196535,-12.670473952609294,False
1791466732.133783,6103.586870193481,1.3156851656124469,1.5440885583358892,2.0913360566545873,31.562047617199866,-28.523849642169647,-8.314509122465232,False
1791466732.250372,6103.703459024429,1.3215271063077636,1.5446816943523445,2.092406996515835,31.543355325821803,-28.393785896006214,-8.25844323584497,False
1791466732.362171,6103.815258026123,1.3260965864601086,1.55032689233832,1.9424119821256984,-26.611587673701035,35.78893902555231,-7.0326186610740065,False
1791466732.445392,6103.898478984833,1.3325413416370029,1.548036133102323,1.944689161054003,30.713437453650048,-31.94175532932124,-10.119530560492619,False
1791466732.554052,6104.007139205933,1.3514595095661637,1.54098796737821,2.098164727261931,31.568034656004855,-27.71921050496734,-8.024141835488686,True
1791466732.634465,6104.087552070618,1.3493631931366266,1.5461966228194441,1.9470506330113042,-26.559038985394096,35.8764518792494,-6.819406121613445,False
1791466732.767683,6104.220770120621,1.3572350129476283,1.5456826007309632,1.8470224325597377,-29.366307202883878,35.483972296739914,-6.436149216359213,False
1791466732.855483,6104.308570146561,1.3729048803433963,1.5412265035716841,1.944823690566436,27.537311851351813,-30.36970601988035,-7.448652524340298,False
1791466732.976583,6104.429670095444,1.3848500504090115,1.5405142513927663,1.9545860751230504,30.787525762062508,-30.777471110247205,-9.734551248377871,False
1791466733.06233,6104.515417098999,1.399815320382579,1.5326324360645283,2.1069925056901933,31.65355829551255,-26.624910497763572,-7.6628810133596525,False
1791466733.179036,6104.632122993469,1.4021647392943501,1.538194115123019,1.9386686842211316,-23.9751429486351,38.962933326839384,-4.199971417956035,False
1791466733.288561,6104.741648197174,1.4128944224227316,1.5349221011203191,1.9928323609258638,-27.169455213700218,34.643273738110864,-2.1265683344740887,False
1791466733.385811,6104.838898181915,1.4193928003112883,1.534239333926159,1.9968063164066003,34.95695585130722,-29.480126156129092,-7.7200547426769095,False
1791466733.48097,6104.934056997299,1.4285401713914987,1.529053227407464,2.11214055400549,32.00805656483083,-29.74147409037402,-7.907681512687739,False
1791466733.604568,6105.057655096054,1.4285401713914987,1.529053227407464,2.11214055400549,32.00805656483083,-29.74147409037402,-7.907681512687739,True
1791466733.700813,6105.153900146484,1.425136484700047,1.534908839014778,1.9976762841064564,34.944051443623565,-29.34830597005752,-7.661993454429663,False
1791466733.820415,6105.273502111435,1.4288260211815336,1.5350319835950503,1.9432828015158674,28.249710478494805,-32.65505545636239,-7.463085208183338,False
1791466733.9281,6105.381187200546,1.4456849013309583,1.5261330078682287,2.105334204001139,-23.87515424583888,35.549219105002265,-2.1126743477788046,False
1791466734.02191,6105.47499704361,1.4546314023312719,1.530193527924966,2.0004339087958045,31.682180073832058,-27.780685147306233,-4.9683460781788185,False
1791466734.120818,6105.57390499115,1.4705075476842282,1.5267919656073896,2.0955852025537944,29.14330160821912,-31.90427371277617,-5.533947675231016,False
1791466734.220461,6105.67354798317,1.4889330536411869,1.522232439381123,2.0987012636579077,29.200255129230168,-31.519414520979435,-5.426869413010271,False
1791466734.314033,6105.76712012291,1.5152364540758116,1.5138065101305227,2.2715908391820077,29.5287306328907,-27.180408296884092,-3.060178595758353,False
1791466734.418008,6105.8710951805115,1.5064733537725448,1.524885735786769,2.0093063786150718,35.43917908900746,-30.981707954017875,-7.503751140252833,False
1791466734.51794,6105.971027135849,1.5192028561719444,1.5192313555106092,2.1031129119756824,29.22044682338375,-30.889999322228746,-5.210866433933758,False
1791466734.626161,6106.079248189926,1.5251104008435274,1.5199979159665207,2.103803133643346,29.201923665072876,-30.768086598240743,-5.156852188725926,True
1791466734.737077,6106.190164089203,1.5251104008435274,1.5199979159665207,2.103803133643346,29.201923665072876,-30.768086598240743,-5.156852188725926,False
1791466734.81418,6106.267266988754,1.5313096723007409,1.5160467428613715,2.1550328884664345,32.94391149228974,-25.854611252907844,-2.632789125244594,False
1791466734.928796,6106.381883144379,1.516590617577033,1.5269403255793055,1.943164629992784,28.99745218944496,-34.16705486192072,-7.227982134057396,False
1791466735.028621,6106.481708049774,1.5328406420684049,1.52125052136353,2.0126628516384586,-30.89358626945758,38.943993858913124,-3.494855919001452,False
1791466735.132751,6106.5858380794525,1.5495526982151997,1.5163543556228143,2.1072705387157007,29.239145677582282,-30.258117775533844,-4.992641372403494,False
1791466735.228043,6106.681130170822,1.5501155281792736,1.5208187094372165,1.9790272694580033,-29.325034271901615,44.84212791623485,-1.2714886714719393,False
1791466735.3497,6106.802787065506,1.5738711693079794,1.5138089427780794,2.0941594603976434,30.06571750816419,-33.249907269336575,-5.261997571563703,False
1791466735.437813,6106.89090013504,1.5944278088210628,1.5092142235726247,2.1318957737339033,32.64656534164265,-29.84612562755056,-7.1421362353799385,False
1791466735.552211,6107.005298137665,1.6132540851323374,1.5048434151933023,2.2395616006874426,29.53416447120248,-30.394352430616824,-7.3368894117200965,False
1791466735.634627,6107.0877141952515,1.626324992778367,1.4995967390065192,2.2414835047258204,29.609843032730204,-30.12999655660724,-7.28077976067439,True
1791466735.726291,6107.179378032684,1.6181536364916802,1.505156936309026,2.0866353739955152,-27.593237508878484,44.73895669403798,-7.53807167619765,False
1791466735.848078,6107.301165103912,1.6428691928482226,1.492048879083984,2.2590787711111875,32.50275875011711,-26.786346104352592,-9.244681404975799,False
1791466735.941419,6107.394505977631,1.6304145453695922,1.49998982346603,2.094199920587316,31.763658691453678,-30.490151195592407,-11.293421299906791,False
1791466736.038304,6107.491391181946,1.64746657184384,1.493157796096315,2.202793420581297,31.669501147165285,-31.809449072336438,-14.128610851834818,False
1791466736.13504,6107.5881271362305,1.650661137972316,1.489586122050082,2.1866528328194534,34.735752997032904,-29.30258765493217,-16.48288821431469,False
1791466736.233195,6107.686282157898,1.6387112622270328,1.4941012025455938,2.028802052814022,33.544472533919894,-32.640303186654805,-18.181910524435207,False
1791466736.460467,6107.913554191589,1.668414518700224,1.47690968474002,2.1826936887597337,33.50884950728105,-31.748106278802844,-23.892373506155796,False
1791466736.554002,6108.007089138031,1.6843667992414173,1.4668617741675487,2.231733277094768,33.68147355340391,-29.326362133674717,-26.474632880210496,False
1791466736.668973,6108.122060060501,1.7043925797044273,1.4518904873564733,2.2990704131568926,-27.815468578526783,42.34233536341833,-24.931926386841816,True
1791466738.532467,6109.985553979874,1.8715316185573712,1.2667472203681387,2.3012752391468694,29.776615571529497,-34.45906088227696,-69.14193208439485,False
1791466738.740544,6110.19363117218,1.8368063105389327,1.2782885511811302,2.0368592416724485,28.82362588002235,-38.466347667168655,-71.29580759648374,True
1791466739.082771,6110.535858154297,1.8513095924299265,1.2457119152527103,2.035161018577225,27.21655272591427,-35.03651300119893,-77.0679365614008,False
1791466739.16749,6110.620577096939,1.8469240724355602,1.2397793361994711,2.001422860337201,30.710737074115205,-36.86983574350008,-81.38338357523023,False
1791466739.515234,6110.968321084976,1.860411275383529,1.1967486871509017,2.0037281447110886,25.618427607834786,-31.988761256195215,-86.70146580654696,False
1791466739.598886,6111.051973104477,1.861337401084033,1.190181149571875,2.0041653965958663,25.71839090162677,-31.9691466922703,-86.75592497233471,False
1791466739.711342,6111.164429187775,1.8359531748532478,1.204889309060587,1.8516411099408203,26.536951914148673,-34.96719230541366,-89.29978105884904,False
1791466739.815227,6111.268314123154,1.8581601255387135,1.1824262099146274,1.98668784200501,26.468363250661547,-36.077929219653,-91.56026366067032,True
1791466740.01612,6111.469207048416,1.8518724406510632,1.1770516695404196,1.9314463113578983,29.42509667533351,-34.29304615196974,-91.2584210841693,False
1791466740.105764,6111.558851003647,1.8403910620868933,1.176064609679861,1.8558266368873562,25.760277030728002,-35.84826213862827,-93.43244560714714,False
1791466740.238835,6111.691922187805,1.8660329587216284,1.1449786662120935,2.0093082627130188,-18.049900232042337,46.89556663741266,-86.11897441250186,False
1791466740.404025,6111.857112169266,1.8680183567139732,1.1281011288122114,1.9844734026606683,25.979189628897476,-36.784576390789084,-96.04024607766853,False
1791466740.514181,6111.967267990112,1.8675370292488938,1.1199659139107745,1.954797058510502,27.676202207105003,-31.846647439695758,-94.9792932299894,False
1791466740.591118,6112.044205188751,1.8701771092206507,1.1006167876073871,1.9550913644787369,27.974716722216705,-31.804554045696783,-95.14473166464849,False
1791466740.709647,6112.162734031677,1.8450076069213726,1.1071998379023114,1.7977554555172435,28.498273902885302,-34.91089524550129,-97.60828855795558,False
1791466740.874756,6112.3278431892395,1.846536976547053,1.0914476151747179,1.797495665011581,-15.62094709030587,49.92466511053092,-84.89433118913365,True
1791466741.299381,6112.752468109131,1.8722310123038337,1.0474725824085094,1.883128087092079,26.106228862854614,-32.21060944377106,-93.76098515775426,False
1791466741.412621,6112.865708112717,1.847188369300813,1.0641020548996931,1.736644399929435,26.823899338620663,-35.04511515193424,-96.14530095876744,False
1791466741.518398,6112.971485137939,1.8748403273445569,1.0284770826953724,1.8831283463427577,26.39452882483381,-32.16443932939392,-93.92357631234218,False
1791466741.634225,6113.0873119831085,1.876569067163192,1.0158270530748406,1.8830271222043202,26.58640762340082,-32.13497723690481,-94.0319835242385,False
1791466741.746597,6113.199684143066,1.8713863827930795,1.0070919068205408,1.8040422821894624,24.28509696376185,-32.77398882399545,-92.45504396840411,False
1791466741.832163,6113.28525018692,1.8656445466251295,0.9948969510535939,1.7380130200766017,29.06039586505788,-34.01973088818707,-92.98835274439877,False
1791466741.928612,6113.381699085236,1.8839373836101414,0.9584010100444982,1.8030361278955271,25.013356238703896,-32.537693690313006,-92.83081070922627,True
1791466742.027,6113.480087041855,1.8885407949395197,0.9385006850409916,1.7956721483250173,26.417898707115082,-31.716846713455165,-89.21942689049268,False
1791466742.208913,6113.662000179291,1.9218068539283215,0.8946774891064413,1.9472755843185028,24.455358059609672,-29.389167780226543,-90.55707306021138,False
1791466742.35499,6113.808077096939,1.8949835782860243,0.9140438664577257,1.795646740558404,25.630191256139483,-32.47594495624268,-93.20775211325784,False
1791466742.497724,6113.95081114769,1.8963909150590785,0.9098914319072178,1.8007626749379502,25.740274633354023,-32.3162765710858,-93.20559846454002,False
1791466742.584936,6114.038022994995,1.941331275164004,0.8585006482148527,2.0377051385563356,27.81361117115588,-28.079643337597428,-92.30368936614114,False
1791466742.691618,6114.144705057144,1.8972265756458633,0.9037202870186951,1.8004368720029587,25.832233861173165,-32.30281172070816,-93.25903497565159,False
1791466742.806493,6114.2595801353455,1.8988913695709662,0.8913875788319863,1.7997274647354646,26.015955557104427,-32.276641145370334,-93.36593417522866,False
1791466743.003219,6114.456305980682,1.8939917452824955,0.8616156785488158,1.7047396247488162,24.186828928977885,-33.21131452873371,-92.22973641443049,True
1791466743.101742,6114.554829120636,1.8964370209967445,0.8435617510747229,1.7034444915972262,24.450972433456812,-33.171221209343386,-92.39042627473718,False
1791466743.306691,6114.759778022766,1.9037277025168464,0.8059260926487666,1.6959800492645223,23.85334464715584,-33.48789403840698,-96.29556700097795,False
1791466743.711479,6115.164566040039,1.90773812306609,0.775986509286851,1.6930916853661233,24.283825356305176,-33.42680361292883,-96.5633685778545,False
1791466743.833197,6115.286284208298,1.8911665337924393,0.7928554892434652,1.604953420997132,22.047539240277693,-34.47901257951982,-95.09332901626281,False
1791466744.058947,6115.51203417778,1.8951049581556785,0.7635832989187692,1.6020123628454672,22.460899961752606,-34.413245725432645,-95.36200649766242,True
1791466744.171322,6115.624409198761,1.8948564291742924,0.7514394186064508,1.5799559794176616,25.495830299713937,-32.38288968053644,-94.93732317686441,False
1791466744.279137,6115.732223987579,1.9075735157102627,0.7120727495397994,1.5950873592747645,23.198230359722547,-34.21082981374375,-95.79544680026166,False
1791466744.483518,6115.936604976654,1.9121375091242072,0.6772461077287526,1.5900728472022276,23.691151073785406,-34.150593744879025,-96.11838328959156,False
1791466744.579611,6116.0326981544495,1.9183402227797601,0.6568089162210118,1.6091009803594694,20.38659198011264,-33.16420150514594,-92.5660636204435,False
1791466744.69079,6116.143877029419,1.895634920745664,0.6799383152507297,1.489215635661418,21.865013744162027,-35.42647796904654,-95.02579390616204,False
1791466744.818153,6116.271239995956,1.8963728158168418,0.6742930106888538,1.488332722182339,21.94381883913212,-35.4165869682372,-95.08042117844178,False
1791466744.917329,6116.370416164398,1.9221765486142774,0.6276465772705984,1.604684388996524,20.78926676746441,-33.09132598710331,-92.81939951121872,False
1791466745.021619,6116.474706172943,1.9244545893418055,0.6101932443966533,1.6018363203138235,21.030512909171485,-33.05008960016899,-92.97144712229444,False
1791466745.109823,6116.562910079956,1.9022073071612002,0.6292615832622466,1.4806989577469234,22.57280656220133,-35.34482897414619,-95.51793975226319,True
1791466745.242089,6116.695176124573,1.926862009278488,0.5759999425442901,1.5649304307496013,26.27501647384604,-28.661881566361863,-95.27203974998382,False
1791466745.317289,6116.770376205444,1.9345491875156131,0.5529900454158876,1.5902695539933034,22.287466996923893,-27.400551996398868,-91.58791542691438,False
1791466745.506312,6116.959398984909,1.9412062010313758,0.5117092774604988,1.5852924887431343,6.662843256897028,50.92828024571017,-70.36822985900507,False
1791466745.576453,6117.029540061951,1.9426749804678554,0.5001855184055946,1.582875001108373,6.766370089406546,50.91406980847514,-70.26257150371693,False
1791466745.715212,6117.168299198151,1.9196150051076049,0.5330354317156449,1.4671251130933949,21.97987442850582,-32.28954585224132,-95.42779627460482,False
1791466745.807732,6117.260819196701,1.9434065248174817,0.49442963409554674,1.5816431608600414,6.818137013362981,50.90724620294192,-70.20975453503887,False
1791466745.916471,6117.369558095932,1.9434065248174817,0.49442963409554674,1.5816431608600414,6.818137013362981,50.90724620294192,-70.20975453503887,False
1791466746.017761,6117.470848083496,1.9434065248174817,0.49442963409554674,1.5816431608600414,6.818137013362981,50.90724620294192,-70.20975453503887,False
1791466746.117307,6117.570394039154,1.9434065248174817,0.49442963409554674,1.5816431608600414,6.818137013362981,50.90724620294192,-70.20975453503887,True
1791466746.295078,6117.748165130615,1.9434065248174817,0.49442963409554674,1.5816431608600414,6.818137013362981,50.90724620294192,-70.20975453503887,False
1791466746.404012,6117.857099056244,1.9434065248174817,0.49442963409554674,1.5816431608600414,6.818137013362981,50.90724620294192,-70.20975453503887,False
1791466746.524796,6117.97788310051,1.9434065248174817,0.49442963409554674,1.5816431608600414,6.818137013362981,50.90724620294192,-70.20975453503887,False
1791466746.634469,6118.0875561237335,1.9203157855892001,0.5274665062489037,1.4658849922788115,22.05988828219188,-32.278778500749105,-95.47774813513318,False
1791466746.72988,6118.182967185974,1.9003163480545813,0.5494648463627647,1.3664085016923933,5.767929839610002,54.442759117837454,-69.70652431332803,False
1791466746.827505,6118.28059220314,1.9196065721748847,0.5184262837777933,1.4652295262077408,5.973691914034546,55.262441441340464,-71.31189760423851,False
1791466746.959883,6118.412970066071,1.8946326916541367,0.5810537347631002,1.3671895899092341,20.527200338866084,-36.46531426578279,-98.24591678209603,False
1791466747.060205,6118.5132920742035,1.908593843088074,0.5902154672810975,1.4642764157868222,21.941369123307766,-35.346046186641644,-99.19366544159621,False
1791466747.170523,6118.623610019684,1.9057285289500756,0.6125718665471773,1.468565665151377,21.631759857554268,-35.380622721063,-98.97635230925788,True
1791466747.308204,6118.761291027069,1.9230610602218863,0.6131288793343717,1.572672590592731,2.8075267539380366,50.76990052538067,-77.99586963881319,False
1791466747.428276,6118.881363153458,1.9428680273739753,0.6014726075474808,1.6718528636284353,20.83463496397328,-31.779641038501747,-101.04453079829884,False
1791466747.737026,6119.190113067627,1.9264083098538385,0.6555759391266147,1.622049445302745,23.796931730585136,-33.42851097565481,-104.58862505265833,False
1791466747.852316,6119.305402994156,1.9264083098538385,0.6555759391266147,1.622049445302745,23.796931730585136,-33.42851097565481,-104.58862505265833,False
1791466747.972141,6119.4252281188965,1.927166665337257,0.6497399742405954,1.6211120264426389,23.879718139382945,-33.41882283584522,-104.64162716579682,False
1791466748.05404,6119.507127046585,1.9294297031321435,0.6322550572655021,1.6182008512312618,24.127776669848515,-33.391061401411754,-104.80074073558227,False
1791466748.149022,6119.602109193802,1.9122554710943127,0.6344062520657205,1.5400184070342684,20.26371233912268,-31.318733624665864,-102.29981321274735,False
1791466748.271278,6119.724364995956,1.9143432546323373,0.6082977687706197,1.5363316623648022,22.416388005639757,-34.27942667980039,-103.5868295941247,True
1791466748.373757,6119.8268439769745,1.9117719092219467,0.584567472325038,1.532633315539392,22.735254455762416,-34.33849318468125,-103.84973043613985,False
1791466748.48113,6119.934216976166,1.902635467144933,0.5821810294853382,1.4901476541342942,21.744514062865886,-34.28889289790224,-107.21213941634761,False
1791466748.587696,6120.040783166885,1.9160831207247508,0.539956434206762,1.561261154212564,22.996728527611207,-30.029249369179524,-107.92083758368179,False
1791466748.695406,6120.148493051529,1.8866642667353235,0.5748340266223375,1.4252128851180461,24.00204989924486,-32.86303119976035,-110.17460869460558,False
1791466748.80517,6120.25825715065,1.914100031254394,0.5233004538328041,1.563530150683547,6.070517178103595,51.887167781341425,-85.67229078712974,False
1791466748.915959,6120.369045972824,1.8885161377620352,0.5607476251794477,1.4318358944797969,21.099678420985096,-34.17237555635933,-110.70866716720988,False
1791466749.018323,6120.471410036087,1.9150657870709635,0.5205284056560466,1.5629099604962255,20.056398408165244,-31.68389061196704,-108.67925565160078,False
1791466749.126769,6120.579856157303,1.9303581073087859,0.4979180420334621,1.6389746076324752,22.73338259061829,-30.548560935811693,-110.39969984878074,False
1791466749.216497,6120.669584035873,1.9004727088315807,0.5455226912113766,1.4938269349681317,23.371941704044186,-33.467570042643416,-112.44981007383038,False
1791466749.433645,6120.88673210144,1.9150657870709635,0.5205284056560466,1.5629099604962255,20.056398408165244,-31.68389061196704,-108.67925565160078,False
1791466749.521831,6120.97491812706,1.8979094019287535,0.5232588135349105,1.4819955316306084,21.06924157536793,-31.16112476953644,-106.73912283226477,False
1791466749.72831,6121.181397199631,1.892527176751563,0.47671928469527125,1.4729226228068266,21.717868183013,-31.24637032618821,-107.22077090918928,False
1791466750.125715,6121.578802108765,1.87105332953336,0.42322816199228463,1.4039925004650557,21.667891268356637,-31.216366591485386,-111.06144484788399,False
1791466750.2562,6121.7092871665955,1.868996563159328,0.41186067346515554,1.4011672631963705,8.16135875251728,50.777907967427474,-85.6467617403598,False
1791466750.563537,6122.016623973846,1.8790991477771568,0.38999152937901727,1.452884569053217,19.800055562773633,-33.16278064832037,-108.75517264397733,False
1791466750.660216,6122.113303184509,1.8680624468342941,0.4120597360196798,1.4003096982905179,20.238711357387206,-27.755219595566196,-109.86599674998806,False
1791466750.771915,6122.2250020504,1.8786786979517132,0.39013275417797844,1.4644596078058996,11.35822104387249,49.06107688567589,-87.92283414901034,False
1791466750.977951,6122.431038141251,1.8731038064720151,0.4551670835798747,1.4045927390715525,19.489537515768706,-31.217100035244542,-115.83423882506844,False
1791466751.072473,6122.52556014061,1.8764746954016291,0.47250927362940187,1.408041856133249,19.253493483197595,-31.169079902054154,-115.6454272725718,False
1791466751.206212,6122.659299135208,1.8909809232207235,0.48368734388827717,1.4699860035401224,18.235557232129093,-31.40167722951704,-117.61259993594801,False
1791466751.30288,6122.755967140198,1.9080738472641718,0.48995549418531725,1.5233949759192704,23.987399474180684,-29.50561052960392,-118.85574402476192,False
1791466751.40272,6122.855807065964,1.9096455175519433,0.5025772914152191,1.5320196611299628,4.7485233151650785,53.526888857781415,-95.78724059195748,True
1791466751.839383,6123.2924699783325,1.9244728516004246,0.5633976241218595,1.541252938126335,4.19150041425559,53.8782311009014,-96.25529328706949,False
1791466751.946512,6123.399599075317,1.9188350284659206,0.5965618387202138,1.4904038122176346,21.000885949410616,-33.255402740346824,-117.09911748808466,False
1791466752.062125,6123.515212059021,1.9666529005224167,0.5522171342871125,1.6916766476608336,2.4607159345565317,49.66379804200286,-96.1032970782156,False
1791466752.159738,6123.612825155258,1.9923975336058852,0.5310880112967644,1.7969579548936214,20.382965502191315,-31.05039937625293,-114.25425159542947,False
1791466754.01996,6125.473047018051,1.9685634777587067,0.5718313485832958,1.691442764631916,23.49741386199122,-33.425525129211124,-118.18644161786649,False
1791466754.840984,6126.29407119751,1.9685634777587067,0.5718313485832958,1.691442764631916,23.49741386199122,-33.425525129211124,-118.18644161786649,False
1791466754.944234,6126.397320985794,1.9758745839327532,0.5606063760885307,1.7342664442346765,25.7561873606154,-29.39505125019836,-119.22715579889156,False
1791466755.149324,6126.602411031723,1.9783494344160322,0.5489947865465257,1.7508980080013785,2.9149665555667883,50.409906732163364,-98.43429277187687,False
1791466755.671167,6127.124253988266,1.9428451620834943,0.58959364616059,1.5964685344317098,19.17032773255398,-33.96263804390374,-121.53304703682868,False
1791466755.768619,6127.221706151962,1.9459306400565346,0.5832087514260245,1.6219997306391698,-0.7325793977492016,51.7234195681064,-101.25754477457598,False
1791466755.870894,6127.323981046677,1.9514423716775482,0.5786249996879136,1.6386326970031884,21.744306206367185,-33.58425081215673,-123.74084174808654,False
1791466756.225819,6127.678906202316,1.9428451620834943,0.58959364616059,1.5964685344317098,19.17032773255398,-33.96263804390374,-121.53304703682868,False
1791466756.336359,6127.789446115494,1.9514423716775482,0.5786249996879136,1.6386326970031884,21.744306206367185,-33.58425081215673,-123.74084174808654,False
1791466756.462938,6127.916025161743,1.9514423716775482,0.5786249996879136,1.6386326970031884,21.744306206367185,-33.58425081215673,-123.74084174808654,False
1791466756.550829,6128.003916025162,1.9514423716775482,0.5786249996879136,1.6386326970031884,21.744306206367185,-33.58425081215673,-123.74084174808654,False
1791466756.66158,6128.1146671772,1.9459306400565346,0.5832087514260245,1.6219997306391698,-0.7325793977492016,51.7234195681064,-101.25754477457598,True
1791466757.064378,6128.5174651145935,1.9514423716775482,0.5786249996879136,1.6386326970031884,21.744306206367185,-33.58425081215673,-123.74084174808654,False
1791466757.278419,6128.731506109238,1.9514423716775482,0.5786249996879136,1.6386326970031884,21.744306206367185,-33.58425081215673,-123.74084174808654,False
1791466757.506408,6128.959495067596,1.90901914377172,0.5885098636273927,1.4830554597943988,21.799529938738335,-32.958115368234886,-124.43043795600448,False
1791466757.71963,6129.172717094421,1.8967937266778143,0.5360498776923528,1.5107530360889627,4.104649303982288,52.80366223500839,-103.53586362140001,True
1791466757.939797,6129.392884016037,1.8917090669973695,0.4991519860346689,1.5392231050169682,21.114835917613046,-34.03851360457664,-130.09709402245187,False
1791466758.127656,6129.580743074417,1.8593303525100737,0.5334384993035794,1.4041485406771055,23.583080050366526,-33.45161813345943,-132.6311615146593,False
1791466758.67974,6130.132827043533,1.8842200092035266,0.4763105223088919,1.5525463364917376,24.055514780241108,-30.588525225840986,-131.47518909200693,False
1791466759.279364,6130.732451200485,1.8339125313568716,0.47394948971416007,1.425930710708108,22.89575720602294,-30.629364684139812,-136.70783023099045,False
1791466759.37431,6130.827397108078,1.835110754368395,0.4744208597913382,1.4249821359472077,19.348493524551696,-30.522211746224944,-136.6696064244463,False
1791466759.49499,6130.948077201843,1.8339125313568716,0.47394948971416007,1.425930710708108,22.89575720602294,-30.629364684139812,-136.70783023099045,False
1791466759.676557,6131.129644155502,1.8339125313568716,0.47394948971416007,1.425930710708108,22.89575720602294,-30.629364684139812,-136.70783023099045,False
1791466759.802972,6131.256059169769,1.8339125313568716,0.47394948971416007,1.425930710708108,22.89575720602294,-30.629364684139812,-136.70783023099045,True
1791466759.904372,6131.357459068298,1.8339125313568716,0.47394948971416007,1.425930710708108,22.89575720602294,-30.629364684139812,-136.70783023099045,False
1791466760.01569,6131.468777179718,1.8339125313568716,0.47394948971416007,1.425930710708108,22.89575720602294,-30.629364684139812,-136.70783023099045,False
1791466760.101996,6131.555083036423,1.8339125313568716,0.47394948971416007,1.425930710708108,22.89575720602294,-30.629364684139812,-136.70783023099045,False
1791466760.213827,6131.666913986206,1.831692852872013,0.4778159864466758,1.4187094937408093,8.938492548922106,49.58074431773819,-110.54762576123944,False
1791466760.306023,6131.7591099739075,1.8339125313568716,0.47394948971416007,1.425930710708108,22.89575720602294,-30.629364684139812,-136.70783023099045,False
1791466760.693968,6132.147055149078,1.842092208023884,0.49914554808636225,1.4219578442213057,20.330744391379362,-30.640466353538944,-143.2973965947341,False
1791466760.888054,6132.341140985489,1.8450040002338626,0.5122927429403406,1.4074984414533929,22.223850658805592,-34.7587482515854,-146.96979125335116,True
1791466760.981072,6132.434159040451,1.873722378601572,0.4617137719551183,1.554446519945166,23.131558557692543,-32.107636186917894,-146.38263618357448,False
1791466761.093072,6132.546159029007,1.8450040002338626,0.5122927429403406,1.4074984414533929,22.223850658805592,-34.7587482515854,-146.96979125335116,False
1791466761.185298,6132.638385057449,1.8450040002338626,0.5122927429403406,1.4074984414533929,22.223850658805592,-34.7587482515854,-146.96979125335116,False
1791466761.297356,6132.75044298172,1.8450040002338626,0.5122927429403406,1.4074984414533929,22.223850658805592,-34.7587482515854,-146.96979125335116,False
1791466761.411407,6132.864494085312,1.873722378601572,0.4617137719551183,1.554446519945166,23.131558557692543,-32.107636186917894,-146.38263618357448,False
1791466761.609137,6133.062224149704,1.873722378601572,0.4617137719551183,1.554446519945166,23.131558557692543,-32.107636186917894,-146.38263618357448,False
1791466762.038613,6133.491700172424,1.829892102304028,0.5107311701762465,1.3772926275627095,24.657451144987917,-35.94904116324378,-149.81404391011773,False
1791466762.244718,6133.6978051662445,1.8584582762508828,0.45659353233651934,1.5327856040886614,22.571539749498932,-32.30073403979615,-148.9601229289286,False
1791466762.368798,6133.821885108948,1.829892102304028,0.5107311701762465,1.3772926275627095,24.657451144987917,-35.94904116324378,-149.81404391011773,False
1791466762.476603,6133.929690122604,1.8573952838872452,0.45951567527820747,1.532835868899085,5.5828459040056595,50.21841481546083,-124.6748981940509,False
1791466762.593496,6134.046583175659,1.8573952838872452,0.45951567527820747,1.532835868899085,5.5828459040056595,50.21841481546083,-124.6748981940509,False
1791466762.697706,6134.1507930755615,1.8573952838872452,0.45951567527820747,1.532835868899085,5.5828459040056595,50.21841481546083,-124.6748981940509,False
1791466762.801054,6134.2541410923,1.8573952838872452,0.45951567527820747,1.532835868899085,5.5828459040056595,50.21841481546083,-124.6748981940509,False
1791466762.983913,6134.43700003624,1.8573952838872452,0.45951567527820747,1.532835868899085,5.5828459040056595,50.21841481546083,-124.6748981940509,True
1791466763.077886,6134.53097319603,1.8573952838872452,0.45951567527820747,1.532835868899085,5.5828459040056595,50.21841481546083,-124.6748981940509,False
1791466763.176123,6134.62920999527,1.8573952838872452,0.45951567527820747,1.532835868899085,5.5828459040056595,50.21841481546083,-124.6748981940509,False
1791466763.304271,6134.757358074188,1.8573952838872452,0.45951567527820747,1.532835868899085,5.5828459040056595,50.21841481546083,-124.6748981940509,False
1791466763.403204,6134.856291055679,1.8573952838872452,0.45951567527820747,1.532835868899085,5.5828459040056595,50.21841481546083,-124.6748981940509,False
1791466763.518453,6134.971539974213,1.8573952838872452,0.45951567527820747,1.532835868899085,5.5828459040056595,50.21841481546083,-124.6748981940509,False
1791466763.623857,6135.076944112778,1.8573952838872452,0.45951567527820747,1.532835868899085,5.5828459040056595,50.21841481546083,-124.6748981940509,False
1791466763.748296,6135.201383113861,1.8573952838872452,0.45951567527820747,1.532835868899085,5.5828459040056595,50.21841481546083,-124.6748981940509,False
1791466763.835746,6135.288833141327,1.8573952838872452,0.45951567527820747,1.532835868899085,5.5828459040056595,50.21841481546083,-124.6748981940509,False
1791466764.193422,6135.646509170532,1.8573952838872452,0.45951567527820747,1.532835868899085,5.5828459040056595,50.21841481546083,-124.6748981940509,False
1791466764.944379,6136.397466182709,1.8573952838872452,0.45951567527820747,1.532835868899085,5.5828459040056595,50.21841481546083,-124.6748981940509,False
1791466765.238175,6136.69126200676,1.8573952838872452,0.45951567527820747,1.532835868899085,5.5828459040056595,50.21841481546083,-124.6748981940509,False
1791466765.360435,6136.813522100449,1.8573952838872452,0.45951567527820747,1.532835868899085,5.5828459040056595,50.21841481546083,-124.6748981940509,False
1791466765.4727,6136.9257872104645,1.8573952838872452,0.45951567527820747,1.532835868899085,5.5828459040056595,50.21841481546083,-124.6748981940509,False
1791466765.583102,6137.036189079285,1.8573952838872452,0.45951567527820747,1.532835868899085,5.5828459040056595,50.21841481546083,-124.6748981940509,False
1791466765.809719,6137.262806177139,1.8573952838872452,0.45951567527820747,1.532835868899085,5.5828459040056595,50.21841481546083,-124.6748981940509,False
1791466765.992785,6137.445872068405,1.8573952838872452,0.45951567527820747,1.532835868899085,5.5828459040056595,50.21841481546083,-124.6748981940509,False
1791466766.088352,6137.5414390563965,1.8573952838872452,0.45951567527820747,1.532835868899085,5.5828459040056595,50.21841481546083,-124.6748981940509,False
1791466766.221938,6137.675024986267,1.8573952838872452,0.45951567527820747,1.532835868899085,5.5828459040056595,50.21841481546083,-124.6748981940509,True
1791466766.314448,6137.767535209656,1.8573952838872452,0.45951567527820747,1.532835868899085,5.5828459040056595,50.21841481546083,-124.6748981940509,False
1791466766.414252,6137.867339134216,1.8573952838872452,0.45951567527820747,1.532835868899085,5.5828459040056595,50.21841481546083,-124.6748981940509,False
1791466766.614567,6138.067654132843,1.8573952838872452,0.45951567527820747,1.532835868899085,5.5828459040056595,50.21841481546083,-124.6748981940509,False
1791466766.716486,6138.169573068619,1.8573952838872452,0.45951567527820747,1.532835868899085,5.5828459040056595,50.21841481546083,-124.6748981940509,False
1791466766.823608,6138.276695013046,1.8573952838872452,0.45951567527820747,1.532835868899085,5.5828459040056595,50.21841481546083,-124.6748981940509,False
1791466767.360174,6138.8132610321045,1.8573952838872452,0.45951567527820747,1.532835868899085,5.5828459040056595,50.21841481546083,-124.6748981940509,False
1791466767.471851,6138.924938201904,1.8573952838872452,0.45951567527820747,1.532835868899085,5.5828459040056595,50.21841481546083,-124.6748981940509,False
1791466767.894113,6139.347200155258,1.829892102304028,0.5107311701762465,1.3772926275627095,24.657451144987917,-35.94904116324378,-149.81404391011773,False
1791466767.995977,6139.449064016342,1.8573952838872452,0.45951567527820747,1.532835868899085,5.5828459040056595,50.21841481546083,-124.6748981940509,False
1791466768.214955,6139.668042182922,1.8573952838872452,0.45951567527820747,1.532835868899085,5.5828459040056595,50.21841481546083,-124.6748981940509,False
1791466768.980507,6140.433593988419,1.8573952838872452,0.45951567527820747,1.532835868899085,5.5828459040056595,50.21841481546083,-124.6748981940509,False
1791466776.175306,6147.628393173218,1.8573952838872452,0.45951567527820747,1.532835868899085,5.5828459040056595,50.21841481546083,-124.6748981940509,False
1791466776.491331,6147.94441819191,1.8573952838872452,0.45951567527820747,1.532835868899085,5.5828459040056595,50.21841481546083,-124.6748981940509,False
1791466777.187458,6148.640545129776,1.8573952838872452,0.45951567527820747,1.532835868899085,5.5828459040056595,50.21841481546083,-124.6748981940509,False
1791466777.42602,6148.879106998444,1.8573952838872452,0.45951567527820747,1.532835868899085,5.5828459040056595,50.21841481546083,-124.6748981940509,False
1791466778.983952,6150.437039136887,1.8573952838872452,0.45951567527820747,1.532835868899085,5.5828459040056595,50.21841481546083,-124.6748981940509,False
1791466779.714388,6151.167474985123,1.8573952838872452,0.45951567527820747,1.532835868899085,5.5828459040056595,50.21841481546083,-124.6748981940509,False
1791466779.835553,6151.288640022278,1.8573952838872452,0.45951567527820747,1.532835868899085,5.5828459040056595,50.21841481546083,-124.6748981940509,True
1791466780.232937,6151.686024188995,1.8573952838872452,0.45951567527820747,1.532835868899085,5.5828459040056595,50.21841481546083,-124.6748981940509,False
1791466780.442172,6151.895259141922,1.8902900587244236,0.40426298770824864,1.6930524819557502,19.66449368273683,-28.22227108640328,-147.85659921245292,False
1791466780.788129,6152.241216182709,1.8573952838872452,0.45951567527820747,1.532835868899085,5.5828459040056595,50.21841481546083,-124.6748981940509,False
1791466780.992934,6152.446021080017,1.8902900587244236,0.40426298770824864,1.6930524819557502,19.66449368273683,-28.22227108640328,-147.85659921245292,False
1791466781.096214,6152.549301147461,1.8573952838872452,0.45951567527820747,1.532835868899085,5.5828459040056595,50.21841481546083,-124.6748981940509,False
1791466781.341518,6152.794605016708,1.8573952838872452,0.45951567527820747,1.532835868899085,5.5828459040056595,50.21841481546083,-124.6748981940509,False
1791466781.472705,6152.925791978836,1.8573952838872452,0.45951567527820747,1.532835868899085,5.5828459040056595,50.21841481546083,-124.6748981940509,False
1791466781.585294,6153.038381099701,1.829892102304028,0.5107311701762465,1.3772926275627095,24.657451144987917,-35.94904116324378,-149.81404391011773,False
1791466781.679451,6153.132538080215,1.8902900587244236,0.40426298770824864,1.6930524819557502,19.66449368273683,-28.22227108640328,-147.85659921245292,False
1791466781.795042,6153.24812912941,1.8902900587244236,0.40426298770824864,1.6930524819557502,19.66449368273683,-28.22227108640328,-147.85659921245292,False
1791466782.008771,6153.461858034134,1.829892102304028,0.5107311701762465,1.3772926275627095,24.657451144987917,-35.94904116324378,-149.81404391011773,False
1791466782.113241,6153.566328048706,1.829892102304028,0.5107311701762465,1.3772926275627095,24.657451144987917,-35.94904116324378,-149.81404391011773,False
1791466782.204926,6153.6580131053925,1.8573952838872452,0.45951567527820747,1.532835868899085,5.5828459040056595,50.21841481546083,-124.6748981940509,False
1791466782.621094,6154.0741810798645,1.829892102304028,0.5107311701762465,1.3772926275627095,24.657451144987917,-35.94904116324378,-149.81404391011773,False
1791466782.817032,6154.270119190216,1.8606751464923548,0.4580361002344273,1.5296131717263677,22.55149242289191,-32.32194637861418,-148.95302542659115,False
1791466782.925609,6154.378696203232,1.8573952838872452,0.45951567527820747,1.532835868899085,5.5828459040056595,50.21841481546083,-124.6748981940509,True
1791466783.250517,6154.703603982925,1.8573952838872452,0.45951567527820747,1.532835868899085,5.5828459040056595,50.21841481546083,-124.6748981940509,False
1791466783.933228,6155.386315107346,1.8573952838872452,0.45951567527820747,1.532835868899085,5.5828459040056595,50.21841481546083,-124.6748981940509,True
1791466784.031024,6155.484111070633,1.8902900587244236,0.40426298770824864,1.6930524819557502,19.66449368273683,-28.22227108640328,-147.85659921245292,False
1791466784.115056,6155.568143129349,1.8902900587244236,0.40426298770824864,1.6930524819557502,19.66449368273683,-28.22227108640328,-147.85659921245292,False
1791466784.238726,6155.691812992096,1.8573952838872452,0.45951567527820747,1.532835868899085,5.5828459040056595,50.21841481546083,-124.6748981940509,False
1791466784.352151,6155.805238008499,1.8573952838872452,0.45951567527820747,1.532835868899085,5.5828459040056595,50.21841481546083,-124.6748981940509,False
1791466784.474492,6155.927579164505,1.8902900587244236,0.40426298770824864,1.6930524819557502,19.66449368273683,-28.22227108640328,-147.85659921245292,False
1791466784.593952,6156.047039031982,1.859646896559091,0.45714800328500105,1.531604204598966,19.12243416383316,-31.408883597007737,-148.63833052437502,False
1791466784.708611,6156.161698102951,1.8332108951169344,0.498594935130505,1.4077370288050504,19.780686547741265,-30.694555976194717,-145.69089778133718,False
1791466787.227184,6158.680271148682,0.4211286019185152,1.6093220894493376,0.5301120852901797,16.371194802058834,17.967860586524523,-174.75389536807074,False
1791466787.342991,6158.796078205109,0.34365736116035595,1.5841284634800223,0.5710512343365903,17.897168116726156,19.13753358016322,-173.52456299769915,False
1791466787.415261,6158.868348121643,0.2935468932740386,1.5504292143361253,0.5509156840523617,22.522267954582453,25.560773969914518,-168.78377157682496,False
1791466787.533422,6158.9865090847015,0.26481564957443693,1.5231476027567175,0.5447923494299594,20.00209461196909,27.52402097987957,-169.8986924406114,False
1791466787.646603,6159.099690198898,0.21151194974422638,1.4850994002208222,0.5940958056737098,17.583343961025754,28.789357336395785,-165.29847239836235,False
1791466787.761382,6159.214469194412,0.21954332453194514,1.4619474138423068,0.5004359442282476,5.053832260811619,28.504017774564694,-157.7727801893515,False
1791466787.850086,6159.303173065186,0.2486207296369356,1.446036003016191,0.39652893548818424,3.7702890139661895,28.379405969150053,-145.92416596586148,False
1791466788.158178,6159.611265182495,0.30804707508023343,1.2473285870103605,0.44153104223282424,-10.346852798215043,10.263441166735022,-96.44775574639503,True
1791466788.373493,6159.826580047607,0.30559317315486645,0.9862043108316709,0.8360987081840441,4.4459537034605106,3.631704060657018,-53.45032763507629,False
1791466788.576783,6160.029870033264,0.3678005885181095,0.8968456265142147,0.7230260802003623,20.07052010077887,-47.71571704073616,-47.826376739256524,False
1791466788.656483,6160.109570026398,0.3335118750752717,0.8284949567867452,0.8259092171837827,25.63096759832512,-46.075062838074736,-43.55745213810237,False
1791466788.868093,6160.321180105209,0.3027145371480008,0.7658781477852323,0.7585578404334719,28.637609902404872,-46.37369892122408,-32.251319239682864,False
1791466789.090172,6160.543259143829,0.2636051071622073,0.7061171253331338,0.700838446235545,33.101197657561364,-39.23567488969503,-36.032091874039374,False
1791466789.315676,6160.768763065338,0.24501302504954525,0.6808578076849379,0.6986645864860352,2.0155754743448826,1.5765881425989203,-18.416460415588396,False
1791466789.416511,6160.869598150253,0.20789794378117277,0.6404697830657986,0.7639794760534824,28.041533826850852,-41.8362113058889,-32.42750140614231,False
1791466789.510429,6160.963515996933,0.21388734744735227,0.6631007526905408,0.7044439846027393,6.2984497935067045,-0.501862532117997,-17.499118881682993,False
1791466789.597567,6161.050654172897,0.19198254049565378,0.6329558920721716,0.7736756375750731,6.384102947090709,-0.571853211349832,-12.115279661881717,False
1791466789.67727,6161.130357027054,0.24269673656643054,0.6714473555434493,0.6083688071772029,2.469824077508174,3.6214705347933385,-4.627008709791557,False
1791466789.781309,6161.234395980835,0.24457677174321324,0.6703431491283178,0.601781845156879,6.548470851239335,3.928660755468023,-3.0778981102148153,False
1791466789.917806,6161.370893001556,0.2022109302272067,0.6341122410449327,0.7227350188849209,10.269157209642442,5.067548045493396,1.2491718456149412,False
1791466811.878106,6183.3311932086945,0.27144052014456777,0.3052382158092206,0.7143553643908622,25.35622256428686,-17.176996036304,-7.890862685653665,False
1791466811.9988,6183.451887130737,0.27144052014456777,0.3052382158092206,0.7143553643908622,25.35622256428686,-17.176996036304,-7.890862685653665,False
1791466812.118691,6183.571778059006,0.33554820656584083,0.4090752927448007,0.49843850585424265,8.47053467917059,5.990692109620893,-0.29253252306890243,False
1791466812.209941,6183.663028001785,0.33554820656584083,0.4090752927448007,0.49843850585424265,8.47053467917059,5.990692109620893,-0.29253252306890243,False
1791466812.33236,6183.7854471206665,0.33554820656584083,0.4090752927448007,0.49843850585424265,8.47053467917059,5.990692109620893,-0.29253252306890243,False
1791466812.421033,6183.8741199970245,0.2945516792364703,0.3464454174179281,0.6310770568932162,13.591163700348867,-3.922953557038131,-3.452948719219738,False
1791466812.543365,6183.996452093124,0.2945516792364703,0.3464454174179281,0.6310770568932162,13.591163700348867,-3.922953557038131,-3.452948719219738,True
1791466812.66419,6184.117277145386,0.3155204507942855,0.3770961694265118,0.5673907754590481,8.49744434932653,1.7234031469483593,-0.9250262581239653,False
1791466812.769743,6184.222830057144,0.31971312233917437,0.3819917757292386,0.5572534232181012,7.770554407019503,-2.928604116520712,-3.0428801821122535,False
1791466812.879747,6184.332834005356,0.2945516792364703,0.3464454174179281,0.6310770568932162,13.591163700348867,-3.922953557038131,-3.452948719219738,False
1791466812.990139,6184.443226099014,0.2945516792364703,0.3464454174179281,0.6310770568932162,13.591163700348867,-3.922953557038131,-3.452948719219738,False
1791466813.096675,6184.549762010574,0.3179161275662368,0.38279350985407734,0.5565259573997299,40.35310652078219,-33.80040550539032,-16.426011799141154,False
1791466813.210966,6184.664053201675,0.3155204507942855,0.3770961694265118,0.5673907754590481,8.49744434932653,1.7234031469483593,-0.9250262581239653,False
1791466813.311256,6184.7643430233,0.33554820656584083,0.4090752927448007,0.49843850585424265,8.47053467917059,5.990692109620893,-0.29253252306890243,False
1791466813.420908,6184.873995065689,0.3155204507942855,0.3770961694265118,0.5673907754590481,8.49744434932653,1.7234031469483593,-0.9250262581239653,False
1791466813.525513,6184.978600025177,0.2945516792364703,0.3464454174179281,0.6310770568932162,13.591163700348867,-3.922953557038131,-3.452948719219738,False
1791466813.620974,6185.074061155319,0.3179161275662368,0.38279350985407734,0.5565259573997299,40.35310652078219,-33.80040550539032,-16.426011799141154,True
1791466813.738765,6185.191852092743,0.3179161275662368,0.38279350985407734,0.5565259573997299,40.35310652078219,-33.80040550539032,-16.426011799141154,False
1791466813.842587,6185.295674085617,0.33554820656584083,0.4090752927448007,0.49843850585424265,8.47053467917059,5.990692109620893,-0.29253252306890243,False
1791466813.932962,6185.386049032211,0.31971312233917437,0.3819917757292386,0.5572534232181012,7.770554407019503,-2.928604116520712,-3.0428801821122535,False
1791466814.078846,6185.531933069229,0.33681751488798306,0.40921974241326575,0.49818205591005604,8.558602220853642,1.9297526784367083,-2.143046775838304,False
1791466814.188186,6185.641273021698,0.3155204507942855,0.3770961694265118,0.5673907754590481,8.49744434932653,1.7234031469483593,-0.9250262581239653,False
1791466814.304553,6185.757640123367,0.3179161275662368,0.38279350985407734,0.5565259573997299,40.35310652078219,-33.80040550539032,-16.426011799141154,False
1791466814.422708,6185.875795125961,0.2945516792364703,0.3464454174179281,0.6310770568932162,13.591163700348867,-3.922953557038131,-3.452948719219738,False
1791466814.555477,6186.008563995361,0.3179161275662368,0.38279350985407734,0.5565259573997299,40.35310652078219,-33.80040550539032,-16.426011799141154,False
1791466814.668744,6186.121831178665,0.33681751488798306,0.40921974241326575,0.49818205591005604,8.558602220853642,1.9297526784367083,-2.143046775838304,True
1791466814.796484,6186.249571084976,0.3155204507942855,0.3770961694265118,0.5673907754590481,8.49744434932653,1.7234031469483593,-0.9250262581239653,False
1791466814.917937,6186.371024131775,0.29688401183332,0.34841537950768253,0.6270136901533205,12.98593813554552,2.057147490043342,-0.8614072959555885,False
1791466815.026722,6186.479809045792,0.32594912820744815,0.3942347904683732,0.5328698342504468,42.6713740763996,-28.063642278570875,-14.14237298927632,False
1791466815.116369,6186.569456100464,0.3214311639065681,0.38394318940473116,0.5507293083195282,12.605049184019892,6.883903781325335,0.07084632969330334,False
1791466815.209443,6186.662530183792,0.3179161275662368,0.38279350985407734,0.5565259573997299,40.35310652078219,-33.80040550539032,-16.426011799141154,False
1791466815.311753,6186.764840126038,0.29688401183332,0.34841537950768253,0.6270136901533205,12.98593813554552,2.057147490043342,-0.8614072959555885,False
1791466815.413889,6186.86697602272,0.27144052014456777,0.3052382158092206,0.7143553643908622,25.35622256428686,-17.176996036304,-7.890862685653665,False
1791466815.502706,6186.955793142319,0.3179161275662368,0.38279350985407734,0.5565259573997299,40.35310652078219,-33.80040550539032,-16.426011799141154,False
1791466815.634094,6187.087181091309,0.3155204507942855,0.3770961694265118,0.5673907754590481,8.49744434932653,1.7234031469483593,-0.9250262581239653,False
1791466815.741812,6187.194899082184,0.3155204507942855,0.3770961694265118,0.5673907754590481,8.49744434932653,1.7234031469483593,-0.9250262581239653,True
1791466815.842148,6187.295235157013,0.2945516792364703,0.3464454174179281,0.6310770568932162,13.591163700348867,-3.922953557038131,-3.452948719219738,False
1791466815.957178,6187.410265207291,0.2945516792364703,0.3464454174179281,0.6310770568932162,13.591163700348867,-3.922953557038131,-3.452948719219738,False
1791466816.055166,6187.508253097534,0.3179161275662368,0.38279350985407734,0.5565259573997299,40.35310652078219,-33.80040550539032,-16.426011799141154,False
1791466816.147961,6187.601047992706,0.3179161275662368,0.38279350985407734,0.5565259573997299,40.35310652078219,-33.80040550539032,-16.426011799141154,False
1791466816.267343,6187.720430135727,0.3179161275662368,0.38279350985407734,0.5565259573997299,40.35310652078219,-33.80040550539032,-16.426011799141154,False
1791466816.38904,6187.842127084732,0.2945516792364703,0.3464454174179281,0.6310770568932162,13.591163700348867,-3.922953557038131,-3.452948719219738,False
1791466816.498599,6187.951686143875,0.2945516792364703,0.3464454174179281,0.6310770568932162,13.591163700348867,-3.922953557038131,-3.452948719219738,False
1791466816.602765,6188.055852174759,0.29688401183332,0.34841537950768253,0.6270136901533205,12.98593813554552,2.057147490043342,-0.8614072959555885,False
1791466816.696635,6188.149722099304,0.3155204507942855,0.3770961694265118,0.5673907754590481,8.49744434932653,1.7234031469483593,-0.9250262581239653,False
1791466816.799011,6188.252098083496,0.3155204507942855,0.3770961694265118,0.5673907754590481,8.49744434932653,1.7234031469483593,-0.9250262581239653,True
1791466816.906562,6188.359649181366,0.2945516792364703,0.3464454174179281,0.6310770568932162,13.591163700348867,-3.922953557038131,-3.452948719219738,False
1791466817.025952,6188.4790391922,0.2945516792364703,0.3464454174179281,0.6310770568932162,13.591163700348867,-3.922953557038131,-3.452948719219738,False
1791466817.113089,6188.566176176071,0.3179161275662368,0.38279350985407734,0.5565259573997299,40.35310652078219,-33.80040550539032,-16.426011799141154,False
1791466817.193913,6188.647000074387,0.3155204507942855,0.3770961694265118,0.5673907754590481,8.49744434932653,1.7234031469483593,-0.9250262581239653,False
1791466817.324071,6188.777158021927,0.32594912820744815,0.3942347904683732,0.5328698342504468,42.6713740763996,-28.063642278570875,-14.14237298927632,False
1791466817.44421,6188.897297143936,0.33554820656584083,0.4090752927448007,0.49843850585424265,8.47053467917059,5.990692109620893,-0.29253252306890243,False
1791466817.543609,6188.996695995331,0.2945516792364703,0.3464454174179281,0.6310770568932162,13.591163700348867,-3.922953557038131,-3.452948719219738,False
1791466817.642364,6189.095451116562,0.3155204507942855,0.3770961694265118,0.5673907754590481,8.49744434932653,1.7234031469483593,-0.9250262581239653,False
1791466817.752046,6189.205133199692,0.27144052014456777,0.3052382158092206,0.7143553643908622,25.35622256428686,-17.176996036304,-7.890862685653665,False
1791466817.879216,6189.33230304718,0.3179161275662368,0.38279350985407734,0.5565259573997299,40.35310652078219,-33.80040550539032,-16.426011799141154,True
1791466817.979901,6189.432988166809,0.3155204507942855,0.3770961694265118,0.5673907754590481,8.49744434932653,1.7234031469483593,-0.9250262581239653,False
1791466818.086633,6189.539720058441,0.3179161275662368,0.38279350985407734,0.5565259573997299,40.35310652078219,-33.80040550539032,-16.426011799141154,False
1791466818.193729,6189.6468160152435,0.3155204507942855,0.3770961694265118,0.5673907754590481,8.49744434932653,1.7234031469483593,-0.9250262581239653,False
1791466818.295086,6189.748172998428,0.3155204507942855,0.3770961694265118,0.5673907754590481,8.49744434932653,1.7234031469483593,-0.9250262581239653,False
1791466818.415053,6189.8681399822235,0.3155204507942855,0.3770961694265118,0.5673907754590481,8.49744434932653,1.7234031469483593,-0.9250262581239653,False
1791466818.527953,6189.9810400009155,0.2945516792364703,0.3464454174179281,0.6310770568932162,13.591163700348867,-3.922953557038131,-3.452948719219738,False
1791466818.611833,6190.0649201869965,0.2945516792364703,0.3464454174179281,0.6310770568932162,13.591163700348867,-3.922953557038131,-3.452948719219738,False
1791466818.709581,6190.162667989731,0.3179161275662368,0.38279350985407734,0.5565259573997299,40.35310652078219,-33.80040550539032,-16.426011799141154,False
1791466818.795109,6190.2481961250305,0.33554820656584083,0.4090752927448007,0.49843850585424265,8.47053467917059,5.990692109620893,-0.29253252306890243,False
1791466818.927729,6190.380815982819,0.3179161275662368,0.38279350985407734,0.5565259573997299,40.35310652078219,-33.80040550539032,-16.426011799141154,True
1791466819.058494,6190.51158118248,0.3192949284718567,0.37876043987115815,0.5597031060660473,37.1363892229307,-44.44133841605373,-23.058003340199516,False
1791466819.148193,6190.601279973984,0.3195055865559022,0.3775581981049565,0.5613021716038995,8.787151895586613,1.9336266058663232,-3.5285123255488076,False
1791466819.302006,6190.755093097687,0.3195055865559022,0.3775581981049565,0.5613021716038995,8.787151895586613,1.9336266058663232,-3.5285123255488076,False
1791466819.398977,6190.85206413269,0.3080460244318859,0.35110726150960114,0.6082401895751248,8.266133994198237,-2.2823295015846012,-6.941904779012365,False
1791466819.518203,6190.971290111542,0.32380296801439956,0.37695304324326506,0.5627464048117745,8.823602033661443,2.0059652659923084,-3.478246531798486,False
1791466819.629444,6191.082530975342,0.31919827212665286,0.35105408544326333,0.611387227391353,3.774637414424147,-1.189951066022933,-5.122453820898814,False
1791466819.731055,6191.184142112732,0.3458960995486666,0.3762758863202469,0.5545612714336006,8.198753611505076,-2.4087904749151345,-5.4043272099621085,False
1791466819.842317,6191.2954041957855,0.3395218186909922,0.34069931902503714,0.6295280652386088,33.665907986145804,-37.05685943476911,-19.90273412744183,False
1791466819.940328,6191.393414974213,0.34839432836694606,0.3332167905036538,0.6341671093528674,14.526558580040291,-3.2511962884456724,-5.634103298276205,True
1791466820.046824,6191.49991106987,0.3759334079318699,0.36150623110441304,0.5763601701186096,9.419704573867683,2.8020367445554477,-2.8735678810957888,False
1791466820.257395,6191.710482120514,0.391420624084049,0.36293641329667836,0.5725449461848737,41.801255479812546,-39.91113087618317,-23.010530356443088,False
1791466820.35115,6191.804237127304,0.374716522479712,0.3226979302188375,0.6520671726097027,14.960874048158363,-2.8087177330178257,-2.604165084992,False
1791466820.451629,6191.904716014862,0.379175563267626,0.3221682583325878,0.6534132146168834,15.020437423825353,-2.7351876040311587,-2.554137012217443,False
1791466820.537984,6191.991070985794,0.3836375855809627,0.3216443315772559,0.6547507614588963,15.07983696966618,-2.6615276756717896,-2.504094479151532,False
1791466820.672878,6192.125965118408,0.3925704661804593,0.32061366800467583,0.6574004462419651,15.198144997707471,-2.5138189437289733,-2.4039653631154114,False
1791466820.798639,6192.251726150513,0.40151494841249036,0.31960584876566744,0.6600163798263856,15.315798997059124,-2.365592601231885,-2.3037764246641284,False
1791466820.963743,6192.416830062866,0.4199953848070246,0.31881301577965915,0.6573202945550416,14.137778953187,4.157735334272782,3.3229608421603944,True
1791466821.048419,6192.501506090164,0.429958206313629,0.3126793073720091,0.6707648904657755,15.738032154199873,-1.9122555405490782,0.7399080023969651,False
1791466821.155795,6192.608882188797,0.44797468539865204,0.31087610050138115,0.6756823349676297,15.967270752405545,-1.610767771048545,0.9409715124228438,False
1791466821.26776,6192.720847129822,0.4845067948148212,0.3456069688047547,0.6063583000473138,40.03618281077723,-28.275293165356235,-10.74444474245251,False
1791466821.480276,6192.933363199234,0.5063396848629974,0.3404810905479583,0.618553336482496,38.35418872871747,-33.85388599973266,-12.851291739449351,False
1791466821.680693,6193.133780002594,0.5105506170016114,0.30748538519737845,0.6842502874588132,10.026516010093555,-0.18373001336578978,3.1924035957393317,False
1791466821.797995,6193.2510821819305,0.5240970128848899,0.30627679601385105,0.6878025106617658,10.132245154949578,0.0051788258278844335,3.3277371402133076,False
1791466821.889605,6193.3426921367645,0.5376644923462119,0.30511384002636954,0.6912898502807865,10.23645367067964,0.19417912339401927,3.462792298631119,False
1791466822.017725,6193.470812082291,0.5510720884115947,0.3019733926613306,0.6968857638001515,32.795382961950196,-24.1589680796982,-5.676390968119349,True
1791466822.115585,6193.568672180176,0.5693147595499604,0.3007462934036631,0.700942355827483,32.62621165702971,-23.713325154815095,-5.419059548194031,False
1791466822.21622,6193.6693069934845,0.5833836646185939,0.3099430492832609,0.6823323579345746,14.632313760989758,-9.906327889480028,0.507547590505664,False
1791466822.330911,6193.783998012543,0.602897888528389,0.3112368643177392,0.6784311023813854,8.645855534524369,-5.714384998127759,1.1307368129503774,False
1791466822.433814,6193.886901140213,0.6232900905847087,0.3386887192857284,0.6240322825613869,51.963687613925956,-10.207285299489989,1.9052582996951548,False
1791466822.534262,6193.987349033356,0.6242240672841728,0.29757027601848196,0.7123758424054603,32.11672011553207,-22.392907330427366,-4.6551114484820735,False
1791466822.640402,6194.0934891700745,0.6468003111338494,0.33212138471296737,0.6423027082579149,39.469256298694056,-23.07189509764606,-5.134469894541104,False
1791466822.754409,6194.207496166229,0.6532260561432713,0.3312985129297339,0.6437608534637436,10.77059824338097,0.9650826998811183,5.5361336251926145,False
1791466822.837474,6194.290561199188,0.6599276881482078,0.3317628157331767,0.6518723853908326,24.190646850133827,7.8082150392600935,12.289886061584985,False
1791466822.933559,6194.386646032333,0.6526095220628758,0.29301823762878776,0.7413854208691846,41.24116684987671,-13.759413938228573,4.848725809121178,False
1791466823.024156,6194.477243185043,0.6491227676504442,0.2672575349331583,0.8002673153537079,16.000139257232817,-11.77823523148489,8.663947437369249,True
1791466823.128072,6194.581159114838,0.670096126501333,0.3005908146547276,0.7428741915115924,10.604818495679671,0.43551540829548785,13.994846302856178,False
1791466823.241076,6194.69416308403,0.693727454378628,0.33600695756823074,0.6810410441368133,10.857288421887857,-0.03937234331248982,19.229380318880878,False
1791466823.349548,6194.802635192871,0.697506350364655,0.32979679797641603,0.7118250502748604,31.018778306604943,-21.03490871833182,12.853830449999196,False
1791466823.4418,6194.894887208939,0.7017877599267115,0.3145509883165787,0.752904261042461,17.336948175633978,3.11706680741748,24.79276336475188,False
1791466823.545002,6194.9980890750885,0.7187668032583955,0.3359720320793962,0.7344635314820538,38.50018931136104,-17.637339031093518,17.858265125184996,False
1791466823.649187,6195.102274179459,0.7259724576748112,0.33543287331819616,0.7505529445464441,39.460719641009966,-25.110284425502257,16.490636446718586,False
1791466823.741691,6195.194778203964,0.7311182703406063,0.3264768963296809,0.7906895602113981,39.090821576600035,-24.64049130772251,18.716855393631565,False
1791466823.951292,6195.40437912941,0.7482641328733957,0.33612213565648585,0.8112296632774361,11.485521743209496,0.1557159566889591,35.64445138192608,False
1791466824.060901,6195.513988018036,0.7670984006819619,0.3751445068987891,0.7561262740474768,33.81519679688148,-26.353140334217407,27.089418735403,True
1791466824.145621,6195.598708152771,0.7725949811882239,0.3762705899492602,0.7739498855069895,11.855522529315827,9.109900747293592,43.56249755041032,False
1791466824.464271,6195.917358160019,0.7950163711314657,0.3793447102695786,0.8635004763954091,38.45135746882353,-19.403255722108643,44.019497926367904,False
1791466824.674213,6196.127300024033,0.8130185684795415,0.41839880316359945,0.8413772338825551,22.69586913813555,15.29364381723212,63.36584771535226,False
1791466824.856211,6196.309298038483,0.8215047396229875,0.4368918596655902,0.8353718722810788,16.752635990445835,14.361311034904212,62.98652641647807,False
1791466824.98296,6196.436047077179,0.8184115660504843,0.4082233023151254,0.9233518551440358,16.911591733294816,7.3095179229979115,62.725316980745504,False
1791466825.107768,6196.560855150223,0.8342387869987569,0.4615613127807714,0.8343122871983399,36.89004161965686,-17.289610926176636,53.28493768886025,True
1791466825.231046,6196.684133052826,0.8310106014108043,0.4402634951269573,0.9020639809970281,27.60096520475234,-20.191560215730842,54.15346999774623,False
1791466825.33187,6196.784957170486,0.8334067841619807,0.4336045386657379,0.9579442202716888,12.02256674756122,-2.934869398175688,63.355785274067614,False
1791466825.447618,6196.900705099106,0.8425929938248381,0.46429898861798136,0.9291302118810125,23.60790911390412,11.985396932012728,72.60283657079476,False
1791466825.560771,6197.01385807991,0.8478921100060884,0.4820880192164101,0.9074894187140328,8.912535590617534,9.390639144195621,69.7969422698917,False
1791466825.663213,6197.116300106049,0.8520592112147405,0.4959250608319825,0.9338992895580147,29.161788601584096,-9.257086443670751,69.21916612721355,False
1791466825.750804,6197.203891038895,0.8579545561624696,0.5278559133764729,0.9021157964694662,25.424109121619484,-27.395046611815395,64.82183215642371,False
1791466825.85249,6197.305577039719,0.8556539566392973,0.5269366443408396,0.9558361659883312,7.875625518996904,9.071992277633171,78.57230534156207,False
1791466825.975932,6197.429018974304,0.8544581390618469,0.5312820956670199,0.9803963461627241,33.93369168873562,-13.696181209780432,73.34820636922446,False
1791466826.079862,6197.532949209213,0.8590401111440253,0.5644729713983354,0.9471707551723858,24.295545577548435,-20.787135895716332,74.47431211568386,False
1791466826.161834,6197.614921092987,0.8570012493228195,0.563961377720962,0.9878060357502334,7.665333034218163,9.033285313881038,85.80900306741138,True
1791466826.258444,6197.711531162262,0.8629693984985022,0.6054080106299404,0.9274411315970768,30.756388795629327,-20.763159884390305,77.29638357334014,False
1791466826.349993,6197.80308008194,0.8566780011563143,0.5959763482462754,1.0056773557869696,23.46876818891205,-21.36101044725333,80.13685306008605,False
1791466826.436084,6197.889171123505,0.8599495414556442,0.6247874973988727,0.9604342899658129,30.863309120725198,-12.079973622657883,86.0364675786632,False
1791466826.545024,6197.998111009598,0.8596701806722163,0.6501340886608404,0.942216215403191,23.345870237847148,-22.35095827418005,84.19487106706671,False
1791466826.634222,6198.087309122086,0.8617518647097818,0.6787433836358949,0.8873993549161834,29.82558178015829,-26.84520727253106,82.76289079776559,False
1791466826.72561,6198.178697109222,0.8584720284687227,0.6912260026802552,0.9024958521665316,28.723015948966562,-20.804648971757707,87.58395711320472,False
1791466826.859649,6198.312736034393,0.8365705752036151,0.6372051789554556,1.1137233645315705,17.150037150105128,-16.364232498472347,92.07726515661841,False
1791466826.942437,6198.395524024963,0.8418471389639964,0.6843346464056099,1.0208054742133679,22.151721182301667,-22.77955497613587,91.50655298772911,False
1791466827.041104,6198.494191169739,0.8353270703470651,0.7128476018191858,1.0032141379302542,21.8679281010383,-23.2342323399803,94.26940520618697,False
1791466827.128185,6198.581272125244,0.8302623048666946,0.7231181090567702,1.0240051224003373,27.54225746949497,-20.96085581859062,96.5443976399051,False
1791466827.226288,6198.679375171661,0.8064096372211581,0.6917390299022923,1.1996048005039484,20.66477447441488,-13.20526335643918,101.4840234685491,True
1791466827.42747,6198.880557060242,0.8205036543647641,0.7985834207703426,0.9610321625945546,6.0609464358419975,15.947810029523477,108.07287370098162,False
1791466827.543002,6198.996088981628,0.8104193663269078,0.7927979238461305,1.025670871473043,31.825787159361884,-20.507178207684504,98.57475890126626,False
1791466827.637579,6199.090666055679,0.8025566093682122,0.7884798686764165,1.076495511687095,27.86081547225353,-27.54898203681175,96.75182499311113,False
1791466827.756528,6199.209614992142,0.8066936614120284,0.828152117412714,1.003616749176222,25.57832906296518,-22.543027790903096,99.26293135837668,False
1791466827.848856,6199.301943063736,0.7909047439311081,0.8050610264815803,1.128889278561378,23.36467973203471,-14.571495408563157,100.36664307021256,False
1791466827.94852,6199.401607036591,0.7986655459140943,0.8532375905224341,1.0133301562399213,26.656215022689764,-28.66956980119358,95.0054311764831,False
1791466828.051946,6199.505033016205,0.7918096795903956,0.8661138073573755,1.036423880094286,30.16614449224114,-21.74726123045297,98.501174928966,False
1791466828.158245,6199.611332178116,0.7784023573092239,0.8560894306627422,1.1335957105789762,22.221100164009236,-16.112259448751193,100.05017782909431,False
1791466828.244556,6199.697643041611,0.7788792472118141,0.8831052574057865,1.1098244847181253,24.467603330557406,-23.61043365619567,98.21954255778111,True
1791466828.329797,6199.782884120941,0.7790303543239072,0.9060829672515718,1.069561475626832,29.264741874380416,-23.085630805396963,95.43470799268967,False
1791466828.458308,6199.911395072937,0.7669151471250617,0.9094839352013679,1.1394822140594165,24.02369473777941,-24.607734157172928,95.18383167076553,False
1791466828.548169,6200.001255989075,0.7726491483232738,0.9361940299680478,1.07190597769937,28.609334533275984,-23.584554947551666,95.43855955233698,False
1791466828.661283,6200.114370107651,0.760651317867,0.9407472386194136,1.139575665393624,23.46085659338229,-25.188164527368563,95.18280096420565,False
1791466828.758374,6200.2114610672,0.7663303350743746,0.9664487779014579,1.0735833824550016,27.956965404357632,-24.095102400667397,95.44681394696413,False
1791466828.869819,6200.3229060173035,0.7636673985042582,0.9778571809000094,1.0779079957803903,-4.960777875662367,13.963748131689018,101.0630944984668,False
1791466828.957077,6200.410164117813,0.7528162162076437,0.9665884510702278,1.163697517954486,20.431777233984125,-19.5417363095328,96.60108646965772,False
1791466829.071844,6200.524931192398,0.7508056781998325,0.9727920163545993,1.177621280374022,27.31604811211305,-19.089346029610805,95.35145766260538,False
1791466829.160338,6200.613425016403,0.7607871628459434,0.9986660497280171,1.0780994040156031,28.23137258456896,-29.945641605294526,91.3298158640545,False
1791466829.269644,6200.722731113434,0.7503115616560959,0.985551234284116,1.1674107211152003,27.649336318972313,-25.050735470538026,94.07171292156806,True
1791466829.364017,6200.817104101181,0.764333845504032,1.020697808350585,1.041259107010894,23.857976383470653,-31.273277466863643,92.50989216932486,False
1791466829.458735,6200.911822080612,0.7597579706086887,1.0190431270555202,1.0787273127482773,27.82276693494903,-30.14784005801598,91.42710755206673,False
1791466829.573153,6201.026240110397,0.7438394600790431,1.0061922728439125,1.1795554753065987,-3.2901502812961,5.313659005731375,100.59539199045996,False
1791466829.683112,6201.136198997498,0.7534931000185928,1.030726891935666,1.0957755348232445,26.616475862845277,-25.712847309883188,92.45519816223596,False
1791466829.780309,6201.233396053314,0.7429977763313149,1.0245878632617833,1.181673839378791,26.009989102477313,-20.047126306294246,95.31326940258452,False
1791466829.876631,6201.329718112946,0.7437337945569293,1.0383225112133763,1.1578478569726713,-0.15116127274765376,12.532853892777748,100.16602781587817,False
1791466829.986652,6201.439738988876,0.7267541503551619,1.027144603236304,1.2806024083870526,26.287997486510633,-20.191962195367875,93.99000406612716,False
1791466830.083366,6201.536453008652,0.7376364150966531,1.052849417754942,1.184972759797923,26.26608128405971,-26.703453202420636,91.01392529024706,False
1791466830.176936,6201.6300230026245,0.7404935554023695,1.0703694720324128,1.155696163677311,21.182702240759316,-27.778358306905332,92.34062891057532,False
1791466830.267628,6201.720715045929,0.7445486976391296,1.0889565247269632,1.1068072890967522,29.89359530158362,-26.64907649509769,91.09567652568384,False
1791466830.385349,6201.838436126709,0.7318889003548744,1.0775282156606385,1.1984044748210931,-10.049516282816505,10.89475684451285,96.93887981447277,True
1791466830.478495,6201.9315819740295,0.7332887500241486,1.0869870335813039,1.1835528952832899,-5.617246984795866,11.803203204317635,98.38655140420234,False
1791466830.571536,6202.024623155594,0.7303431174766654,1.0898512929567947,1.1963877549936481,-4.428901554317334,7.1463751367805735,97.5220572825034,False
1791466830.676549,6202.129636049271,0.7189520784041198,1.0809895280970585,1.2820121331791685,25.003315016040506,-21.19998279752748,93.96905000901594,False
1791466830.767211,6202.220298051834,0.7183754172755862,1.0917814718844414,1.2823132817579386,24.739566899732868,-21.378190882046297,93.97953953686672,False
1791466830.867275,6202.320362091064,0.7299272403497749,1.1164166450430644,1.1827968039495662,24.96309795897925,-27.64785175556294,91.17121914958804,False
1791466830.959875,6202.412962198257,0.7273984016389006,1.1254791797349222,1.1988968954908685,29.266683568253878,-27.452301794768186,89.7638952126287,False
1791466831.067044,6202.520131111145,0.7068249420887606,1.1057735343124988,1.357270692824692,17.832781597565454,-23.410977373058596,93.82271933237274,False
1791466831.177457,6202.630544185638,0.7153588146064993,1.1327379820206993,1.2803784801134452,24.40305703004862,-28.16578770249149,89.8738968532228,False
1791466831.26482,6202.717907190323,0.7124389103840876,1.1406526999909967,1.2898738878530023,29.18282987088748,-23.57829097965457,88.9975410563834,False
1791466831.385451,6202.838538169861,0.7118195711324542,1.1514422646390334,1.2903323325210851,28.921568643242402,-23.705312820618158,89.02789669649998,True
1791466831.468892,6202.921979188919,0.7115117621166609,1.1568427350130637,1.2905324100145523,28.79089290341,-23.769432000644652,89.04324292113374,False
1791466831.563479,6203.016566038132,0.7135168611199192,1.1663914260409383,1.2903796726269694,23.633820451327626,-23.942656129540996,87.5183911073562,False
1791466831.673741,6203.126828193665,0.7052905219536443,1.1596553112033752,1.3765218736331595,24.641098552767104,-17.66810238166081,86.94721618431018,False
1791466831.779825,6203.232912063599,0.7096489296635742,1.1722712709076302,1.3673969548197653,23.483101600315027,-25.10033565128416,82.60786459849449,False
1791466831.885496,6203.338582992554,0.7139238768959809,1.1836287825855276,1.336060861322021,-12.938361381454984,6.053555924717004,85.68983723885606,False
1791466832.00292,6203.456007003784,0.7220405956110848,1.202534013911182,1.3054111630628902,29.435657375223272,-22.233708962074534,77.96549337446606,False
1791466832.09142,6203.544507026672,0.7267469647845712,1.212544739985614,1.2934101335239507,27.746489649273382,-27.61111600914524,74.066175347474,False
1791466832.180764,6203.633851051331,0.7285332230260887,1.2217926558590562,1.3348612778241065,28.90000006643167,-23.74614547185167,72.74019478162865,False
1791466832.291694,6203.7447810173035,0.7250543337929297,1.224678929210706,1.4245984255181279,24.76932771547661,-23.035503733989678,67.71251630555506,False
1791466832.487596,6203.94068312645,0.7362591417144246,1.2457782918147484,1.4351908889331075,-14.815915159884906,11.92154525368595,68.1803809407765,False
1791466832.581697,6204.034784078598,0.7435326559150843,1.2577457959081795,1.4209165360036895,-8.876380466192977,15.244911462559998,67.72004157378561,False
1791466832.675751,6204.128838062286,0.7541442028811569,1.2704248171074786,1.3770907641584906,-20.360661277011555,11.948981553547107,63.61386037531075,False
1791466832.770442,6204.223529100418,0.7685640782130252,1.2895151535075813,1.3417788142978258,31.02160596988874,-30.271761520976096,55.06761343024364,False
1791466832.887573,6204.340660095215,0.7682909178513961,1.2910789968477598,1.4470715436085513,33.5080261353135,-27.77173212551922,53.53022240721623,False
1791466832.991349,6204.444436073303,0.7679766294804153,1.2863550610373378,1.5376480705354445,30.592562530146644,-24.672358076540384,54.11345252078428,False
1791466833.093261,6204.54634809494,0.7755453283680085,1.2988458061724661,1.5580449433858914,23.913718505223766,-26.340129499452186,51.24413749693227,False
1791466833.180804,6204.633891105652,0.7893689383477873,1.314188488170285,1.497648772727393,-21.140854638204583,15.880732879545068,54.103449901046986,False
1791466833.381438,6204.834525108337,0.8032759087282184,1.3239994034743257,1.5934411669356172,29.84534871385423,-28.220961162120744,41.29035189161389,False
1791466833.51119,6204.9642770290375,0.8101876873065684,1.3279188722454356,1.6598081391967794,26.773493612265206,-31.61095292947509,38.550219985071394,True
1791466833.643913,6205.09700012207,0.8175612609574848,1.3340136676433998,1.6620686655922143,26.658338465851863,-25.251187303350765,39.3530523792183,False
1791466834.003711,6205.45679807663,0.854350282055649,1.3628244920172246,1.563383829005922,28.434992908871013,-29.319015695748533,34.16090264135154,False
1791466834.095256,6205.54834318161,0.8714538685731895,1.3681902545032634,1.6542807223841112,-18.760176692847846,20.70064884939672,33.63097489742572,False
1791466834.210918,6205.664005041122,0.8810896783351145,1.3721522070396133,1.6650808651436084,-23.359598356891325,13.898126099588048,32.60428678365565,False
1791466834.322834,6205.7759211063385,0.9112909546145238,1.388536177315333,1.6320271451767998,-21.44508576036892,20.81863747653875,28.110284462218495,False
1791466834.419051,6205.8721380233765,0.920675897271618,1.387683232509281,1.7244275065681802,27.47134032830884,-31.149619363105852,23.328696077763528,False
1791466834.531332,6205.984419107437,0.9532269754835436,1.4086623552685182,1.56016939180282,-19.820097115679282,27.260261124608125,23.86559968175217,True
1791466834.60591,6206.058997154236,0.9622935493625675,1.402789408885997,1.6799431300776502,26.342850744819483,-32.54391266173431,15.278907949612812,False
1791466834.916068,6206.369155168533,1.0237396593108465,1.410001625312856,1.7341069708346653,31.619529435407976,-26.49225387008583,11.362917154283862,False
1791466835.014586,6206.467673063278,1.0351942967199872,1.4089364051193944,1.7576640238689802,30.743476166617608,-22.25841027628121,11.92392774498672,False
1791466835.107956,6206.561043024063,1.0574810328723367,1.423001008769205,1.5982921151072613,29.08713432835786,-35.065736879770476,6.377281147829507,False
1791466835.191194,6206.6442811489105,1.0651661856561103,1.419844213151692,1.6650007407032903,31.468514449288975,-31.127828600724655,5.208972554686612,False
1791466835.331229,6206.784316062927,1.0818866355772259,1.4112931775085575,1.7899380566383436,27.30663146956716,-27.97474440162749,5.661886570958272,False
1791466835.43185,6206.884937047958,1.0976307442026991,1.4240783709096894,1.6045007787589332,33.62094280456154,-27.572000112428928,2.0742310861862236,False
1791466835.529077,6206.982164144516,1.108533738050992,1.4165045572627415,1.7109375261687654,30.533747365761947,-27.72107852217252,2.0728092239754607,False
1791466835.66006,6207.11314702034,1.1219222194053549,1.4150018866857836,1.7243381584981576,33.92868784841897,-27.974630741436027,0.2719958793470452,True
1791466835.748285,6207.201372146606,1.149320335905181,1.409756981570471,1.7223448611745362,30.243172911132508,-28.04076608055374,-1.547311064176096,False
1791466835.85617,6207.309257030487,1.1619536098190075,1.4027337772222768,1.8217702435012542,26.87135664732224,-28.39401847268582,-1.5887424086099977,False
1791466835.941008,6207.394095182419,1.1813369076283453,1.397716988566161,1.8415914029843887,-22.230800841171984,27.3986097153014,1.4031647260082014,False
1791466836.042997,6207.496083974838,1.2010327053518606,1.3972948784986046,1.8157908271649048,26.29533983255928,-28.646015399692665,-5.14012969117948,False
1791466836.151669,6207.604756116867,1.20656271377087,1.4123155387954205,1.6021978726510282,-24.498322435657098,31.74111836549352,-3.510947936477777,False
1791466836.260583,6207.713670015335,1.2279984620541755,1.3908204184895598,1.8297518900129286,29.93392990881939,-24.453990150365946,-6.618353102579221,False
1791466836.372326,6207.825412988663,1.2309849417929548,1.408693123376271,1.6070652353628314,32.575712708415224,-31.810082546196377,-9.021937373208575,False
1791466836.449016,6207.902103185654,1.2425426582070265,1.4018360716341058,1.6995198977727553,29.513088276738834,-31.917530423829472,-8.995710274390404,False
1791466836.573491,6208.0265781879425,1.2631716510436712,1.3871890676304286,1.8384845836713768,29.98423221404157,-27.633130975491206,-6.792300821901099,False
1791466836.680574,6208.133661031723,1.2798810280952955,1.384754549114806,1.8314155072245613,26.271288749585416,-26.809722239282525,-4.499842710074416,True
1791466836.791883,6208.244970083237,1.289026546195288,1.3868322617180693,1.818483578614281,27.03624545581601,-30.454848188292523,-4.941548319457418,False
1791466836.883792,6208.336879014969,1.3010479506909425,1.3934142890907661,1.741493335865644,33.396082622552704,-30.04909819332608,-6.80396498983603,False
1791466837.02902,6208.482107162476,1.3178913500645668,1.3845989496756936,1.8072816002087344,27.777123546678727,-33.410686135157924,-5.17403335362687,False
1791466837.165518,6208.618605136871,1.3282732550272518,1.3841296600904736,1.825033068073299,26.99267341488581,-29.58581403070592,-4.611565221697509,False
1791466837.257371,6208.710458040237,1.3488407062915584,1.3688120031734303,1.983410320585556,31.316092824909887,-29.30368876724112,-4.924107648381954,False
1791466837.349733,6208.8028202056885,1.3484498882131295,1.3889640844707134,1.7284426940899427,30.852277049924034,-31.79056066398744,-4.735333988532633,False
1791466837.436487,6208.889574050903,1.3538526628896745,1.389500529964719,1.7292214339302752,30.837215432738784,-31.668242689596095,-4.680402337690458,False
1791466837.53472,6208.987807035446,1.3667337341919321,1.3896504590331875,1.7436240055663697,30.138355270859513,-27.852443679763326,-4.021342551668093,False
1791466837.620875,6209.07396197319,1.3860957728104841,1.3716521929156449,1.9273276978513842,23.97249876018233,-28.57834648032002,-0.4457261286493843,False
1791466837.719287,6209.172374010086,1.3942936715981489,1.3673107128119368,1.966915267608957,27.639189903728646,-28.135070957745242,-2.3704458552045486,True
1791466837.864382,6209.317469120026,1.395848834561208,1.3778454932139779,1.8563769455948926,31.638536578022485,-30.734574676530638,-2.6073272208392253,False
1791466838.03455,6209.487637042999,1.4057614660469766,1.3685150720294583,1.968401970519174,27.592690480366006,-27.89232659112205,-2.2610290439816105,False
1791466838.165634,6209.618721008301,1.3981691637578557,1.3892725914787758,1.7207176466307952,31.449409610252523,-34.02611849459344,-4.761599820012996,False
1791466838.258825,6209.711912155151,1.4089752029087175,1.390437949973999,1.7220845326382301,31.42560377852587,-33.785270441148235,-4.653121927861197,False
1791466838.378766,6209.831853151321,1.4290960406777713,1.372071530405382,1.9084230900538492,25.285569386328074,-31.278134385390853,-0.6180310115815321,False
1791466838.465652,6209.918739080429,1.4524268458973746,1.367032309358055,1.9746052027098435,27.518622289127475,-26.884712429686285,-1.8643977336882098,False
1791466838.571454,6210.024541139603,1.4529515248807638,1.3891723831502374,1.7277364648886278,31.433473812733343,-32.80419443164045,-4.27184204697974,False
1791466838.674507,6210.127593994141,1.4691735347271218,1.3760486093381006,1.8653471103611516,-23.32303979699808,35.620502461040964,3.9594517593593386,False
1791466838.782563,6210.235650062561,1.4800665395865225,1.3739098048071379,1.8885004076866658,26.466196423409386,-33.61952137771317,-0.6684455515248662,True
1791466838.880946,6210.33403301239,1.4820959835341543,1.3766713886431035,1.862672530245589,27.751361688443136,-36.693096374571724,-1.13611302352756,False
1791466838.973072,6210.426159143448,1.4924851061552538,1.3758832259667477,1.8687677802056393,31.59712491756585,-28.575552498523674,-1.7482550370612366,False
1791466839.172036,6210.625123023987,1.503734802262282,1.3772349983270546,1.8699824865346302,31.56341551601565,-28.324529122329057,-1.6343497195617915,False
1791466839.294028,6210.747115135193,1.5332483430452228,1.3569289957159913,2.100002175653787,29.383869418131557,-28.86049522081292,0.06873688118896928,False
1791466839.400319,6210.853406190872,1.5344597883142606,1.3605694413846832,2.0474083639991822,25.837306701483808,-29.25856621722638,2.0543737989545865,False
1791466839.497459,6210.95054602623,1.5259652268214974,1.3730505316279435,1.8930982216680907,26.428784063391646,-32.68845779877619,-0.305798559923529,False
1791466839.613257,6211.066344022751,1.5304420457025136,1.3833944555983049,1.7951002983131983,30.42927265709131,-34.2566532185164,-0.3961382476773469,False
1791466839.708421,6211.1615080833435,1.553611194356316,1.3701550196810761,1.9437511530472382,29.43582091314754,-31.983795656829237,-2.082507988787976,False
1791466839.885771,6211.338858127594,1.5935348653212866,1.3577872424346356,2.1059441109152863,29.300612474645433,-27.612512308247627,0.5789651644397086,False
1791466840.013453,6211.46654009819,1.5888051762576763,1.368191939293558,1.9470850233994272,29.44915271652045,-31.252630960875194,-1.8099127288804366,False
1791466840.115,6211.568087100983,1.5945494769056605,1.3689611796675492,1.9475162640677959,29.43296868327651,-31.133641228405622,-1.7553307884187432,False
1791466840.221986,6211.67507314682,1.6205623568795604,1.3520891691620742,2.09961188980987,28.615141199456502,-28.375714817084003,-3.5335271885172888,False
1791466840.346197,6211.799283981323,1.6292663983668527,1.3489314357061735,2.093251790184651,31.065780715514126,-29.807167193718016,-10.078536958886955,False
1791466840.437151,6211.890238046646,1.6242852182326648,1.3549960319737167,1.9811647264076107,31.18338184555357,-28.35558696659135,-7.428093869099454,False
1791466840.540816,6211.993903160095,1.6286358155792624,1.3565535891187046,1.9414866072974388,30.234648456605402,-29.40118880734459,-11.46799248189342,False
1791466840.651331,6212.104418039322,1.6518170993428276,1.3421763256070114,2.0453935903849705,33.25245395218364,-31.320439356127487,-16.78013538806678,False
1791466840.945007,6212.398094177246,1.6650898154948186,1.3355970532497943,1.9725177127113391,32.19562027570548,-31.93179601874194,-20.69779383666474,True
1791466841.068841,6212.521928071976,1.6826269182542548,1.3251536802856303,2.0412851010772575,-23.245144636033878,40.631220658280704,-15.952034635525234,False
1791466841.171489,6212.624576091766,1.7060511025473628,1.308797648000267,2.1431940843280572,25.85201618628387,-31.96789505395253,-20.880576423426138,False
1791466841.291827,6212.744914054871,1.7099546023771839,1.3057947509682182,2.1132097495351734,-23.122834570933225,41.78317240953664,-18.6045214628961,False
1791466841.383356,6212.836443185806,1.7142813844338753,1.3045792208136011,2.0321525714802537,27.702390670394916,-32.98672679212464,-27.235728437398162,False
1791466841.483147,6212.936233997345,1.7260246363904233,1.2941051009182716,2.0484303512154054,-21.306169785300874,43.790387447430916,-24.643753792895538,False
1791466841.897283,6213.350370168686,1.7742848306154366,1.2532801707369923,2.0987842995826465,30.61516970866324,-36.78239731704363,-47.984811233695744,False
1791466842.11575,6213.5688371658325,1.7613494107358103,1.258399670950266,1.8757434660054515,30.94068749461076,-40.5482606952569,-51.35220859716588,False
1791466843.07063,6214.523717164993,1.831243705168295,1.1703357496266482,1.9105548677083184,-16.78564879169575,50.57797853620847,-53.52952073619125,True
1791466843.16359,6214.616677045822,1.8387796908448215,1.1584825275576662,1.910962306054992,-16.722653150470578,50.55523446393397,-53.38131216097813,False
1791466843.560887,6215.013974189758,1.8586777312653435,1.1175625618674228,1.8857379359197899,25.859897551379223,-37.13257189883594,-73.81655985136324,False
1791466843.676764,6215.129851102829,1.8547775678516922,1.1167895286258225,1.8504113926963641,28.016288122111078,-34.45547032896863,-73.22802794048776,False
1791466843.79648,6215.24956703186,1.8720664916601077,1.0936466109163012,1.9224529321673898,23.668338141499973,-34.75418149573718,-73.43831978869461,False
1791466843.998321,6215.451408147812,1.8640323507101093,1.0871067900803735,1.8369009349182215,26.580166592304465,-35.597417399000804,-79.6024267862292,False
1791466844.100294,6215.553381204605,1.8503302554517522,1.0939902040527458,1.7462173634770508,25.713274486660385,-35.461862344012424,-81.66134042897826,True
1791466844.208529,6215.66161608696,1.9058148882312405,1.0360928233404785,2.0297703426165774,26.186717972476853,-32.420450940145315,-84.3334838460935,False
1791466844.306724,6215.759811162949,1.9076309044120547,1.0229672237822456,2.029842625127469,26.378711201609438,-32.39024429227142,-84.44295155307987,False
1791466844.405527,6215.858614206314,1.8648352612246948,1.0541894162824488,1.7853369660828684,25.127823986504282,-36.26409807350837,-85.7422946136855,False
1791466844.516852,6215.969938993454,1.912210707084685,0.9986841194341973,2.037679661492614,26.644560802607135,-27.728495164433387,-87.2930153675475,False
1791466844.631025,6216.084112167358,1.869213567779842,1.0301303521468876,1.7827418733785243,25.714359478352662,-35.75913860978644,-93.02996968292521,False
1791466844.728621,6216.181708097458,1.8744862530818258,1.0172843774448472,1.7956402917980685,29.886136911268267,-34.489598217083724,-98.34861394379446,False
1791466844.832732,6216.28581905365,1.877922950498036,1.0018433154073687,1.803670793031611,24.365718327019415,-32.65266282151554,-92.45654589178845,False
1791466844.946934,6216.400021076202,1.8666751336778662,1.0050191862829627,1.7352282584161345,27.725363689564066,-34.740357221840824,-96.62706001925648,False
1791466845.034996,6216.488083124161,1.8691382516234267,0.9867869383969821,1.7345872346383904,27.999403971903156,-34.71812398844129,-96.80331832104125,False
1791466845.130478,6216.583564996719,1.8878565400357807,0.9520866394863252,1.8129491393135972,29.647178934477576,-30.972739462777753,-97.98589472037611,True
1791466845.24707,6216.700157165527,1.908764215001884,0.9257385023263405,1.902601920605958,26.33262715145936,-28.101318476671768,-93.72133830328245,False
1791466845.327393,6216.780480146408,1.8938708616024806,0.9284236136923203,1.801623874396388,25.464013042237877,-32.35819017494093,-93.04533041370836,False
1791466845.419738,6216.872825145721,1.8685774387464082,0.9463295142029307,1.6583410641588485,26.34025279339267,-35.18577318947155,-95.5243339386073,False
1791466845.528615,6216.98170208931,1.8701893009785044,0.9344224588138899,1.6577213022189698,26.516892873371006,-35.16917158291619,-95.64055265575135,False
1791466845.617408,6217.070495128632,1.9183799627110416,0.8758030740316054,1.8990448799975161,27.033033771649286,-27.93391153121926,-94.03704760057575,False
1791466846.05304,6217.506127119064,1.866554595658087,0.9115890712355061,1.5784999124333212,24.820919748919565,-35.731031575910514,-94.35601914328637,False
1791466846.213184,6217.666271209717,1.9095647766130242,0.8554367107417609,1.7967664307783484,26.55698810015437,-32.09823089786154,-93.63330941281774,True
1791466846.297244,6217.750331163406,1.8931723990501275,0.867639998975813,1.7051341563215723,24.098671254954525,-33.225159117405866,-92.1761838996198,False
1791466846.522339,6217.975426197052,1.8870255432317196,0.8433582095285801,1.6083871042421518,22.483572836929532,-34.184388733825116,-91.13879760023715,False
1791466846.633625,6218.0867121219635,1.906882875042716,0.8085079460979614,1.6999054109349445,24.970646905764095,-32.995227769765286,-92.65980768631451,False
1791466846.819598,6218.272685050964,1.8980805058058428,0.8032403565159643,1.6044212177505357,23.068217460722263,-33.99070755139881,-91.4648439426064,False
1791466846.924285,6218.3773720264435,1.9172797879319305,0.7735782382284764,1.6957110751691338,25.489819412999466,-32.82687766280967,-92.9288856999802,False
1791466847.042596,6218.495683193207,1.9467563057209625,0.725740336525523,1.833667947269158,24.510139420896557,-29.86797408278867,-90.42617431264436,False
1791466847.14035,6218.593437194824,1.9268099656230218,0.7468401383863066,1.7061462685869682,-4.07507081617305,52.14244021868931,-70.80162298346234,False
1791466847.36977,6218.822857141495,1.9106219269132652,0.7516206062398998,1.5982071828126974,23.820662734601434,-33.78488872560577,-91.89801268111289,False
1791466847.482778,6218.935865163803,1.9141167531913141,0.7398852558495908,1.608666387803948,20.397940402308514,-32.96299530748167,-88.35399772120014,False
1791466847.621265,6219.074352025986,1.9322145359945293,0.7098070322749821,1.6737861083909507,27.63258992185629,-32.00208638436454,-89.82707818728424,False
1791466847.723973,6219.177060127258,1.9001883240769675,0.7430959208495713,1.491303633515241,22.206911927679705,-35.0348614739363,-90.97962546052143,False
1791466847.845773,6219.29886007309,1.946798044988129,0.675295206478628,1.712427219485304,23.107127787350436,-31.159724576883434,-89.75356965121965,False
1791466847.929681,6219.382768154144,1.9276338602540584,0.690539460516659,1.6044724006125421,-0.859785814790694,54.58740839364196,-71.67137177690958,False
1791466848.116057,6219.569144010544,1.957998306485093,0.634447200133802,1.7056277205477453,23.702082552795787,-30.963835229762182,-90.047967570996,False
1791466848.226649,6219.67973613739,1.9595566612521602,0.6225215632522554,1.7036965027040711,23.8739040821546,-30.93816067455464,-90.14706471015103,False
1791466848.355084,6219.808171033859,1.9611066311618113,0.610611686998938,1.7016976609338808,24.045532681195677,-30.913379616527077,-90.24621473537591,True
1791466848.64321,6220.0962970256805,1.9235820814127744,0.6468073492123185,1.4732740221850436,20.25860392571943,-34.14695319162979,-88.39142919719802,False
1791466848.755696,6220.208783149719,1.9492713207970507,0.6030978250469532,1.5866848440685035,22.3539067654009,-32.330163612053454,-89.41925708332394,False
1791466848.894321,6220.347408056259,1.9737005424238112,0.5582285958236992,1.6913094000739628,24.810207450541462,-30.71229102030018,-90.63987788801194,False
1791466848.998138,6220.451225042343,1.9742715938011046,0.549180824516672,1.6895814488879828,0.31499656824122263,49.98780483346221,-69.18487273142743,False
1791466875.716274,6247.169361114502,0.573686589587799,0.9190651680340859,0.14275976166582183,65.75792676635594,-66.64567655526793,47.507064676325456,False
1791466875.819942,6247.273029088974,0.5317750927383033,0.8743320635306557,0.26861625485683627,-26.07482586301074,28.59645236011453,59.49635819110476,False
1791466902.842424,6274.295511007309,0.2805188406868211,0.5053618782558662,0.7380989084148828,10.2583542530058,-0.7871467059767959,6.979589937546227,True
1791466902.942991,6274.396078109741,0.3024905257772941,0.5376771586544635,0.6633416649397099,31.8803812449517,-39.1879448352664,-8.576630621367038,False
1791466903.044879,6274.497966051102,0.2805188406868211,0.5053618782558662,0.7380989084148828,10.2583542530058,-0.7871467059767959,6.979589937546227,False
1791466903.148769,6274.601855993271,0.3024905257772941,0.5376771586544635,0.6633416649397099,31.8803812449517,-39.1879448352664,-8.576630621367038,False
1791466903.243185,6274.696272134781,0.2805188406868211,0.5053618782558662,0.7380989084148828,10.2583542530058,-0.7871467059767959,6.979589937546227,False
1791466903.353243,6274.80633020401,0.2805188406868211,0.5053618782558662,0.7380989084148828,10.2583542530058,-0.7871467059767959,6.979589937546227,False
1791466903.464243,6274.917330026627,0.2805188406868211,0.5053618782558662,0.7380989084148828,10.2583542530058,-0.7871467059767959,6.979589937546227,False
1791466903.57279,6275.025876998901,0.2805188406868211,0.5053618782558662,0.7380989084148828,10.2583542530058,-0.7871467059767959,6.979589937546227,False
1791466903.666738,6275.119825124741,0.2805188406868211,0.5053618782558662,0.7380989084148828,10.2583542530058,-0.7871467059767959,6.979589937546227,False
1791466903.785681,6275.2387681007385,0.2805188406868211,0.5053618782558662,0.7380989084148828,10.2583542530058,-0.7871467059767959,6.979589937546227,False
1791466903.900682,6275.35376906395,0.2805188406868211,0.5053618782558662,0.7380989084148828,10.2583542530058,-0.7871467059767959,6.979589937546227,True
1791466903.984277,6275.43736410141,0.2805188406868211,0.5053618782558662,0.7380989084148828,10.2583542530058,-0.7871467059767959,6.979589937546227,False
1791466904.077128,6275.530215024948,0.2805188406868211,0.5053618782558662,0.7380989084148828,10.2583542530058,-0.7871467059767959,6.979589937546227,False
1791466904.182952,6275.636039018631,0.2805188406868211,0.5053618782558662,0.7380989084148828,10.2583542530058,-0.7871467059767959,6.979589937546227,False
1791466904.300507,6275.75359416008,0.2805188406868211,0.5053618782558662,0.7380989084148828,10.2583542530058,-0.7871467059767959,6.979589937546227,False
1791466904.408002,6275.861088991165,0.2805188406868211,0.5053618782558662,0.7380989084148828,10.2583542530058,-0.7871467059767959,6.979589937546227,False
1791466904.513235,6275.966322183609,0.2805188406868211,0.5053618782558662,0.7380989084148828,10.2583542530058,-0.7871467059767959,6.979589937546227,False
1791466904.644584,6276.097671031952,0.2805188406868211,0.5053618782558662,0.7380989084148828,10.2583542530058,-0.7871467059767959,6.979589937546227,False
1791466904.745152,6276.1982390880585,0.2805188406868211,0.5053618782558662,0.7380989084148828,10.2583542530058,-0.7871467059767959,6.979589937546227,False
1791466904.857831,6276.310918092728,0.2805188406868211,0.5053618782558662,0.7380989084148828,10.2583542530058,-0.7871467059767959,6.979589937546227,False
1791466904.976003,6276.429090023041,0.2805188406868211,0.5053618782558662,0.7380989084148828,10.2583542530058,-0.7871467059767959,6.979589937546227,True
1791466905.062613,6276.515700101852,0.2805188406868211,0.5053618782558662,0.7380989084148828,10.2583542530058,-0.7871467059767959,6.979589937546227,False
1791466905.185834,6276.638921022415,0.2805188406868211,0.5053618782558662,0.7380989084148828,10.2583542530058,-0.7871467059767959,6.979589937546227,False
1791466905.252788,6276.70587515831,0.2805188406868211,0.5053618782558662,0.7380989084148828,10.2583542530058,-0.7871467059767959,6.979589937546227,False
1791466905.374099,6276.8271861076355,0.2805188406868211,0.5053618782558662,0.7380989084148828,10.2583542530058,-0.7871467059767959,6.979589937546227,False
1791466905.465557,6276.918644189835,0.2805188406868211,0.5053618782558662,0.7380989084148828,10.2583542530058,-0.7871467059767959,6.979589937546227,False
1791466905.580283,6277.033370018005,0.2805188406868211,0.5053618782558662,0.7380989084148828,10.2583542530058,-0.7871467059767959,6.979589937546227,False
1791466905.674656,6277.127743005753,0.2805188406868211,0.5053618782558662,0.7380989084148828,10.2583542530058,-0.7871467059767959,6.979589937546227,False
1791466905.757487,6277.210574150085,0.2805188406868211,0.5053618782558662,0.7380989084148828,10.2583542530058,-0.7871467059767959,6.979589937546227,False
1791466905.847835,6277.30092215538,0.2805188406868211,0.5053618782558662,0.7380989084148828,10.2583542530058,-0.7871467059767959,6.979589937546227,False
1791466905.942355,6277.395442008972,0.2805188406868211,0.5053618782558662,0.7380989084148828,10.2583542530058,-0.7871467059767959,6.979589937546227,False
1791466906.021774,6277.4748611450195,0.2805188406868211,0.5053618782558662,0.7380989084148828,10.2583542530058,-0.7871467059767959,6.979589937546227,True
1791466906.120765,6277.573852062225,0.2805188406868211,0.5053618782558662,0.7380989084148828,10.2583542530058,-0.7871467059767959,6.979589937546227,False
1791466906.216878,6277.669965028763,0.2805188406868211,0.5053618782558662,0.7380989084148828,10.2583542530058,-0.7871467059767959,6.979589937546227,False
1791466906.339799,6277.792886018753,0.2805188406868211,0.5053618782558662,0.7380989084148828,10.2583542530058,-0.7871467059767959,6.979589937546227,False
1791466906.44392,6277.897006988525,0.2805188406868211,0.5053618782558662,0.7380989084148828,10.2583542530058,-0.7871467059767959,6.979589937546227,False
1791466906.55996,6278.013046979904,0.2805188406868211,0.5053618782558662,0.7380989084148828,10.2583542530058,-0.7871467059767959,6.979589937546227,False
1791466906.670691,6278.123778104782,0.2805188406868211,0.5053618782558662,0.7380989084148828,10.2583542530058,-0.7871467059767959,6.979589937546227,False
1791466906.777759,6278.230846166611,0.2805188406868211,0.5053618782558662,0.7380989084148828,10.2583542530058,-0.7871467059767959,6.979589937546227,False
1791466906.880124,6278.333211183548,0.2805188406868211,0.5053618782558662,0.7380989084148828,10.2583542530058,-0.7871467059767959,6.979589937546227,False
1791466906.995406,6278.448493003845,0.2805188406868211,0.5053618782558662,0.7380989084148828,10.2583542530058,-0.7871467059767959,6.979589937546227,False
1791466907.093182,6278.5462691783905,0.2805188406868211,0.5053618782558662,0.7380989084148828,10.2583542530058,-0.7871467059767959,6.979589937546227,True
1791466907.190998,6278.6440851688385,0.2805188406868211,0.5053618782558662,0.7380989084148828,10.2583542530058,-0.7871467059767959,6.979589937546227,False
1791466907.31285,6278.76593708992,0.2805188406868211,0.5053618782558662,0.7380989084148828,10.2583542530058,-0.7871467059767959,6.979589937546227,False
1791466907.410712,6278.863799095154,0.2805188406868211,0.5053618782558662,0.7380989084148828,10.2583542530058,-0.7871467059767959,6.979589937546227,False
1791466907.53404,6278.987127065659,0.2805188406868211,0.5053618782558662,0.7380989084148828,10.2583542530058,-0.7871467059767959,6.979589937546227,False
1791466907.640195,6279.093281984329,0.2805188406868211,0.5053618782558662,0.7380989084148828,10.2583542530058,-0.7871467059767959,6.979589937546227,False
1791466907.72851,6279.1815969944,0.2805188406868211,0.5053618782558662,0.7380989084148828,10.2583542530058,-0.7871467059767959,6.979589937546227,False
1791466907.845704,6279.29879117012,0.2805188406868211,0.5053618782558662,0.7380989084148828,10.2583542530058,-0.7871467059767959,6.979589937546227,False
1791466907.926119,6279.3792061805725,0.2805188406868211,0.5053618782558662,0.7380989084148828,10.2583542530058,-0.7871467059767959,6.979589937546227,False
1791466908.036605,6279.4896919727325,0.2805188406868211,0.5053618782558662,0.7380989084148828,10.2583542530058,-0.7871467059767959,6.979589937546227,False
1791466908.149652,6279.602739095688,0.2805188406868211,0.5053618782558662,0.7380989084148828,10.2583542530058,-0.7871467059767959,6.979589937546227,True
1791466908.237951,6279.691038131714,0.2805188406868211,0.5053618782558662,0.7380989084148828,10.2583542530058,-0.7871467059767959,6.979589937546227,False
1791466908.336939,6279.790026187897,0.2805188406868211,0.5053618782558662,0.7380989084148828,10.2583542530058,-0.7871467059767959,6.979589937546227,False
1791466908.422927,6279.876013994217,0.2805188406868211,0.5053618782558662,0.7380989084148828,10.2583542530058,-0.7871467059767959,6.979589937546227,False
1791466908.530625,6279.98371219635,0.2805188406868211,0.5053618782558662,0.7380989084148828,10.2583542530058,-0.7871467059767959,6.979589937546227,False
1791466908.65334,6280.106427192688,0.2805188406868211,0.5053618782558662,0.7380989084148828,10.2583542530058,-0.7871467059767959,6.979589937546227,False
1791466908.762787,6280.215874195099,0.28492584879076643,0.5047322335916293,0.7397076328375007,10.320730624572017,-0.7161095839750954,7.029495954111148,False
1791466908.842835,6280.295922040939,0.28985006153744997,0.5029853271873506,0.7440672048651664,10.246201619116254,-7.450572017121478,4.391504319309421,False
1791466908.940841,6280.393928050995,0.3166393931442285,0.5291311072320843,0.6844670527742975,31.446309016136265,-32.62921162605236,-6.215508594113029,False
1791466909.151943,6280.605030059814,0.32464348439584934,0.5039744694910826,0.7549205446135949,10.781149469774853,-0.009697494703116136,7.485836838137139,False
1791466909.272957,6280.726044178009,0.332017871418989,0.5041893120262804,0.7545572655784847,10.166519671282813,-0.1549459819319108,7.390422233335632,True
1791466909.360735,6280.813822031021,0.36043071014135797,0.5344282109137686,0.6839188995543934,9.001294000556955,4.7815494402577485,7.870951265362317,False
1791466909.440328,6280.893414974213,0.38152130568349407,0.5577380645676995,0.6280402189463921,35.6603408206775,-37.70319227661157,-7.931546859138984,False
1791466909.56034,6281.013427019119,0.385761872049167,0.5571906976014636,0.6295135261381128,35.64348226675925,-37.58297307010561,-7.8673141346035,False
1791466909.664338,6281.117425203323,0.3761479593107262,0.5329636240371116,0.6888343205567371,31.406066231112177,-37.38797095082955,-7.560067627602034,False
1791466909.761661,6281.21474814415,0.3778681091948253,0.5324065143152679,0.6894272140637625,9.161893857275889,5.086652339494297,8.07182259731126,False
1791466909.875961,6281.329048156738,0.3818053841896484,0.5252875928746825,0.7079261774651204,30.749987915994197,-30.93572494409987,-5.250078258875302,False
1791466909.985641,6281.438728094101,0.40570914210233466,0.5538251204856721,0.6402718372316856,1.0829715132441255,4.123123747413385,6.615972897105164,False
1791466910.079271,6281.532358169556,0.3811555336593466,0.49306690537940523,0.7899361519144601,11.593745831763435,0.9827773384616053,5.394077752542274,False
1791466910.198014,6281.651101112366,0.4110942341564504,0.5208527332270754,0.7221667357220118,5.730479984513971,0.37941152542993717,5.203765917557543,False
1791466910.280084,6281.7331709861755,0.4242336621532017,0.5192943215690284,0.7265795503082924,5.859054208739668,0.5521222171752813,5.336735619559853,True
1791466910.369934,6281.823021173477,0.43300908269961,0.5182812180643868,0.7294816630303225,5.944037034998132,0.6674063251675004,5.42520653232251,False
1791466910.462221,6281.915307998657,0.46187112540245656,0.5452468972405125,0.668088300344333,35.08771348364303,-35.638927033955476,-9.460040380274576,False
1791466910.579322,6282.032409191132,0.45555635190442545,0.5158815926531608,0.740551920655173,31.665463829792277,-20.011864230177068,-3.7381028389192323,False
1791466910.775138,6282.228224992752,0.48443229217347183,0.5382347354091557,0.680501142339466,34.81427102434154,-35.2142346367388,-11.920225561182127,False
1791466910.866532,6282.319619178772,0.488774882822842,0.5378148171832586,0.6817785115298709,34.79790544512426,-35.097187908848696,-11.857384749995925,False
1791466910.947251,6282.400338172913,0.4822275183954876,0.5076606896124192,0.7520857586787186,6.475578838249231,1.5651081094727572,3.2454312850020766,False
1791466911.072386,6282.525473117828,0.48922853003517996,0.5085631628257905,0.7542248128723172,29.704932385745963,-28.109238290180446,-9.13195422690681,False
1791466911.187449,6282.64053606987,0.5028231800869772,0.5028680244202934,0.7565906790736592,29.657029861717472,-27.71637324852884,-8.950717465521315,False
1791466911.272795,6282.725882053375,0.5073020041881738,0.5025037004334099,0.7577697147290738,29.61500331400006,-27.60580556283288,-8.889406351291754,False
1791466911.369623,6282.822710037231,0.5205331261052021,0.5068956294958069,0.7437626061961651,5.388321365040655,-4.016359833551613,-1.4774535079556401,True
1791466911.466743,6282.919830083847,0.5324337316829791,0.49950252404825823,0.7599624926354576,13.115538972175635,2.5566852579117034,-0.25765714905509896,False
1791466911.693359,6283.146445989609,0.5584442389756714,0.5039074448855261,0.7424154989238736,37.97249462651143,-20.708261431546823,-10.584053939482953,False
1791466911.795408,6283.248495101929,0.5641155870770083,0.4927551927131708,0.7663844534051436,13.576545221203835,3.024049716641864,0.07696635024632843,False
1791466911.919211,6283.372298002243,0.5833914519488177,0.5191367383717811,0.7035414439600651,34.41453085428319,-32.75704681519893,-13.365044437101012,False
1791466912.023353,6283.476440191269,0.5657213960196575,0.4637644796221665,0.8481994469474099,29.13372249196945,-16.716564287756313,-3.2895106048734064,False
1791466912.136483,6283.589570045471,0.6043078262107092,0.5227986739580504,0.7084682590477986,35.43528817164342,-25.630200220193018,-5.281356329431162,False
1791466912.231443,6283.68453001976,0.6042954834467738,0.5016196808775288,0.7670260982015988,28.728508605603004,-25.31679300099571,-2.175816505543632,False
1791466912.413682,6283.866769075394,0.6156767283637141,0.5055160247583388,0.7669947412563416,7.597663000102267,2.718844313111988,9.843045192550148,True
1791466912.533454,6283.986541032791,0.6334099621584323,0.5216459651553402,0.7441980475239878,14.670782207337146,12.61715049386669,17.314536784936152,False
1791466912.658393,6284.111479997635,0.6342545984890254,0.5078447799368411,0.7883842707012025,13.303557380141504,4.69665686345029,15.966747166539324,False
1791466912.79589,6284.248977184296,0.6479041924533714,0.521689101228773,0.7714258446029132,35.07988662072427,-29.362212252229742,5.079067156319036,False
1791466912.915421,6284.36850810051,0.650837684929394,0.4965046671684721,0.855042677754394,34.419618617337434,-13.02705732543435,17.392646948369492,False
1791466913.016955,6284.47004199028,0.6840578321002948,0.557192611159314,0.7281819835533345,13.121285988961587,13.511079410403552,28.727649652909417,False
1791466913.133351,6284.586438179016,0.6785746830236904,0.5212448617648604,0.8438281233926888,33.851097856930146,-20.986435449279803,19.024969859477977,False
1791466913.22082,6284.67390704155,0.6878920755806067,0.5374939479912371,0.818265371593776,8.60493386847052,1.9180011233448027,31.90270423793557,False
1791466913.343616,6284.7967031002045,0.6931704120645004,0.5301483351034626,0.8783496171842966,8.607434625077929,1.820683616197043,35.736941772421524,False
1791466913.456783,6284.909870147705,0.6940222768618712,0.5142785907384562,0.948922361778429,30.462757317945012,-7.630875182902766,36.347799323627015,True
1791466913.539837,6284.992923974991,0.7195039115070767,0.5738820505858107,0.8165010884806345,30.704840747891584,-35.77518768562656,26.9075360250355,False
1791466913.870454,6285.323541164398,0.7326175574727634,0.5788604181872288,0.8977628124737849,23.644680857290105,-30.09739742715045,43.022239000593025,False
1791466914.076019,6285.529106140137,0.7365048421839718,0.5929063310341716,0.927611123414569,30.776807028275424,-26.546952956898107,48.417325473784686,False
1791466914.511644,6285.964730978012,0.7666945740443919,0.6880845896344479,0.85735885835981,34.12507960093199,-27.19417605826055,63.28952512005646,True
1791466914.601592,6286.05467915535,0.7676932399745271,0.7027199897087415,0.873406844013747,23.960002882246066,-30.389242332547703,66.17202182940329,False
1791466914.702428,6286.155515193939,0.7544083585250795,0.6789382485256583,1.0092588965851763,30.830925107267397,-18.232003672570823,71.86715394104758,False
1791466914.809132,6286.2622191905975,0.760630828125818,0.7082884920009513,0.9693063651194409,5.11383150469115,9.542032646966334,82.16636983509245,False
1791466914.910111,6286.363198041916,0.7696976055575739,0.742770539438094,0.9016134941833198,33.27383786262661,-26.494561761295813,71.13723109269063,False
1791466915.013146,6286.46623301506,0.7679349767142001,0.7502963064721068,0.9134285904006565,28.4191923362102,-24.995168419705386,73.43140311918957,False
1791466915.120026,6286.573113203049,0.7661656531577787,0.7587748524851263,0.9433898915576928,28.144985369844335,-24.81677859881928,76.36857841596857,False
1791466915.221964,6286.675050973892,0.760646398493102,0.7697791578996469,0.9652811552025433,27.874313941775373,-24.750769312139024,79.28799827072062,False
1791466915.333778,6286.786864995956,0.762001623335111,0.7811895825531481,0.9611387608753992,27.580789348065533,-30.268556114567538,77.89026333542056,False
1791466915.44475,6286.897837162018,0.7505035704673649,0.7693588054544696,1.035416695101072,21.565903753581786,-25.783680898397968,84.95174908762286,False
1791466915.546297,6286.99938416481,0.7493833615378107,0.7836020324637796,1.012743001828457,23.70594326583925,-31.13375886098938,86.34712993109676,True
1791466915.658005,6287.111092090607,0.7520370545218106,0.8019553724568944,0.983718018538938,3.5516665960094396,8.755570739427748,97.33550642278462,False
1791466915.770128,6287.223215103149,0.748482324779126,0.8176788708294382,0.9735391630201691,26.88186985238422,-24.252836239108643,91.06554326703566,False
1791466915.872997,6287.326084136963,0.7365392372375229,0.818637720321858,1.0190499356660512,26.345823422973048,-24.516743138145863,95.50281648220268,False
1791466915.942802,6287.395889043808,0.7351796912191961,0.8386062366098417,0.997456440964879,32.132894807692196,-28.322007509261706,96.15583649318725,False
1791466916.06924,6287.522327184677,0.7041941479269317,0.7896832695564935,1.2034460329872423,19.60074285856011,-15.58812086012508,103.83717337095665,False
1791466916.159209,6287.612296104431,0.7203622387903033,0.8474352579781286,1.034166536372009,30.804849318908754,-23.128516755121513,102.23907244986958,False
1791466916.278304,6287.7313911914825,0.7108779787851539,0.8513347480784523,1.0560180315162797,2.9564114157216776,8.197696636514992,113.19546398580282,False
1791466916.3621,6287.8151869773865,0.700463253309634,0.8438151251840986,1.1094616876757573,24.975816981058852,-24.484940270778377,106.7663494564353,False
1791466916.461736,6287.914823055267,0.6952789395516156,0.8542485235539774,1.1091019270757614,24.8234274254072,-24.755730865031587,106.72009527128631,False
1791466916.583904,6288.036991119385,0.691851980163843,0.8681718967989978,1.084134805360411,6.864438629312052,11.920933355613617,118.5179963363733,True
1791466916.671976,6288.1250631809235,0.6849594970078677,0.8751652117175936,1.1081287367528971,24.52094415474052,-25.298041506791737,106.63075173978795,False
1791466916.773049,6288.226136207581,0.6814324651614555,0.8852274056302225,1.102869610046071,-1.189169401343533,-0.03820148004003267,114.7119362855638,False
1791466916.88276,6288.3358471393585,0.6760836147922499,0.8980916363180576,1.104589559355409,28.69150615623734,-16.88914653231534,110.49530320095903,False
1791466916.976793,6288.429880142212,0.6678001203765183,0.9027772763027879,1.1434878589113073,21.003851068511363,-19.44697483060873,108.10107177892466,False
1791466917.077533,6288.530620098114,0.6574035826746012,0.8973010961097112,1.1985142548276673,21.490900403550974,-19.706267843542253,105.23048459917763,False
1791466917.191451,6288.644538164139,0.6701881947723871,0.9318708056047631,1.1043382188669262,24.13240207117736,-26.95768279190931,101.68176952867596,False
1791466917.295405,6288.748492002487,0.6613293935772122,0.9260030517072106,1.1567025702883984,28.900244561260966,-18.85657249411696,102.46999806437877,False
1791466917.409839,6288.862926006317,0.6732893268361897,0.9530185013238377,1.0863714820360864,24.110295061828964,-27.21997287931602,97.05991069272139,False
1791466917.515647,6288.968734025955,0.6546781428600212,0.9298618182751741,1.2085594920228204,30.174237514778007,-13.858673907733433,97.60199793598342,False
1791466917.627415,6289.080502033234,0.6639623969241848,0.9522585774048133,1.1574946159142292,22.474966759632633,-21.871958137924697,92.4771240225518,True
1791466917.812015,6289.265102148056,0.6664676695347845,0.9709158245750302,1.169013623205791,22.766488176143177,-22.7670814474617,86.38458076847185,False
1791466917.937395,6289.390482187271,0.6825713174507368,1.002993550510928,1.0836161762645795,27.836066059304077,-28.927806046432597,82.08624232470342,False
1791466918.040765,6289.493852138519,0.679121190583157,1.00800940445227,1.1390016864858548,28.150407944380458,-24.934587212509978,78.33054323980392,False
1791466918.125766,6289.578853130341,0.684612117257194,1.0195995925594885,1.1198159281043805,-5.399846850598457,12.247379106944974,83.18394800534352,False
1791466918.242682,6289.695769071579,0.681810408828402,1.020077026467549,1.176244256135747,28.28776203467922,-25.80849861925327,73.424632712309,False
1791466918.337701,6289.7907881736755,0.6970771405709948,1.0480960756361064,1.1110188967096408,32.00857140796747,-28.429341258030643,68.00918877886093,False
1791466918.437758,6289.8908450603485,0.6993913912987059,1.0549785227490887,1.1617550191733117,22.001236315380552,-30.859097613671366,66.95864256411177,False
1791466918.573893,6290.026980161667,0.7025408376477731,1.0658478050215268,1.1881615508327918,27.289886157606855,-27.715731491919342,63.63851537031093,False
1791466918.69622,6290.149307012558,0.7086371968072666,1.0757564748980355,1.190567831354553,-6.758961190313426,11.225791605544826,71.18946606129907,True
1791466918.806655,6290.259742021561,0.7171097220950478,1.0890851325596644,1.2079315590706874,30.404287567040253,-30.20751473056954,59.25801720319589,False
1791466918.927406,6290.3804931640625,0.71352534054707,1.085913386399164,1.2840470056242421,26.63429530634022,-28.307259951197544,59.74015254549878,False
1791466919.144117,6290.597204208374,0.7284206604955109,1.1062958434436032,1.3259631364308606,28.336017114423097,-24.43495388364025,56.33883716786826,False
1791466919.233389,6290.686475992203,0.737534335324714,1.1189279877875264,1.3564047320611166,-9.652791448140388,10.418110289527924,60.27994994143079,False
1791466919.33171,6290.78479719162,0.7506280104884425,1.137971453706597,1.3042943879586062,31.18736306873591,-28.32524956813005,51.29473682802623,False
1791466919.656329,6291.109416007996,0.7678429455085543,1.1603353982703557,1.3807097654148355,-16.543426525287433,10.291842227105677,58.52821975249639,False
1791466919.758935,6291.212022066116,0.7721236508691013,1.1682236739628378,1.4339983066001367,24.36408933780475,-29.212802020688873,51.838686466796524,True
1791466919.861906,6291.314993143082,0.7742749372751079,1.169722897003179,1.4695553485844148,-13.461548325636858,7.716266336786158,58.11597153941153,False
1791466919.958345,6291.411432027817,0.785968512330692,1.1907720533217752,1.3988475969567027,26.11215459257054,-24.73318192845401,52.71854433158129,False
1791466920.063312,6291.516399145126,0.7940264491148742,1.2073780780444576,1.37246341003189,25.854100334537762,-24.36675890934696,55.10657793146361,False
1791466920.373513,6291.826600074768,0.7706416595767749,1.1792952563718464,1.7607711143461846,25.494675223891893,-17.370095647244234,60.385357599733176,False
1791466920.512027,6291.965114116669,0.8029895460779866,1.230709433289242,1.4833182816747654,31.499469305237767,-21.754428127911552,59.36559740740683,False
1791466920.634744,6292.087831020355,0.8098156259873075,1.2460329970756527,1.4435533592252061,26.703185364065796,-29.790273588472196,57.64464824387008,False
1791466920.941118,6292.394205093384,0.8201570945878177,1.2777265883357682,1.51147440018481,-14.813310001222966,13.250918796286781,66.56078775007106,False
1791466921.043502,6292.496589183807,0.8278152180083066,1.2982568813693591,1.5019383849936099,25.392924156370935,-28.331903870154505,63.85329694573771,False
1791466921.141076,6292.594163179398,0.8307837409914958,1.3130387533725079,1.5001866900525571,32.92289012355556,-23.118988408747033,62.983578823748374,False
1791466921.240892,6292.693979024887,0.8380397337899754,1.3254691885672045,1.466838781768916,26.45076405395498,-24.22353109366745,64.49599606108872,False
1791466921.350637,6292.803724050522,0.8297468358052267,1.3237303749600213,1.591788462268628,32.882426929351325,-21.757697701069667,66.68488476174471,False
1791466921.466811,6292.919898033142,0.8441954958595818,1.3456137383780324,1.4681645626604802,33.281784045505184,-28.455783128144603,62.60116158844257,False
1791466921.58056,6293.033647060394,0.8088155005913535,1.3059717574751946,1.9594521377172698,18.253814478778846,-12.336471417033069,69.77442030179886,False
1791466921.678219,6293.131306171417,0.8479851336996155,1.3628156697317069,1.4693382667538457,32.895291195174174,-28.422170528797896,62.76510351045291,False
1791466921.775342,6293.228429079056,0.8488260808168034,1.3685802528484148,1.5151593700463888,29.32243489653502,-25.760990512204994,65.61870381986868,False
1791466921.886849,6293.33993601799,0.837365850257947,1.3609062284969466,1.7066590736961071,28.1443886915549,-18.907532636316535,67.41876199206423,True
1791466921.999402,6293.4524891376495,0.8503560795642646,1.383332616200011,1.5622429841647967,29.31027389100918,-26.605335566596302,63.20713551696182,False
1791466922.113959,6293.567046165466,0.8551344015416427,1.3910382065065479,1.5553794530953273,-17.96359962166039,19.258595858126544,70.07433055163065,False
1791466922.255967,6293.709053993225,0.849431107287187,1.3893617002484997,1.7000001498964283,23.64335203856947,-28.758220980218077,63.27847887929797,False
1791466922.378614,6293.831701040268,0.8528642604513746,1.3922590165225173,1.7043779736329339,31.57099245284445,-23.20710746477203,62.115122723963154,False
1791466922.565297,6294.018383979797,0.8691573152931534,1.4177442262411797,1.6599269442768159,28.46810289309928,-27.640652349185967,58.64826619261447,False
1791466922.670733,6294.123820066452,0.8745407544626872,1.425213976927555,1.7253364879796815,28.3646721000392,-29.161366299678757,53.40538348308839,False
1791466923.258622,6294.711709022522,0.935924111749148,1.4665972698608998,1.7764960534608636,29.711262163508028,-26.56207776602532,32.267339743174986,False
1791466923.36755,6294.820636987686,0.9471875381205911,1.4694602363042981,1.7909907858789293,33.05669949301779,-25.738689522291054,29.004758438129688,False
1791466923.460292,6294.913379192352,0.9577831330979507,1.4733267690555896,1.7380243837085545,30.893847284322334,-32.4821761287648,23.130769525223695,False
1791466923.578882,6295.031969070435,0.9641481351973842,1.47296625875857,1.7936022963242118,-22.657815538355724,22.4955567399156,27.048930032358086,False
1791466923.674405,6295.127492189407,0.9790339133511999,1.4794760365340993,1.7338974294989709,28.607316862953997,-29.45768221805638,21.11139068112666,False
1791466923.794889,6295.247976064682,0.9908087384519445,1.485806631827416,1.666654212608925,28.132551209211382,-29.973107763113095,18.707114009753205,False
1791466923.974006,6295.427093029022,1.005344253591893,1.4755311585094986,1.819249383600353,-24.247982349468334,20.981573107740733,17.354261929070525,True
1791466924.076401,6295.5294880867,1.0231300764416593,1.4840236803027766,1.73134698178009,30.087070658607512,-26.79282810200054,11.858632822484251,False
1791466924.172528,6295.625615119934,1.0356880179976773,1.479220198210752,1.7735415722119137,30.09225753185948,-27.867085643037417,7.974473236022464,False
1791466924.294098,6295.747184991837,1.0406777760421215,1.47142802845714,1.9068571699724557,25.585726040617345,-24.66446755383118,8.260507566231926,False
1791466924.402863,6295.855950117111,1.0569412635350215,1.4756967341585376,1.8045068463757246,29.775034436363438,-28.83628476633043,4.145959616961018,False
1791466924.602223,6296.05531001091,1.0819451162694165,1.4733007042823068,1.7967882184125146,25.658625049870068,-30.609763522116225,-1.7667325996213188,False
1791466924.709749,6296.162836074829,1.0899761031328525,1.469173808856727,1.8232372514432016,33.298080287908626,-22.118097798122925,-0.9885129245655762,False
1791466924.902632,6296.355719089508,1.1235634661244915,1.4651839165519647,1.803782657467409,28.844605779769367,-31.097310113838464,-7.5033059499196835,False
1791466925.005194,6296.458281040192,1.1329262600924035,1.4621274827495785,1.8085322989509822,-21.7963495683735,25.39171026017817,-3.3123974097103366,True
1791466925.10913,6296.562216997147,1.1488686690660137,1.4536622179432588,1.9136428103233816,24.974961671775535,-26.927596669975106,-6.99185546810931,False
1791466925.232086,6296.685173034668,1.1604754649885731,1.449584598054644,1.9175625507632943,29.109523929239728,-27.215848854725987,-9.215218146650448,False
1791466925.342454,6296.79554104805,1.170949327306185,1.4552376079044576,1.7792509500288705,28.36263776000976,-31.129845745608804,-11.080781244336146,False
1791466925.449828,6296.9029150009155,1.1781056879117873,1.4522962848187757,1.8087693600970973,32.594490845552194,-26.87311298896895,-9.032945700695956,False
1791466925.55806,6297.011147022247,1.1890200562594968,1.453123589308912,1.8110641606897597,32.55727041918932,-26.60545929668917,-8.916943912337228,False
1791466925.662524,6297.115611076355,1.1986200196141272,1.451068770562879,1.7854757458464783,28.371130243545,-30.4825575190053,-10.857646110268396,False
1791466925.753597,6297.206684112549,1.2130254601033896,1.4480015131112398,1.8257701299207496,32.46020136426172,-29.739799156319556,-9.132062303976708,False
1791466925.868024,6297.32111120224,1.218773638695093,1.449373389771294,1.7868358885178846,-21.946751456432075,33.89265550834794,-6.1927836743772415,False
1791466925.973732,6297.426819086075,1.2355832012807717,1.4435136196158798,1.8305043645103702,32.51255182520293,-29.198938614604575,-8.951502629979577,False
1791466926.29357,6297.746657133102,1.2719250191494107,1.4334064185544608,1.9736554075893555,29.885392648791218,-27.25094758688866,-4.636904830990482,False
1791466926.404057,6297.857144117355,1.2818272062207439,1.4420988066847509,1.8482161368354313,29.99684993514837,-29.791719760522362,-2.6296693459260108,False
1791466926.496759,6297.949846029282,1.2901640545182624,1.442793880821039,1.850569732013311,29.835070867103756,-29.6589899256932,-2.5032857492160248,False
1791466926.599826,6298.052913188934,1.2992380424994074,1.4448009067673995,1.8363165093954366,30.545910498698856,-32.941450089496755,-2.8686604363171107,False
1791466926.805999,6298.25908613205,1.3212680320435495,1.4423177596035082,1.8749165456001733,-26.957595787962024,30.598180873307708,4.3595931306774425,False
1791466927.124506,6298.57759308815,1.3562599182797963,1.4434701288602685,1.9603394007279076,32.006499502561475,-29.873346104959396,3.831332018353547,True
1791466927.242173,6298.695260047913,1.361960052963379,1.444052451399796,1.9612396997676496,31.990422746871346,-29.746226376752446,3.88764106128949,False
1791466927.329512,6298.782598972321,1.3733673843584917,1.445232848713289,1.9630155226739494,31.957907042775194,-29.49176344368119,4.00039952079838,False
1791466927.438034,6298.891121149063,1.384357787176623,1.4443639638987236,2.036336776005632,29.228070964487856,-29.17928724379712,8.140214844110265,False
1791466927.536557,6298.989644050598,1.3931360773267203,1.4452149461903216,2.0387819038085797,29.298355185660064,-28.88929370054237,8.204857857551909,False
1791466927.652616,6299.105703115463,1.400622215707059,1.448330805431862,2.0038584654298153,-24.312340219195896,37.01439608806685,12.736758106943252,False
1791466927.749029,6299.202116012573,1.406387343578944,1.4489609399689793,2.004673527556067,-24.309440179779493,37.0544905462321,12.77352684423284,False
1791466928.168545,6299.621632099152,1.4505286287596129,1.459941912372468,2.047587348427094,32.78107419743694,-25.683753254518656,11.511167221053542,True
1791466928.273702,6299.72678899765,1.4590865270915523,1.4626232137537187,2.047941874011317,27.847698632560984,-31.324457884826625,12.439248115711727,False
1791466928.372452,6299.825539112091,1.4737348515904651,1.4590540820559783,2.14714824249563,28.624562829660892,-30.77875715961984,14.95666294202393,False
1791466928.480414,6299.933501005173,1.4814912604676476,1.4654972133338202,2.118939104775031,30.99119119287676,-30.207451174269284,11.053893426561057,False
1791466928.683448,6300.136535167694,1.489691143676302,1.479183137700588,2.0112746011905815,27.32756184323464,-34.28072265930157,16.289621972353256,False
1791466928.782406,6300.235493183136,1.5023611409842932,1.4759551963410449,2.1011108683600157,-24.91047864991369,40.64532503176825,19.487765649531607,False
1791466928.988187,6300.441274166107,1.509037252455304,1.4917734953248054,1.9624685659860517,29.09824112499398,-36.496961024648776,16.239378821388748,False
1791466929.086733,6300.539820194244,1.5418467858903493,1.4798075403047124,2.2523535251839157,28.96937527405219,-28.937404811190035,18.291545303293812,False
1791466929.198822,6300.65190911293,1.533821219318296,1.494008310051962,2.0525295824295697,31.73002562421366,-35.29305132943836,15.039829436186348,True
1791466929.402686,6300.8557732105255,1.5688840769003556,1.4902313881448366,2.2577467747413578,28.809768928502447,-28.282768295007873,18.594339415644118,False
1791466929.499879,6300.952965974808,1.5600276128497432,1.5008418094025988,2.1060651200418508,29.800778865343283,-31.957573397634057,15.652090523763784,False
1791466929.709295,6301.1623821258545,1.586246791216439,1.4996052013952526,2.129505047423716,30.319221623274085,-28.014737686984052,12.209025119331223,False
1791466929.809692,6301.262778997421,1.6003217155034954,1.4950277390264717,2.175772284878415,29.827671051465476,-29.520921298632455,7.788223990435385,False
1791466929.912137,6301.365224123001,1.6124988152499031,1.4914743856078545,2.202409771692141,29.165522993770157,-30.940841620266024,3.3458346031670416,False
1791466930.224752,6301.677839040756,1.6638374535822504,1.4775449038345918,2.38106861265793,27.395288104824232,-29.32750896297382,-3.00065734510926,True
1791466930.324294,6301.777381181717,1.660284612068465,1.4770937185443487,2.2333606887506465,30.67474897678475,-33.08369367419902,-7.720833494001351,False
1791466930.447847,6301.900933980942,1.6644650409157937,1.477560280072592,2.188747383293831,29.500519577828253,-34.20133410639962,-12.027779974336374,False
1791466931.25242,6302.705507040024,1.7689027875496253,1.4124296526647762,2.357939029120455,33.662774172975936,-30.88306403537542,-33.06468783672843,True
1791466932.094762,6303.547849178314,1.7660543059917422,1.3804944522391518,2.0080361231953803,30.998997009122196,-41.46129229386563,-62.13083517684736,False
1791466932.291651,6303.744738101959,1.8046573060144588,1.3462773685042315,2.223800071137378,27.357361569210514,-36.51226463282852,-65.12858579801389,True
1791466932.596724,6304.049811124802,1.8115113035850055,1.326160010881116,2.2105988715014777,27.92409891870247,-35.70322363976717,-71.66916615200302,False
1791466933.089232,6304.542319059372,1.8034762163914002,1.279789476908088,2.0479302516080904,28.658883846655726,-35.60680847805983,-88.7071943009348,False
1791466933.194076,6304.647163152695,1.8116915608475828,1.262703597690665,2.0836674469479974,-16.93327913212653,48.10457507300773,-83.79126448201829,False
1791466933.290327,6304.7434141635895,1.825038516191142,1.2402335982240715,2.1539647122597043,29.403211191729486,-33.02154219017267,-94.60234183516337,False
1791466933.510692,6304.963778972626,1.8179870783806755,1.2152128326856038,2.092969349002179,24.311921876119715,-30.890348186109893,-96.1559934004134,False
1791466933.609841,6305.062928199768,1.829799857398446,1.1895300613378024,2.153335550460293,27.809983661234657,-30.39864998179384,-98.48535176210059,False
1791466934.113348,6305.566435098648,1.7985660522739553,1.1520297253953502,1.9731043610024988,29.71381707629452,-31.299865034345142,-106.81745347237818,False
1791466934.452169,6305.905256032944,1.8125097529506151,1.1091571532415399,2.044556122381231,26.860672812362438,-31.95715313242523,-107.2805900695693,True
1791466934.968588,6306.421675205231,1.8006568862042247,1.0595325466403673,1.9488030332424695,-13.831658704781653,44.69308496394974,-93.39085509796575,False
1791466935.072672,6306.525758981705,1.7959361878721853,1.0582028949104523,1.9092588195997071,25.282572252327242,-30.931453163156835,-103.01343891321645,False
1791466935.168688,6306.621775150299,1.8318699142037467,1.007036245607831,2.122110234743291,28.730348899267838,-27.071552584707092,-103.2101689482897,False
1791466935.283975,6306.7370619773865,1.8174598144042673,1.0107609152095807,2.0206342050431236,21.939372759521085,-27.959996163257337,-98.9571434615865,False
1791466935.3857,6306.838787078857,1.7831980803939231,1.0324400279384185,1.7918100638580134,27.23067272450272,-33.51273125175249,-101.76912715973948,False
1791466935.592467,6307.045554161072,1.7872122125527248,1.001620330109231,1.7912696529927703,27.70174086975287,-33.45269596007577,-102.04631684017654,False
1791466935.712321,6307.16540813446,1.7746358645490103,1.0033960763369607,1.6908717237510276,28.344481718328176,-32.36501429017106,-99.8583893500106,False
1791466935.804455,6307.257542133331,1.8104674313161224,0.9495881055320907,1.888569929926057,24.983631880787808,-30.536766574432622,-98.10321940682529,False
1791466936.034628,6307.487715005875,1.812063358565564,0.9283377987212436,1.8685327063017092,26.711822564608042,-33.98073599994818,-99.1837712792751,False
1791466936.248562,6307.701649188995,1.7982929850315847,0.9272817359289327,1.7569512577512794,27.44268848687874,-32.87954877827678,-97.10228943267933,False
1791466936.451014,6307.904101133347,1.8061948899930975,0.8989827185239083,1.7757310040952121,26.354443319112864,-29.291777031255275,-96.3365323572632,False
1791466936.561846,6308.014933109283,1.8435145356486202,0.8444472100113016,1.9920222317105076,29.205064060831837,-24.75049193310347,-95.63865002873568,True
1791466936.830013,6308.283100128174,1.814834961154487,0.8639413082285339,1.7822692236905886,27.856657314349928,-28.463953699705332,-92.83266525455105,False
1791466936.909851,6308.362938165665,1.8250702883721928,0.842570818930243,1.8240597328039585,24.893767813185125,-30.3281125956833,-93.47365333823892,False
1791466936.989772,6308.442859172821,1.8083335895429666,0.8564949185446571,1.7112841532802205,-5.816679809336837,49.543513877406845,-75.9087129217276,False
1791466937.076593,6308.529680013657,1.811774784994216,0.8445926206778975,1.6991560310074783,25.434610598476482,-29.445914582642175,-91.56702939482417,False
1791466937.200114,6308.65320110321,1.7992126062698257,0.8477117523735078,1.6122534936136383,23.0089214596459,-30.6839828643827,-90.32581849409081,False
1791466937.299831,6308.75291800499,1.8123453542735861,0.8261220002923888,1.674409686778617,27.53210534839045,-32.695524506646294,-92.68174781701035,False
1791466937.405373,6308.858460187912,1.8447733285192378,0.7783871195984207,1.8475620250486977,23.686905064543737,-31.6765362649309,-90.73021950172816,False
1791466937.5286,6308.981687068939,1.8211303576844184,0.806509675379373,1.7071031333824576,24.892372804774524,-34.54415513040539,-93.32692134109979,False
1791466937.640081,6309.093168020248,1.8065910091910518,0.8176892786765431,1.6145364209531063,22.740820870834494,-35.62484411750398,-91.99480607608542,True
1791466937.730663,6309.183750152588,1.8433368440498406,0.7621475159101367,1.8103247469087855,25.975506887492415,-30.153087707837965,-94.04668080081991,False
1791466937.842351,6309.295438051224,1.7887693384510306,0.8332410677559903,1.483395781099794,24.84905545465468,-33.24422514002578,-93.09598559192146,False
1791466937.935722,6309.388809204102,1.826252182865683,0.7707688873571816,1.6910365598552404,-4.8030672606404226,44.38762722564473,-75.40157572468398,False
1791466938.176184,6309.629271030426,1.806809457658258,0.7810844084634676,1.558895381506599,27.897224446007158,-32.101528407739046,-94.82169562177383,False
1791466938.684879,6310.137966156006,1.813806928244392,0.6893936739691935,1.5442204294765625,24.12303017797239,-34.35567117285628,-103.05097416705426,True
1791466938.785411,6310.238497972488,1.8214543119860513,0.6589767962743291,1.5776919035546486,23.914926591266134,-30.83526799038234,-98.81524098944885,False
1791466938.904631,6310.357717990875,1.8157981664982243,0.6516020039011068,1.5493762925257997,23.095595361462408,-31.02119308948525,-102.31058847360987,False
1791466939.025679,6310.478766202927,1.8172112718410784,0.6401847277829518,1.5474852480887216,23.26482682433469,-30.991352090403026,-102.40506952734005,False
1791466939.23629,6310.689377069473,1.8262991308497614,0.602356529787275,1.5836379963293896,21.678438527494873,-32.72955282780135,-99.92568141255975,False
1791466939.346676,6310.799763202667,1.823667776615102,0.5950446207162801,1.5669685029486788,24.862000662214232,-30.789916352631703,-99.39126795656604,False
1791466939.455783,6310.908869981766,1.7883187094867865,0.6470690964211923,1.3636510693029007,23.545492545038904,-34.60717659463331,-100.3465149289857,False
1791466939.559861,6311.012948036194,1.8109647531109405,0.5971107242133726,1.4758188861833976,22.610447703518776,-32.12574706769003,-98.2235536035005,False
1791466939.665549,6311.118636131287,1.8130009555008422,0.5803774549782137,1.4725230328040966,22.854999145758892,-32.08851506103917,-98.36917737413187,False
1791466939.764287,6311.21737408638,1.8143501968562845,0.5692412945225092,1.4702502528224266,23.017852259277237,-32.06474916098621,-98.46633465422569,True
1791466939.879626,6311.332713127136,1.800309016572353,0.5814870077145471,1.3801757930738558,20.98094278115693,-33.38388288089313,-97.3391354608284,False
1791466939.98406,6311.437147140503,1.80162710393253,0.5706209004907863,1.3779026507058756,21.137118568040105,-33.359529370576354,-97.43812616674006,False
1791466940.065612,6311.518699169159,1.8022837791945783,0.5651935252413502,1.3767443553255534,21.21516653206349,-33.3476514525163,-97.48764014736388,False
1791466940.183806,6311.636893033981,1.818358787244294,0.535927164589151,1.4630743346095425,23.505517580995814,-31.998487488151575,-98.75822468453573,False
1791466940.290731,6311.7438180446625,1.8221688767753124,0.5270134117237528,1.4813520745539122,19.677271502812843,-31.100029003128636,-95.20858402305035,False
1791466940.390133,6311.843219995499,1.8221688767753124,0.5270134117237528,1.4813520745539122,19.677271502812843,-31.100029003128636,-95.20858402305035,False
1791466940.524213,6311.977300167084,1.8221688767753124,0.5270134117237528,1.4813520745539122,19.677271502812843,-31.100029003128636,-95.20858402305035,False
1791466940.610422,6312.063508987427,1.8029388806096982,0.559769956615743,1.375571649721719,21.29318753408857,-33.335972310401594,-97.53716737993065,False
1791466940.704958,6312.158045053482,1.8035924120167368,0.5543502101582445,1.37438458820177,21.371181325849566,-33.324491613273366,-97.58670849008642,False
1791466940.806814,6312.259901046753,1.8232623597225053,0.5129434502113923,1.4784504445452908,7.717510672501881,49.43296093435629,-72.36353436082864,True
1791466940.928108,6312.381195068359,1.8246093140297073,0.5017909049905265,1.4759810197608911,7.8264184100771645,49.42135752597553,-72.25866028997314,False
1791466941.035226,6312.48831319809,1.8262132549692702,0.4935454515510016,1.4739891675772685,20.15253546116159,-31.00580989487206,-95.48194113289912,False
1791466941.14524,6312.598327159882,1.8078959840696307,0.5232545330418474,1.371560520938619,18.17302415098275,-32.76957172230087,-94.50735121752531,False
1791466941.257888,6312.7109751701355,1.826881707799073,0.48798124233582185,1.4727107822056311,20.231685687943937,-30.990800182205444,-95.52752272756902,False
1791466941.355391,6312.808478116989,1.826881707799073,0.48798124233582185,1.4727107822056311,20.231685687943937,-30.990800182205444,-95.52752272756902,False
1791466941.453195,6312.906282186508,1.826881707799073,0.48798124233582185,1.4727107822056311,20.231685687943937,-30.990800182205444,-95.52752272756902,False
1791466941.560049,6313.013136148453,1.826881707799073,0.48798124233582185,1.4727107822056311,20.231685687943937,-30.990800182205444,-95.52752272756902,False
1791466941.684528,6313.137615203857,1.826881707799073,0.48798124233582185,1.4727107822056311,20.231685687943937,-30.990800182205444,-95.52752272756902,False
1791466941.784126,6313.237213134766,1.826881707799073,0.48798124233582185,1.4727107822056311,20.231685687943937,-30.990800182205444,-95.52752272756902,False
1791466941.885276,6313.338363170624,1.826881707799073,0.48798124233582185,1.4727107822056311,20.231685687943937,-30.990800182205444,-95.52752272756902,True
1791466941.998248,6313.451335191727,1.826881707799073,0.48798124233582185,1.4727107822056311,20.231685687943937,-30.990800182205444,-95.52752272756902,False
1791466942.155896,6313.608983039856,1.826881707799073,0.48798124233582185,1.4727107822056311,20.231685687943937,-30.990800182205444,-95.52752272756902,False
1791466942.241076,6313.69416308403,1.826881707799073,0.48798124233582185,1.4727107822056311,20.231685687943937,-30.990800182205444,-95.52752272756902,False
1791466942.363929,6313.817016124725,1.826881707799073,0.48798124233582185,1.4727107822056311,20.231685687943937,-30.990800182205444,-95.52752272756902,False
1791466942.467018,6313.920104980469,1.826881707799073,0.48798124233582185,1.4727107822056311,20.231685687943937,-30.990800182205444,-95.52752272756902,False
1791466942.579957,6314.033044099808,1.826881707799073,0.48798124233582185,1.4727107822056311,20.231685687943937,-30.990800182205444,-95.52752272756902,False
1791466942.682336,6314.135423183441,1.826881707799073,0.48798124233582185,1.4727107822056311,20.231685687943937,-30.990800182205444,-95.52752272756902,False
1791466942.794272,6314.247359037399,1.826881707799073,0.48798124233582185,1.4727107822056311,20.231685687943937,-30.990800182205444,-95.52752272756902,False
1791466942.890633,6314.343720197678,1.8068366550892376,0.5273093392558579,1.368235840862161,21.760733527136704,-33.27005292788013,-97.8346437835821,True
1791466942.994908,6314.447995185852,1.8252803840695266,0.49622053618455153,1.4747243380140649,7.880867957371194,49.41583713794288,-72.2062305524432,False
1791466943.108439,6314.561526060104,1.8065846246343498,0.5341002252933076,1.373979769547086,18.02141356240269,-32.8001678567699,-94.41255380010173,False
1791466943.194373,6314.647459983826,1.8248715562705287,0.5046857470922048,1.4765022438928135,19.994182152488946,-31.036422332331785,-95.39079939495899,False
1791466943.292048,6314.745135068893,1.8248715562705287,0.5046857470922048,1.4765022438928135,19.994182152488946,-31.036422332331785,-95.39079939495899,False
1791466943.389846,6314.842933177948,1.8248715562705287,0.5046857470922048,1.4765022438928135,19.994182152488946,-31.036422332331785,-95.39079939495899,False
1791466943.495889,6314.9489760398865,1.80554362502471,0.5381140558716309,1.3707378111784831,21.604996959671322,-33.29123678823551,-97.73542125707235,False
1791466943.594979,6315.048066139221,1.8248715562705287,0.5046857470922048,1.4765022438928135,19.994182152488946,-31.036422332331785,-95.39079939495899,False
1791466943.680961,6315.134047985077,1.8248715562705287,0.5046857470922048,1.4765022438928135,19.994182152488946,-31.036422332331785,-95.39079939495899,False
1791466943.799692,6315.252779006958,1.80554362502471,0.5381140558716309,1.3707378111784831,21.604996959671322,-33.29123678823551,-97.73542125707235,False
1791466943.910298,6315.3633852005005,1.80554362502471,0.5381140558716309,1.3707378111784831,21.604996959671322,-33.29123678823551,-97.73542125707235,True
1791466944.00362,6315.456707000732,1.8246093140297073,0.5017909049905265,1.4759810197608911,7.8264184100771645,49.42135752597553,-72.25866028997314,False
1791466944.103636,6315.556723117828,1.8061909152960534,0.532709749200116,1.3694938685348936,21.682879453536394,-33.28054648176817,-97.78502404481819,False
1791466944.209139,6315.662226200104,1.8259498546181971,0.4906541238187565,1.4734530835072372,7.935314416990296,49.41050374687153,-72.15380493314916,False
1791466944.316699,6315.769786119461,1.8275485682313932,0.4824210123233754,1.4714179053678604,20.310817953156498,-30.975987675127072,-95.57311230913389,False
1791466944.414766,6315.867853164673,1.828213840248098,0.47686477638778113,1.4701105919703141,20.389932003357433,-30.9613720245269,-95.61871050190211,False
1791466944.514078,6315.967164993286,1.808764611147157,0.5111316321046371,1.3643777862917283,21.99412293528665,-33.23974943859439,-97.98361079340604,False
1791466944.653439,6316.106526136398,1.808764611147157,0.5111316321046371,1.3643777862917283,21.99412293528665,-33.23974943859439,-97.98361079340604,False
1791466944.820541,6316.273627996445,1.808764611147157,0.5111316321046371,1.3643777862917283,21.99412293528665,-33.23974943859439,-97.98361079340604,False
1791466944.902902,6316.35598897934,1.808764611147157,0.5111316321046371,1.3643777862917283,21.99412293528665,-33.23974943859439,-97.98361079340604,False
1791466945.060872,6316.513959169388,1.8288775278463243,0.4713125492052983,1.4687888968334493,20.46902758822455,-30.946952881157475,-95.66431792778195,True
1791466945.165114,6316.61820101738,1.8094041886683911,0.5057469503818512,1.3630639567991176,22.07186104901551,-33.23003954050936,-98.03330440580183,False
1791466945.264621,6316.717708110809,1.830200165847656,0.46022017882741983,1.4661025801680485,20.627162376167576,-30.91870271891377,-95.7555629546491,False
1791466945.35247,6316.805557012558,1.8113137538286996,0.48961675696136164,1.3590397842544384,22.304897257891675,-33.2020789345549,-98.1825074612177,False
1791466945.484253,6316.937340021133,1.811947233179131,0.48424802034734116,1.3576710098866784,22.382515907128674,-33.193147310852936,-98.23228453539937,False
1791466945.578548,6317.031635046005,1.811947233179131,0.48424802034734116,1.3576710098866784,22.382515907128674,-33.193147310852936,-98.23228453539937,False
1791466945.672029,6317.125116109848,1.811947233179131,0.48424802034734116,1.3576710098866784,22.382515907128674,-33.193147310852936,-98.23228453539937,False
1791466945.77749,6317.230576992035,1.811947233179131,0.48424802034734116,1.3576710098866784,22.382515907128674,-33.193147310852936,-98.23228453539937,False
1791466945.891852,6317.344938993454,1.8102322684607692,0.48348867183226596,1.3591144804336115,9.101677298204821,49.019879659184824,-73.3158227139166,False
1791466945.994654,6317.447741031647,1.811947233179131,0.48424802034734116,1.3576710098866784,22.382515907128674,-33.193147310852936,-98.23228453539937,False
1791466946.107728,6317.5608150959015,1.811947233179131,0.48424802034734116,1.3576710098866784,22.382515907128674,-33.193147310852936,-98.23228453539937,True
1791466946.519159,6317.972246170044,1.8259854114633085,0.4673966194826047,1.453424998704869,22.558065962059857,-28.621233025595796,-98.2011719408651,False
1791466946.642298,6318.0953850746155,1.8255578689267664,0.47522795213279,1.4485590931157497,24.39593701386129,-31.896423889873684,-99.29537671749428,False
1791466946.727417,6318.180504083633,1.8481779839197066,0.4372825180218971,1.5736816492037833,22.922909678263032,-28.995442721336847,-96.69579925403654,False
1791466946.853848,6318.306935071945,1.808764611147157,0.5111316321046371,1.3643777862917283,21.99412293528665,-33.23974943859439,-97.98361079340604,False
1791466946.974109,6318.427196025848,1.828213840248098,0.47686477638778113,1.4701105919703141,20.389932003357433,-30.9613720245269,-95.61871050190211,False
1791466947.076352,6318.529438972473,1.808764611147157,0.5111316321046371,1.3643777862917283,21.99412293528665,-33.23974943859439,-97.98361079340604,False
1791466947.166697,6318.619784116745,1.8239838709442286,0.48332412168962335,1.45065864428698,4.161704782226448,48.63503814290118,-75.34671514821376,True
1791466947.284476,6318.73756313324,1.8239838709442286,0.48332412168962335,1.45065864428698,4.161704782226448,48.63503814290118,-75.34671514821376,False
1791466947.401296,6318.854382991791,1.8475029968220404,0.4429780558480718,1.575078723484666,22.839999537738567,-29.00956948949457,-96.65215836417232,False
1791466947.511104,6318.964191198349,1.8239838709442286,0.48332412168962335,1.45065864428698,4.161704782226448,48.63503814290118,-75.34671514821376,False
1791466947.622848,6319.075935125351,1.8475029968220404,0.4429780558480718,1.575078723484666,22.839999537738567,-29.00956948949457,-96.65215836417232,False
1791466947.735632,6319.188719034195,1.808764611147157,0.5111316321046371,1.3643777862917283,21.99412293528665,-33.23974943859439,-97.98361079340604,False
1791466947.846895,6319.299982070923,1.8239838709442286,0.48332412168962335,1.45065864428698,4.161704782226448,48.63503814290118,-75.34671514821376,False
1791466947.942145,6319.395232200623,1.8239838709442286,0.48332412168962335,1.45065864428698,4.161704782226448,48.63503814290118,-75.34671514821376,False
1791466948.089012,6319.542098999023,1.828213840248098,0.47686477638778113,1.4701105919703141,20.389932003357433,-30.9613720245269,-95.61871050190211,False
1791466948.180048,6319.6331350803375,1.8239838709442286,0.48332412168962335,1.45065864428698,4.161704782226448,48.63503814290118,-75.34671514821376,True
1791466948.302746,6319.755833148956,1.808764611147157,0.5111316321046371,1.3643777862917283,21.99412293528665,-33.23974943859439,-97.98361079340604,False
1791466948.398959,6319.852046012878,1.808764611147157,0.5111316321046371,1.3643777862917283,21.99412293528665,-33.23974943859439,-97.98361079340604,False
1791466948.49559,6319.948677062988,1.8239838709442286,0.48332412168962335,1.45065864428698,4.161704782226448,48.63503814290118,-75.34671514821376,False
1791466948.609294,6320.062381029129,1.8475029968220404,0.4429780558480718,1.575078723484666,22.839999537738567,-29.00956948949457,-96.65215836417232,False
1791466948.705087,6320.158174037933,1.8239838709442286,0.48332412168962335,1.45065864428698,4.161704782226448,48.63503814290118,-75.34671514821376,False
1791466948.803669,6320.256756067276,1.8239838709442286,0.48332412168962335,1.45065864428698,4.161704782226448,48.63503814290118,-75.34671514821376,False
1791466948.930116,6320.383203029633,1.808764611147157,0.5111316321046371,1.3643777862917283,21.99412293528665,-33.23974943859439,-97.98361079340604,False
1791466949.029573,6320.4826600551605,1.808764611147157,0.5111316321046371,1.3643777862917283,21.99412293528665,-33.23974943859439,-97.98361079340604,False
1791466949.130999,6320.584086179733,1.808764611147157,0.5111316321046371,1.3643777862917283,21.99412293528665,-33.23974943859439,-97.98361079340604,False
1791466949.255943,6320.709030151367,1.8239838709442286,0.48332412168962335,1.45065864428698,4.161704782226448,48.63503814290118,-75.34671514821376,True
1791466949.409843,6320.862930059433,1.808764611147157,0.5111316321046371,1.3643777862917283,21.99412293528665,-33.23974943859439,-97.98361079340604,False
1791466949.500876,6320.9539630413055,1.8475029968220404,0.4429780558480718,1.575078723484666,22.839999537738567,-29.00956948949457,-96.65215836417232,False
1791466949.590444,6321.043531179428,1.808764611147157,0.5111316321046371,1.3643777862917283,21.99412293528665,-33.23974943859439,-97.98361079340604,False
1791466949.704451,6321.157538175583,1.8239838709442286,0.48332412168962335,1.45065864428698,4.161704782226448,48.63503814290118,-75.34671514821376,False
1791466949.806652,6321.259739160538,1.8239838709442286,0.48332412168962335,1.45065864428698,4.161704782226448,48.63503814290118,-75.34671514821376,False
1791466949.907593,6321.360680103302,1.8475029968220404,0.4429780558480718,1.575078723484666,22.839999537738567,-29.00956948949457,-96.65215836417232,False
1791466950.007431,6321.460518121719,1.828213840248098,0.47686477638778113,1.4701105919703141,20.389932003357433,-30.9613720245269,-95.61871050190211,False
1791466950.1042,6321.557286977768,1.8475029968220404,0.4429780558480718,1.575078723484666,22.839999537738567,-29.00956948949457,-96.65215836417232,False
1791466950.213348,6321.666435003281,1.8475029968220404,0.4429780558480718,1.575078723484666,22.839999537738567,-29.00956948949457,-96.65215836417232,False
1791466950.307683,6321.760770082474,1.8475029968220404,0.4429780558480718,1.575078723484666,22.839999537738567,-29.00956948949457,-96.65215836417232,True
1791466950.417025,6321.87011218071,1.8239838709442286,0.48332412168962335,1.45065864428698,4.161704782226448,48.63503814290118,-75.34671514821376,False
1791466950.518101,6321.97118806839,1.8239838709442286,0.48332412168962335,1.45065864428698,4.161704782226448,48.63503814290118,-75.34671514821376,False
1791466950.632841,6322.085928201675,1.8239838709442286,0.48332412168962335,1.45065864428698,4.161704782226448,48.63503814290118,-75.34671514821376,False
1791466950.743689,6322.196776151657,1.8239838709442286,0.48332412168962335,1.45065864428698,4.161704782226448,48.63503814290118,-75.34671514821376,False
1791466950.846391,6322.299478054047,1.828213840248098,0.47686477638778113,1.4701105919703141,20.389932003357433,-30.9613720245269,-95.61871050190211,False
1791466950.968636,6322.421723127365,1.8239838709442286,0.48332412168962335,1.45065864428698,4.161704782226448,48.63503814290118,-75.34671514821376,False
1791466951.050762,6322.503849029541,1.828213840248098,0.47686477638778113,1.4701105919703141,20.389932003357433,-30.9613720245269,-95.61871050190211,False
1791466951.173215,6322.6263020038605,1.8475029968220404,0.4429780558480718,1.575078723484666,22.839999537738567,-29.00956948949457,-96.65215836417232,False
1791466951.265484,6322.718571186066,1.8239838709442286,0.48332412168962335,1.45065864428698,4.161704782226448,48.63503814290118,-75.34671514821376,False
1791466951.393202,6322.846289157867,1.8239838709442286,0.48332412168962335,1.45065864428698,4.161704782226448,48.63503814290118,-75.34671514821376,True
1791466951.499971,6322.953058004379,1.828213840248098,0.47686477638778113,1.4701105919703141,20.389932003357433,-30.9613720245269,-95.61871050190211,False
1791466951.58189,6323.034977197647,1.808764611147157,0.5111316321046371,1.3643777862917283,21.99412293528665,-33.23974943859439,-97.98361079340604,False
1791466951.666108,6323.119194984436,1.828213840248098,0.47686477638778113,1.4701105919703141,20.389932003357433,-30.9613720245269,-95.61871050190211,False
1791466951.808083,6323.2611701488495,1.828213840248098,0.47686477638778113,1.4701105919703141,20.389932003357433,-30.9613720245269,-95.61871050190211,False
1791466951.917768,6323.370855093002,1.808764611147157,0.5111316321046371,1.3643777862917283,21.99412293528665,-33.23974943859439,-97.98361079340604,False
1791466952.005979,6323.459066152573,1.8239838709442286,0.48332412168962335,1.45065864428698,4.161704782226448,48.63503814290118,-75.34671514821376,False
1791466952.115673,6323.5687601566315,1.8475029968220404,0.4429780558480718,1.575078723484666,22.839999537738567,-29.00956948949457,-96.65215836417232,False
1791466952.234576,6323.687663078308,1.808764611147157,0.5111316321046371,1.3643777862917283,21.99412293528665,-33.23974943859439,-97.98361079340604,False
1791466952.342474,6323.795561075211,1.8239838709442286,0.48332412168962335,1.45065864428698,4.161704782226448,48.63503814290118,-75.34671514821376,False
1791466952.427029,6323.88011598587,1.8475029968220404,0.4429780558480718,1.575078723484666,22.839999537738567,-29.00956948949457,-96.65215836417232,True
1791466952.503,6323.956087112427,1.8239838709442286,0.48332412168962335,1.45065864428698,4.161704782226448,48.63503814290118,-75.34671514821376,False
1791466952.704242,6324.157329082489,1.808764611147157,0.5111316321046371,1.3643777862917283,21.99412293528665,-33.23974943859439,-97.98361079340604,False
1791466952.84998,6324.303067207336,1.8475029968220404,0.4429780558480718,1.575078723484666,22.839999537738567,-29.00956948949457,-96.65215836417232,False
1791466952.922778,6324.375864982605,1.8475029968220404,0.4429780558480718,1.575078723484666,22.839999537738567,-29.00956948949457,-96.65215836417232,False
1791466953.047188,6324.50027513504,1.8475029968220404,0.4429780558480718,1.575078723484666,22.839999537738567,-29.00956948949457,-96.65215836417232,False
1791466953.151594,6324.604681015015,1.8239838709442286,0.48332412168962335,1.45065864428698,4.161704782226448,48.63503814290118,-75.34671514821376,False
1791466953.253981,6324.70706820488,1.8239838709442286,0.48332412168962335,1.45065864428698,4.161704782226448,48.63503814290118,-75.34671514821376,False
1791466953.340303,6324.793390035629,1.8239838709442286,0.48332412168962335,1.45065864428698,4.161704782226448,48.63503814290118,-75.34671514821376,False
1791466953.45184,6324.904927015305,1.808764611147157,0.5111316321046371,1.3643777862917283,21.99412293528665,-33.23974943859439,-97.98361079340604,True
1791466953.554476,6325.007563114166,1.808764611147157,0.5111316321046371,1.3643777862917283,21.99412293528665,-33.23974943859439,-97.98361079340604,False
1791466953.654218,6325.107305049896,1.8239838709442286,0.48332412168962335,1.45065864428698,4.161704782226448,48.63503814290118,-75.34671514821376,False
1791466953.764024,6325.217111110687,1.8239838709442286,0.48332412168962335,1.45065864428698,4.161704782226448,48.63503814290118,-75.34671514821376,False
1791466953.864382,6325.317469120026,1.8475029968220404,0.4429780558480718,1.575078723484666,22.839999537738567,-29.00956948949457,-96.65215836417232,False
1791466953.96457,6325.417657136917,1.8239838709442286,0.48332412168962335,1.45065864428698,4.161704782226448,48.63503814290118,-75.34671514821376,False
1791466954.069645,6325.522732019424,1.808764611147157,0.5111316321046371,1.3643777862917283,21.99412293528665,-33.23974943859439,-97.98361079340604,False
1791466954.176611,6325.629698038101,1.8239838709442286,0.48332412168962335,1.45065864428698,4.161704782226448,48.63503814290118,-75.34671514821376,False
1791466954.291442,6325.744529008865,1.8475029968220404,0.4429780558480718,1.575078723484666,22.839999537738567,-29.00956948949457,-96.65215836417232,False
1791466954.380853,6325.833940029144,1.8475029968220404,0.4429780558480718,1.575078723484666,22.839999537738567,-29.00956948949457,-96.65215836417232,False
1791466954.47584,6325.928927183151,1.8239838709442286,0.48332412168962335,1.45065864428698,4.161704782226448,48.63503814290118,-75.34671514821376,True
1791466954.574349,6326.02743601799,1.8475029968220404,0.4429780558480718,1.575078723484666,22.839999537738567,-29.00956948949457,-96.65215836417232,False
1791466954.682701,6326.135788202286,1.8239838709442286,0.48332412168962335,1.45065864428698,4.161704782226448,48.63503814290118,-75.34671514821376,False
1791466954.791561,6326.244647979736,1.8239838709442286,0.48332412168962335,1.45065864428698,4.161704782226448,48.63503814290118,-75.34671514821376,False
1791466954.89755,6326.3506371974945,1.8239838709442286,0.48332412168962335,1.45065864428698,4.161704782226448,48.63503814290118,-75.34671514821376,False
1791466955.019748,6326.472835063934,1.8239838709442286,0.48332412168962335,1.45065864428698,4.161704782226448,48.63503814290118,-75.34671514821376,False
1791466955.117909,6326.570996046066,1.8475029968220404,0.4429780558480718,1.575078723484666,22.839999537738567,-29.00956948949457,-96.65215836417232,False
1791466955.215463,6326.668550014496,1.8239838709442286,0.48332412168962335,1.45065864428698,4.161704782226448,48.63503814290118,-75.34671514821376,False
1791466955.31489,6326.767976999283,1.8239838709442286,0.48332412168962335,1.45065864428698,4.161704782226448,48.63503814290118,-75.34671514821376,False
1791466955.408105,6326.861191987991,1.8475029968220404,0.4429780558480718,1.575078723484666,22.839999537738567,-29.00956948949457,-96.65215836417232,False
1791466955.53097,6326.984057188034,1.8475029968220404,0.4429780558480718,1.575078723484666,22.839999537738567,-29.00956948949457,-96.65215836417232,True
1791466955.617578,6327.0706651210785,1.8475029968220404,0.4429780558480718,1.575078723484666,22.839999537738567,-29.00956948949457,-96.65215836417232,False
1791466955.717971,6327.171058177948,1.8475029968220404,0.4429780558480718,1.575078723484666,22.839999537738567,-29.00956948949457,-96.65215836417232,False
1791466955.809747,6327.262834072113,1.8239838709442286,0.48332412168962335,1.45065864428698,4.161704782226448,48.63503814290118,-75.34671514821376,False
1791466955.932703,6327.385790109634,1.8475029968220404,0.4429780558480718,1.575078723484666,22.839999537738567,-29.00956948949457,-96.65215836417232,False
1791466956.021794,6327.47488117218,1.828213840248098,0.47686477638778113,1.4701105919703141,20.389932003357433,-30.9613720245269,-95.61871050190211,False
1791466956.119361,6327.572448015213,1.8475029968220404,0.4429780558480718,1.575078723484666,22.839999537738567,-29.00956948949457,-96.65215836417232,False
1791466956.213715,6327.6668021678925,1.8475029968220404,0.4429780558480718,1.575078723484666,22.839999537738567,-29.00956948949457,-96.65215836417232,False
1791466956.331829,6327.784916162491,1.8475029968220404,0.4429780558480718,1.575078723484666,22.839999537738567,-29.00956948949457,-96.65215836417232,False
1791466956.427834,6327.880921125412,1.828213840248098,0.47686477638778113,1.4701105919703141,20.389932003357433,-30.9613720245269,-95.61871050190211,False
1791466956.522386,6327.975473165512,1.8475029968220404,0.4429780558480718,1.575078723484666,22.839999537738567,-29.00956948949457,-96.65215836417232,False
1791466956.607761,6328.060847997665,1.828213840248098,0.47686477638778113,1.4701105919703141,20.389932003357433,-30.9613720245269,-95.61871050190211,True
1791466956.758055,6328.211142063141,1.8239838709442286,0.48332412168962335,1.45065864428698,4.161704782226448,48.63503814290118,-75.34671514821376,False
1791466956.889946,6328.343033075333,1.8475029968220404,0.4429780558480718,1.575078723484666,22.839999537738567,-29.00956948949457,-96.65215836417232,False
1791466957.011342,6328.464429140091,1.8475029968220404,0.4429780558480718,1.575078723484666,22.839999537738567,-29.00956948949457,-96.65215836417232,False
1791466957.115886,6328.568973064423,1.8239838709442286,0.48332412168962335,1.45065864428698,4.161704782226448,48.63503814290118,-75.34671514821376,False
1791466957.234,6328.687087059021,1.8239838709442286,0.48332412168962335,1.45065864428698,4.161704782226448,48.63503814290118,-75.34671514821376,False
1791466957.327757,6328.78084397316,1.8475029968220404,0.4429780558480718,1.575078723484666,22.839999537738567,-29.00956948949457,-96.65215836417232,False
1791466957.427915,6328.881002187729,1.8239838709442286,0.48332412168962335,1.45065864428698,4.161704782226448,48.63503814290118,-75.34671514821376,False
1791466957.53967,6328.9927570819855,1.8475029968220404,0.4429780558480718,1.575078723484666,22.839999537738567,-29.00956948949457,-96.65215836417232,False
1791466957.662222,6329.115309000015,1.8239838709442286,0.48332412168962335,1.45065864428698,4.161704782226448,48.63503814290118,-75.34671514821376,True
1791466957.774055,6329.227142095566,1.8475029968220404,0.4429780558480718,1.575078723484666,22.839999537738567,-29.00956948949457,-96.65215836417232,False
1791466957.873728,6329.326815128326,1.808764611147157,0.5111316321046371,1.3643777862917283,21.99412293528665,-33.23974943859439,-97.98361079340604,False
1791466957.954868,6329.407955169678,1.8239838709442286,0.48332412168962335,1.45065864428698,4.161704782226448,48.63503814290118,-75.34671514821376,False
1791466958.048197,6329.501284122467,1.8475029968220404,0.4429780558480718,1.575078723484666,22.839999537738567,-29.00956948949457,-96.65215836417232,False
1791466958.188759,6329.641846179962,1.8239838709442286,0.48332412168962335,1.45065864428698,4.161704782226448,48.63503814290118,-75.34671514821376,False
1791466958.301571,6329.75465798378,1.8475029968220404,0.4429780558480718,1.575078723484666,22.839999537738567,-29.00956948949457,-96.65215836417232,False
1791466958.415869,6329.86895608902,1.8239838709442286,0.48332412168962335,1.45065864428698,4.161704782226448,48.63503814290118,-75.34671514821376,False
1791466958.505843,6329.958930015564,1.8475029968220404,0.4429780558480718,1.575078723484666,22.839999537738567,-29.00956948949457,-96.65215836417232,False
1791466958.600969,6330.0540561676025,1.8475029968220404,0.4429780558480718,1.575078723484666,22.839999537738567,-29.00956948949457,-96.65215836417232,False
1791466958.698339,6330.151426076889,1.8475029968220404,0.4429780558480718,1.575078723484666,22.839999537738567,-29.00956948949457,-96.65215836417232,True
1791466958.797283,6330.250370025635,1.8239838709442286,0.48332412168962335,1.45065864428698,4.161704782226448,48.63503814290118,-75.34671514821376,False
1791466958.916451,6330.369538068771,1.8239838709442286,0.48332412168962335,1.45065864428698,4.161704782226448,48.63503814290118,-75.34671514821376,False
1791466959.015234,6330.468321084976,1.8475029968220404,0.4429780558480718,1.575078723484666,22.839999537738567,-29.00956948949457,-96.65215836417232,False
1791466959.124572,6330.577659130096,1.828213840248098,0.47686477638778113,1.4701105919703141,20.389932003357433,-30.9613720245269,-95.61871050190211,False
1791466959.21741,6330.670497179031,1.8475029968220404,0.4429780558480718,1.575078723484666,22.839999537738567,-29.00956948949457,-96.65215836417232,False
1791466959.335685,6330.788772106171,1.808764611147157,0.5111316321046371,1.3643777862917283,21.99412293528665,-33.23974943859439,-97.98361079340604,False
1791466959.446127,6330.899214029312,1.8475029968220404,0.4429780558480718,1.575078723484666,22.839999537738567,-29.00956948949457,-96.65215836417232,False
1791466959.552323,6331.005410194397,1.8239838709442286,0.48332412168962335,1.45065864428698,4.161704782226448,48.63503814290118,-75.34671514821376,False
1791466959.672965,6331.12605214119,1.8475029968220404,0.4429780558480718,1.575078723484666,22.839999537738567,-29.00956948949457,-96.65215836417232,False
1791466959.774114,6331.227200984955,1.8475029968220404,0.4429780558480718,1.575078723484666,22.839999537738567,-29.00956948949457,-96.65215836417232,True
1791466959.883227,6331.336314201355,1.8239838709442286,0.48332412168962335,1.45065864428698,4.161704782226448,48.63503814290118,-75.34671514821376,False
1791466959.959984,6331.413071155548,1.8239838709442286,0.48332412168962335,1.45065864428698,4.161704782226448,48.63503814290118,-75.34671514821376,False
1791466960.079002,6331.53208899498,1.8475029968220404,0.4429780558480718,1.575078723484666,22.839999537738567,-29.00956948949457,-96.65215836417232,False
1791466960.168967,6331.622054100037,1.8475029968220404,0.4429780558480718,1.575078723484666,22.839999537738567,-29.00956948949457,-96.65215836417232,False
1791466960.282464,6331.735551118851,1.8239838709442286,0.48332412168962335,1.45065864428698,4.161704782226448,48.63503814290118,-75.34671514821376,False
1791466960.378742,6331.831829071045,1.828213840248098,0.47686477638778113,1.4701105919703141,20.389932003357433,-30.9613720245269,-95.61871050190211,False
1791466960.505161,6331.958248138428,1.8239838709442286,0.48332412168962335,1.45065864428698,4.161704782226448,48.63503814290118,-75.34671514821376,False
1791466960.593391,6332.046478033066,1.8239838709442286,0.48332412168962335,1.45065864428698,4.161704782226448,48.63503814290118,-75.34671514821376,False
1791466960.694745,6332.147832155228,1.8239838709442286,0.48332412168962335,1.45065864428698,4.161704782226448,48.63503814290118,-75.34671514821376,False
1791466960.807127,6332.260214090347,1.8239838709442286,0.48332412168962335,1.45065864428698,4.161704782226448,48.63503814290118,-75.34671514821376,True
1791466960.925004,6332.378091096878,1.828213840248098,0.47686477638778113,1.4701105919703141,20.389932003357433,-30.9613720245269,-95.61871050190211,False
1791466961.035001,6332.488088130951,1.8475029968220404,0.4429780558480718,1.575078723484666,22.839999537738567,-29.00956948949457,-96.65215836417232,False
1791466961.162447,6332.615534067154,1.8239838709442286,0.48332412168962335,1.45065864428698,4.161704782226448,48.63503814290118,-75.34671514821376,False
1791466961.25225,6332.705337047577,1.808764611147157,0.5111316321046371,1.3643777862917283,21.99412293528665,-33.23974943859439,-97.98361079340604,False
1791466961.346196,6332.799283027649,1.8239838709442286,0.48332412168962335,1.45065864428698,4.161704782226448,48.63503814290118,-75.34671514821376,False
1791466961.442808,6332.8958950042725,1.8239838709442286,0.48332412168962335,1.45065864428698,4.161704782226448,48.63503814290118,-75.34671514821376,False
1791466961.54842,6333.0015070438385,1.8475029968220404,0.4429780558480718,1.575078723484666,22.839999537738567,-29.00956948949457,-96.65215836417232,False
1791466961.675066,6333.128153085709,1.8239838709442286,0.48332412168962335,1.45065864428698,4.161704782226448,48.63503814290118,-75.34671514821376,False
1791466961.769152,6333.222239017487,1.8239838709442286,0.48332412168962335,1.45065864428698,4.161704782226448,48.63503814290118,-75.34671514821376,False
1791466961.871394,6333.324481010437,1.8239838709442286,0.48332412168962335,1.45065864428698,4.161704782226448,48.63503814290118,-75.34671514821376,True
1791466961.987933,6333.441020011902,1.8239838709442286,0.48332412168962335,1.45065864428698,4.161704782226448,48.63503814290118,-75.34671514821376,False
1791466962.107849,6333.560935974121,1.8475029968220404,0.4429780558480718,1.575078723484666,22.839999537738567,-29.00956948949457,-96.65215836417232,False
1791466962.220479,6333.673566102982,1.8239838709442286,0.48332412168962335,1.45065864428698,4.161704782226448,48.63503814290118,-75.34671514821376,False
1791466962.313115,6333.766201972961,1.8475029968220404,0.4429780558480718,1.575078723484666,22.839999537738567,-29.00956948949457,-96.65215836417232,False
1791466962.422498,6333.875585079193,1.808764611147157,0.5111316321046371,1.3643777862917283,21.99412293528665,-33.23974943859439,-97.98361079340604,False
1791466962.514223,6333.967310190201,1.808764611147157,0.5111316321046371,1.3643777862917283,21.99412293528665,-33.23974943859439,-97.98361079340604,False
1791466962.667946,6334.121033191681,1.8239838709442286,0.48332412168962335,1.45065864428698,4.161704782226448,48.63503814290118,-75.34671514821376,False
1791466962.815087,6334.268174171448,1.8239838709442286,0.48332412168962335,1.45065864428698,4.161704782226448,48.63503814290118,-75.34671514821376,False
1791466962.903752,6334.356839179993,1.8239838709442286,0.48332412168962335,1.45065864428698,4.161704782226448,48.63503814290118,-75.34671514821376,True
1791466963.008471,6334.461558103561,1.8475029968220404,0.4429780558480718,1.575078723484666,22.839999537738567,-29.00956948949457,-96.65215836417232,False
1791466963.128435,6334.581521987915,1.808764611147157,0.5111316321046371,1.3643777862917283,21.99412293528665,-33.23974943859439,-97.98361079340604,False
1791466963.219334,6334.672420978546,1.8475029968220404,0.4429780558480718,1.575078723484666,22.839999537738567,-29.00956948949457,-96.65215836417232,False
1791466963.310592,6334.763679027557,1.8239838709442286,0.48332412168962335,1.45065864428698,4.161704782226448,48.63503814290118,-75.34671514821376,False
1791466963.415496,6334.868583202362,1.8239838709442286,0.48332412168962335,1.45065864428698,4.161704782226448,48.63503814290118,-75.34671514821376,False
1791466963.523854,6334.976941108704,1.8475029968220404,0.4429780558480718,1.575078723484666,22.839999537738567,-29.00956948949457,-96.65215836417232,False
1791466963.628234,6335.081321001053,1.828213840248098,0.47686477638778113,1.4701105919703141,20.389932003357433,-30.9613720245269,-95.61871050190211,False
1791466963.729725,6335.182811975479,1.8239838709442286,0.48332412168962335,1.45065864428698,4.161704782226448,48.63503814290118,-75.34671514821376,False
1791466963.825109,6335.27819609642,1.8475029968220404,0.4429780558480718,1.575078723484666,22.839999537738567,-29.00956948949457,-96.65215836417232,False
1791466963.930456,6335.383543014526,1.8239838709442286,0.48332412168962335,1.45065864428698,4.161704782226448,48.63503814290118,-75.34671514821376,True
1791466964.038542,6335.491629123688,1.808764611147157,0.5111316321046371,1.3643777862917283,21.99412293528665,-33.23974943859439,-97.98361079340604,False
1791466964.134597,6335.5876841545105,1.8239838709442286,0.48332412168962335,1.45065864428698,4.161704782226448,48.63503814290118,-75.34671514821376,False
1791466964.241179,6335.694266080856,1.8239838709442286,0.48332412168962335,1.45065864428698,4.161704782226448,48.63503814290118,-75.34671514821376,False
1791466964.344399,6335.797486066818,1.8239838709442286,0.48332412168962335,1.45065864428698,4.161704782226448,48.63503814290118,-75.34671514821376,False
1791466964.455874,6335.908961057663,1.8239838709442286,0.48332412168962335,1.45065864428698,4.161704782226448,48.63503814290118,-75.34671514821376,False
1791466964.555129,6336.008216142654,1.8239838709442286,0.48332412168962335,1.45065864428698,4.161704782226448,48.63503814290118,-75.34671514821376,False
1791466964.660025,6336.113111972809,1.8475029968220404,0.4429780558480718,1.575078723484666,22.839999537738567,-29.00956948949457,-96.65215836417232,False
1791466964.772936,6336.226023197174,1.8475029968220404,0.4429780558480718,1.575078723484666,22.839999537738567,-29.00956948949457,-96.65215836417232,False
1791466964.858482,6336.311568975449,1.8475029968220404,0.4429780558480718,1.575078723484666,22.839999537738567,-29.00956948949457,-96.65215836417232,False
1791466964.938505,6336.391592025757,1.808764611147157,0.5111316321046371,1.3643777862917283,21.99412293528665,-33.23974943859439,-97.98361079340604,True
1791466965.070537,6336.523624181747,1.8239838709442286,0.48332412168962335,1.45065864428698,4.161704782226448,48.63503814290118,-75.34671514821376,False
1791466965.178841,6336.63192820549,1.808764611147157,0.5111316321046371,1.3643777862917283,21.99412293528665,-33.23974943859439,-97.98361079340604,False
1791466965.293514,6336.746601104736,1.808764611147157,0.5111316321046371,1.3643777862917283,21.99412293528665,-33.23974943859439,-97.98361079340604,False
1791466965.396863,6336.8499500751495,1.8239838709442286,0.48332412168962335,1.45065864428698,4.161704782226448,48.63503814290118,-75.34671514821376,False
1791466965.495678,6336.948765039444,1.828213840248098,0.47686477638778113,1.4701105919703141,20.389932003357433,-30.9613720245269,-95.61871050190211,False
1791466965.591388,6337.044475078583,1.828213840248098,0.47686477638778113,1.4701105919703141,20.389932003357433,-30.9613720245269,-95.61871050190211,False
1791466965.695353,6337.148440122604,1.8239838709442286,0.48332412168962335,1.45065864428698,4.161704782226448,48.63503814290118,-75.34671514821376,False
1791466965.793243,6337.246330022812,1.8475029968220404,0.4429780558480718,1.575078723484666,22.839999537738567,-29.00956948949457,-96.65215836417232,False
1791466965.897136,6337.350223064423,1.8239838709442286,0.48332412168962335,1.45065864428698,4.161704782226448,48.63503814290118,-75.34671514821376,False
1791466966.019544,6337.472630977631,1.8239838709442286,0.48332412168962335,1.45065864428698,4.161704782226448,48.63503814290118,-75.34671514821376,True
1791466966.13107,6337.584156990051,1.808764611147157,0.5111316321046371,1.3643777862917283,21.99412293528665,-33.23974943859439,-97.98361079340604,False
1791466966.207615,6337.660701990128,1.8239838709442286,0.48332412168962335,1.45065864428698,4.161704782226448,48.63503814290118,-75.34671514821376,False
1791466966.283539,6337.736626148224,1.8239838709442286,0.48332412168962335,1.45065864428698,4.161704782226448,48.63503814290118,-75.34671514821376,False
1791466966.409912,6337.862999200821,1.8475029968220404,0.4429780558480718,1.575078723484666,22.839999537738567,-29.00956948949457,-96.65215836417232,False
1791466966.516014,6337.969101190567,1.8239838709442286,0.48332412168962335,1.45065864428698,4.161704782226448,48.63503814290118,-75.34671514821376,False
1791466966.642859,6338.095946073532,1.8239838709442286,0.48332412168962335,1.45065864428698,4.161704782226448,48.63503814290118,-75.34671514821376,False
1791466966.729968,6338.18305516243,1.8239838709442286,0.48332412168962335,1.45065864428698,4.161704782226448,48.63503814290118,-75.34671514821376,False
1791466966.850764,6338.3038511276245,1.8239838709442286,0.48332412168962335,1.45065864428698,4.161704782226448,48.63503814290118,-75.34671514821376,False
1791466966.938674,6338.391761064529,1.808764611147157,0.5111316321046371,1.3643777862917283,21.99412293528665,-33.23974943859439,-97.98361079340604,False
1791466967.039785,6338.492871999741,1.8239838709442286,0.48332412168962335,1.45065864428698,4.161704782226448,48.63503814290118,-75.34671514821376,True
1791466967.122127,6338.575214147568,1.8239838709442286,0.48332412168962335,1.45065864428698,4.161704782226448,48.63503814290118,-75.34671514821376,False
1791466967.301536,6338.754623174667,1.828213840248098,0.47686477638778113,1.4701105919703141,20.389932003357433,-30.9613720245269,-95.61871050190211,False
1791466967.399659,6338.852746009827,1.8239838709442286,0.48332412168962335,1.45065864428698,4.161704782226448,48.63503814290118,-75.34671514821376,False
1791466967.492244,6338.945331096649,1.8239838709442286,0.48332412168962335,1.45065864428698,4.161704782226448,48.63503814290118,-75.34671514821376,False
1791466967.592611,6339.045698165894,1.808764611147157,0.5111316321046371,1.3643777862917283,21.99412293528665,-33.23974943859439,-97.98361079340604,False
1791466967.708809,6339.161895990372,1.8239838709442286,0.48332412168962335,1.45065864428698,4.161704782226448,48.63503814290118,-75.34671514821376,False
1791466967.801589,6339.254676103592,1.808764611147157,0.5111316321046371,1.3643777862917283,21.99412293528665,-33.23974943859439,-97.98361079340604,False
1791466967.898194,6339.351281166077,1.8239838709442286,0.48332412168962335,1.45065864428698,4.161704782226448,48.63503814290118,-75.34671514821376,False
1791466967.997884,6339.450971126556,1.8239838709442286,0.48332412168962335,1.45065864428698,4.161704782226448,48.63503814290118,-75.34671514821376,False
1791466968.101875,6339.554962158203,1.8239838709442286,0.48332412168962335,1.45065864428698,4.161704782226448,48.63503814290118,-75.34671514821376,True
1791466968.19806,6339.6511471271515,1.8239838709442286,0.48332412168962335,1.45065864428698,4.161704782226448,48.63503814290118,-75.34671514821376,False
1791466968.311592,6339.764679193497,1.828213840248098,0.47686477638778113,1.4701105919703141,20.389932003357433,-30.9613720245269,-95.61871050190211,False
1791466968.40797,6339.861057043076,1.8239838709442286,0.48332412168962335,1.45065864428698,4.161704782226448,48.63503814290118,-75.34671514821376,False
1791466968.528134,6339.981221199036,1.8239838709442286,0.48332412168962335,1.45065864428698,4.161704782226448,48.63503814290118,-75.34671514821376,False
1791466968.63452,6340.087607145309,1.8239838709442286,0.48332412168962335,1.45065864428698,4.161704782226448,48.63503814290118,-75.34671514821376,False
1791466968.725749,6340.178836107254,1.8239838709442286,0.48332412168962335,1.45065864428698,4.161704782226448,48.63503814290118,-75.34671514821376,False
1791466968.824731,6340.277818202972,1.8239838709442286,0.48332412168962335,1.45065864428698,4.161704782226448,48.63503814290118,-75.34671514821376,False
1791466968.922507,6340.375594139099,1.8239838709442286,0.48332412168962335,1.45065864428698,4.161704782226448,48.63503814290118,-75.34671514821376,False
1791466969.026182,6340.47926902771,1.808764611147157,0.5111316321046371,1.3643777862917283,21.99412293528665,-33.23974943859439,-97.98361079340604,False
1791466969.12694,6340.580027103424,1.808764611147157,0.5111316321046371,1.3643777862917283,21.99412293528665,-33.23974943859439,-97.98361079340604,True
1791466969.219709,6340.672796010971,1.8239838709442286,0.48332412168962335,1.45065864428698,4.161704782226448,48.63503814290118,-75.34671514821376,False
1791466969.298704,6340.751791000366,1.8239838709442286,0.48332412168962335,1.45065864428698,4.161704782226448,48.63503814290118,-75.34671514821376,False
1791466969.404138,6340.857225179672,1.8239838709442286,0.48332412168962335,1.45065864428698,4.161704782226448,48.63503814290118,-75.34671514821376,False
1791466969.515879,6340.968966007233,1.8239838709442286,0.48332412168962335,1.45065864428698,4.161704782226448,48.63503814290118,-75.34671514821376,False
1791466969.631233,6341.084320068359,1.8239838709442286,0.48332412168962335,1.45065864428698,4.161704782226448,48.63503814290118,-75.34671514821376,False
1791466969.718775,6341.171862125397,1.808764611147157,0.5111316321046371,1.3643777862917283,21.99412293528665,-33.23974943859439,-97.98361079340604,False
1791466969.830774,6341.283861160278,1.8239838709442286,0.48332412168962335,1.45065864428698,4.161704782226448,48.63503814290118,-75.34671514821376,False
1791466969.938076,6341.391163110733,1.828213840248098,0.47686477638778113,1.4701105919703141,20.389932003357433,-30.9613720245269,-95.61871050190211,False
1791466970.055998,6341.509085178375,1.808764611147157,0.5111316321046371,1.3643777862917283,21.99412293528665,-33.23974943859439,-97.98361079340604,False
1791466970.154553,6341.607640028,1.8239838709442286,0.48332412168962335,1.45065864428698,4.161704782226448,48.63503814290118,-75.34671514821376,True
1791466970.232905,6341.685992002487,1.8239838709442286,0.48332412168962335,1.45065864428698,4.161704782226448,48.63503814290118,-75.34671514821376,False
1791466970.315402,6341.768489122391,1.8239838709442286,0.48332412168962335,1.45065864428698,4.161704782226448,48.63503814290118,-75.34671514821376,False
1791466970.431654,6341.884741067886,1.808764611147157,0.5111316321046371,1.3643777862917283,21.99412293528665,-33.23974943859439,-97.98361079340604,False
1791466970.532333,6341.985419988632,1.828213840248098,0.47686477638778113,1.4701105919703141,20.389932003357433,-30.9613720245269,-95.61871050190211,False
1791466970.631645,6342.084732055664,1.8239838709442286,0.48332412168962335,1.45065864428698,4.161704782226448,48.63503814290118,-75.34671514821376,False
1791466970.72532,6342.17840719223,1.8239838709442286,0.48332412168962335,1.45065864428698,4.161704782226448,48.63503814290118,-75.34671514821376,False
1791466970.829907,6342.282994031906,1.8239838709442286,0.48332412168962335,1.45065864428698,4.161704782226448,48.63503814290118,-75.34671514821376,False
1791466970.95785,6342.410937070847,1.8239838709442286,0.48332412168962335,1.45065864428698,4.161704782226448,48.63503814290118,-75.34671514821376,False
1791466971.055963,6342.509050130844,1.8239838709442286,0.48332412168962335,1.45065864428698,4.161704782226448,48.63503814290118,-75.34671514821376,False
1791466971.154097,6342.607184171677,1.8239838709442286,0.48332412168962335,1.45065864428698,4.161704782226448,48.63503814290118,-75.34671514821376,False
1791466971.234309,6342.6873960494995,1.8239838709442286,0.48332412168962335,1.45065864428698,4.161704782226448,48.63503814290118,-75.34671514821376,True
1791466971.326857,6342.779944181442,1.8239838709442286,0.48332412168962335,1.45065864428698,4.161704782226448,48.63503814290118,-75.34671514821376,False
1791466971.406705,6342.859791994095,1.8239838709442286,0.48332412168962335,1.45065864428698,4.161704782226448,48.63503814290118,-75.34671514821376,False
1791466971.491039,6342.94412612915,1.8239838709442286,0.48332412168962335,1.45065864428698,4.161704782226448,48.63503814290118,-75.34671514821376,False
1791466971.629487,6343.082574129105,1.8239838709442286,0.48332412168962335,1.45065864428698,4.161704782226448,48.63503814290118,-75.34671514821376,False
1791466971.745034,6343.198121070862,1.8239838709442286,0.48332412168962335,1.45065864428698,4.161704782226448,48.63503814290118,-75.34671514821376,False
1791466971.872953,6343.326040029526,1.808764611147157,0.5111316321046371,1.3643777862917283,21.99412293528665,-33.23974943859439,-97.98361079340604,False
1791466971.970977,6343.424064159393,1.808764611147157,0.5111316321046371,1.3643777862917283,21.99412293528665,-33.23974943859439,-97.98361079340604,False
1791466972.088569,6343.5416560173035,1.8239838709442286,0.48332412168962335,1.45065864428698,4.161704782226448,48.63503814290118,-75.34671514821376,False
1791466972.185289,6343.638375997543,1.8239838709442286,0.48332412168962335,1.45065864428698,4.161704782226448,48.63503814290118,-75.34671514821376,False
1791466972.290908,6343.743995189667,1.808764611147157,0.5111316321046371,1.3643777862917283,21.99412293528665,-33.23974943859439,-97.98361079340604,True
1791466972.388142,6343.841229200363,1.8239838709442286,0.48332412168962335,1.45065864428698,4.161704782226448,48.63503814290118,-75.34671514821376,False
1791466972.495553,6343.9486401081085,1.8475029968220404,0.4429780558480718,1.575078723484666,22.839999537738567,-29.00956948949457,-96.65215836417232,False
1791466972.604042,6344.057129144669,1.8239838709442286,0.48332412168962335,1.45065864428698,4.161704782226448,48.63503814290118,-75.34671514821376,False
1791466972.701299,6344.154386043549,1.8239838709442286,0.48332412168962335,1.45065864428698,4.161704782226448,48.63503814290118,-75.34671514821376,False
1791466972.794724,6344.247811079025,1.8239838709442286,0.48332412168962335,1.45065864428698,4.161704782226448,48.63503814290118,-75.34671514821376,False
1791466972.908567,6344.361654043198,1.828213840248098,0.47686477638778113,1.4701105919703141,20.389932003357433,-30.9613720245269,-95.61871050190211,False
1791466973.01216,6344.465247154236,1.8239838709442286,0.48332412168962335,1.45065864428698,4.161704782226448,48.63503814290118,-75.34671514821376,False
1791466973.122608,6344.575695037842,1.8239838709442286,0.48332412168962335,1.45065864428698,4.161704782226448,48.63503814290118,-75.34671514821376,False
1791466973.222081,6344.675168037415,1.8239838709442286,0.48332412168962335,1.45065864428698,4.161704782226448,48.63503814290118,-75.34671514821376,False
1791466973.323565,6344.776652097702,1.8239838709442286,0.48332412168962335,1.45065864428698,4.161704782226448,48.63503814290118,-75.34671514821376,True
1791466973.453119,6344.906206130981,1.808764611147157,0.5111316321046371,1.3643777862917283,21.99412293528665,-33.23974943859439,-97.98361079340604,False
1791466973.54646,6344.9995470047,1.8239838709442286,0.48332412168962335,1.45065864428698,4.161704782226448,48.63503814290118,-75.34671514821376,False
1791466973.681495,6345.134582042694,1.808764611147157,0.5111316321046371,1.3643777862917283,21.99412293528665,-33.23974943859439,-97.98361079340604,False
1791466973.781789,6345.234876155853,1.8239838709442286,0.48332412168962335,1.45065864428698,4.161704782226448,48.63503814290118,-75.34671514821376,False
1791466973.883106,6345.336193084717,1.8239838709442286,0.48332412168962335,1.45065864428698,4.161704782226448,48.63503814290118,-75.34671514821376,False
1791466973.981261,6345.434348106384,1.8239838709442286,0.48332412168962335,1.45065864428698,4.161704782226448,48.63503814290118,-75.34671514821376,False
1791466974.088451,6345.541538000107,1.8475029968220404,0.4429780558480718,1.575078723484666,22.839999537738567,-29.00956948949457,-96.65215836417232,False
1791466974.202083,6345.655170202255,1.8239838709442286,0.48332412168962335,1.45065864428698,4.161704782226448,48.63503814290118,-75.34671514821376,False
1791466974.303151,6345.756237983704,1.808764611147157,0.5111316321046371,1.3643777862917283,21.99412293528665,-33.23974943859439,-97.98361079340604,False
1791466974.408934,6345.862021207809,1.8239838709442286,0.48332412168962335,1.45065864428698,4.161704782226448,48.63503814290118,-75.34671514821376,True
1791466974.500564,6345.953651189804,1.808764611147157,0.5111316321046371,1.3643777862917283,21.99412293528665,-33.23974943859439,-97.98361079340604,False
1791466974.605651,6346.05873799324,1.808764611147157,0.5111316321046371,1.3643777862917283,21.99412293528665,-33.23974943859439,-97.98361079340604,False
1791466974.702789,6346.155876159668,1.808764611147157,0.5111316321046371,1.3643777862917283,21.99412293528665,-33.23974943859439,-97.98361079340604,False
1791466974.816262,6346.269349098206,1.8239838709442286,0.48332412168962335,1.45065864428698,4.161704782226448,48.63503814290118,-75.34671514821376,False
1791466974.928129,6346.381216049194,1.8239838709442286,0.48332412168962335,1.45065864428698,4.161704782226448,48.63503814290118,-75.34671514821376,False
1791466975.037973,6346.491060018539,1.8239838709442286,0.48332412168962335,1.45065864428698,4.161704782226448,48.63503814290118,-75.34671514821376,False
1791466975.130359,6346.583446025848,1.808764611147157,0.5111316321046371,1.3643777862917283,21.99412293528665,-33.23974943859439,-97.98361079340604,False
1791466975.229105,6346.6821920871735,1.8239838709442286,0.48332412168962335,1.45065864428698,4.161704782226448,48.63503814290118,-75.34671514821376,False
1791466975.348495,6346.801582098007,1.808764611147157,0.5111316321046371,1.3643777862917283,21.99412293528665,-33.23974943859439,-97.98361079340604,False
1791466975.446967,6346.900053977966,1.808764611147157,0.5111316321046371,1.3643777862917283,21.99412293528665,-33.23974943859439,-97.98361079340604,True
1791466975.558911,6347.011998176575,1.8239838709442286,0.48332412168962335,1.45065864428698,4.161704782226448,48.63503814290118,-75.34671514821376,False
1791466975.642744,6347.095831155777,1.808764611147157,0.5111316321046371,1.3643777862917283,21.99412293528665,-33.23974943859439,-97.98361079340604,False
1791466975.749758,6347.202845096588,1.8239838709442286,0.48332412168962335,1.45065864428698,4.161704782226448,48.63503814290118,-75.34671514821376,False
1791466975.858952,6347.312039136887,1.8239838709442286,0.48332412168962335,1.45065864428698,4.161704782226448,48.63503814290118,-75.34671514821376,False
1791466975.948,6347.40108704567,1.808764611147157,0.5111316321046371,1.3643777862917283,21.99412293528665,-33.23974943859439,-97.98361079340604,False
1791466976.062124,6347.515211105347,1.8239838709442286,0.48332412168962335,1.45065864428698,4.161704782226448,48.63503814290118,-75.34671514821376,False
1791466976.156034,6347.609121084213,1.8239838709442286,0.48332412168962335,1.45065864428698,4.161704782226448,48.63503814290118,-75.34671514821376,False
1791466976.280578,6347.733664989471,1.808764611147157,0.5111316321046371,1.3643777862917283,21.99412293528665,-33.23974943859439,-97.98361079340604,False
1791466976.393863,6347.846950054169,1.808764611147157,0.5111316321046371,1.3643777862917283,21.99412293528665,-33.23974943859439,-97.98361079340604,False
1791466976.48795,6347.94103717804,1.8239838709442286,0.48332412168962335,1.45065864428698,4.161704782226448,48.63503814290118,-75.34671514821376,True
1791466976.596993,6348.050080060959,1.808764611147157,0.5111316321046371,1.3643777862917283,21.99412293528665,-33.23974943859439,-97.98361079340604,False
1791466976.710918,6348.164005041122,1.8239838709442286,0.48332412168962335,1.45065864428698,4.161704782226448,48.63503814290118,-75.34671514821376,False
1791466976.824615,6348.277702093124,1.8239838709442286,0.48332412168962335,1.45065864428698,4.161704782226448,48.63503814290118,-75.34671514821376,False
1791466976.937674,6348.390761137009,1.808764611147157,0.5111316321046371,1.3643777862917283,21.99412293528665,-33.23974943859439,-97.98361079340604,False
1791466977.030503,6348.483590126038,1.808764611147157,0.5111316321046371,1.3643777862917283,21.99412293528665,-33.23974943859439,-97.98361079340604,False
1791466977.132052,6348.585139036179,1.8239838709442286,0.48332412168962335,1.45065864428698,4.161704782226448,48.63503814290118,-75.34671514821376,False
1791466977.244148,6348.697235107422,1.808764611147157,0.5111316321046371,1.3643777862917283,21.99412293528665,-33.23974943859439,-97.98361079340604,False
1791466977.319183,6348.772270202637,1.808764611147157,0.5111316321046371,1.3643777862917283,21.99412293528665,-33.23974943859439,-97.98361079340604,False
1791466977.402897,6348.855983972549,1.828213840248098,0.47686477638778113,1.4701105919703141,20.389932003357433,-30.9613720245269,-95.61871050190211,False
1791466977.484013,6348.937100172043,1.808764611147157,0.5111316321046371,1.3643777862917283,21.99412293528665,-33.23974943859439,-97.98361079340604,False
1791466977.600029,6349.053116083145,1.808764611147157,0.5111316321046371,1.3643777862917283,21.99412293528665,-33.23974943859439,-97.98361079340604,True
1791466977.717137,6349.170224189758,1.8239838709442286,0.48332412168962335,1.45065864428698,4.161704782226448,48.63503814290118,-75.34671514821376,False
1791466977.827004,6349.280091047287,1.8239838709442286,0.48332412168962335,1.45065864428698,4.161704782226448,48.63503814290118,-75.34671514821376,False
1791466977.905315,6349.358402013779,1.8475029968220404,0.4429780558480718,1.575078723484666,22.839999537738567,-29.00956948949457,-96.65215836417232,False
1791466977.994157,6349.447244167328,1.8239838709442286,0.48332412168962335,1.45065864428698,4.161704782226448,48.63503814290118,-75.34671514821376,False
1791466978.080021,6349.533107995987,1.808764611147157,0.5111316321046371,1.3643777862917283,21.99412293528665,-33.23974943859439,-97.98361079340604,False
1791466978.219989,6349.6730761528015,1.808764611147157,0.5111316321046371,1.3643777862917283,21.99412293528665,-33.23974943859439,-97.98361079340604,False
1791466978.312455,6349.7655420303345,1.8239838709442286,0.48332412168962335,1.45065864428698,4.161704782226448,48.63503814290118,-75.34671514821376,False
1791466978.415576,6349.868663072586,1.808764611147157,0.5111316321046371,1.3643777862917283,21.99412293528665,-33.23974943859439,-97.98361079340604,False
1791466978.541089,6349.994176149368,1.808764611147157,0.5111316321046371,1.3643777862917283,21.99412293528665,-33.23974943859439,-97.98361079340604,False
1791466978.6452,6350.09828710556,1.8239838709442286,0.48332412168962335,1.45065864428698,4.161704782226448,48.63503814290118,-75.34671514821376,True
1791466978.757806,6350.210893154144,1.808764611147157,0.5111316321046371,1.3643777862917283,21.99412293528665,-33.23974943859439,-97.98361079340604,False
1791466978.861081,6350.314167976379,1.8239838709442286,0.48332412168962335,1.45065864428698,4.161704782226448,48.63503814290118,-75.34671514821376,False
1791466978.94665,6350.399737119675,1.808764611147157,0.5111316321046371,1.3643777862917283,21.99412293528665,-33.23974943859439,-97.98361079340604,False
1791466979.07229,6350.525377035141,1.8239838709442286,0.48332412168962335,1.45065864428698,4.161704782226448,48.63503814290118,-75.34671514821376,False
1791466979.1829,6350.635987043381,1.8239838709442286,0.48332412168962335,1.45065864428698,4.161704782226448,48.63503814290118,-75.34671514821376,False
1791466979.281814,6350.734901189804,1.808764611147157,0.5111316321046371,1.3643777862917283,21.99412293528665,-33.23974943859439,-97.98361079340604,False
1791466979.380574,6350.833661079407,1.8239838709442286,0.48332412168962335,1.45065864428698,4.161704782226448,48.63503814290118,-75.34671514821376,False
1791466979.506344,6350.959431171417,1.808764611147157,0.5111316321046371,1.3643777862917283,21.99412293528665,-33.23974943859439,-97.98361079340604,False
1791466979.616922,6351.070008993149,1.808764611147157,0.5111316321046371,1.3643777862917283,21.99412293528665,-33.23974943859439,-97.98361079340604,False
1791466979.737419,6351.190505981445,1.8239838709442286,0.48332412168962335,1.45065864428698,4.161704782226448,48.63503814290118,-75.34671514821376,True
1791466979.824139,6351.2772262096405,1.8239838709442286,0.48332412168962335,1.45065864428698,4.161704782226448,48.63503814290118,-75.34671514821376,False
1791466979.938356,6351.391443014145,1.8239838709442286,0.48332412168962335,1.45065864428698,4.161704782226448,48.63503814290118,-75.34671514821376,False
1791466980.021312,6351.474399089813,1.808764611147157,0.5111316321046371,1.3643777862917283,21.99412293528665,-33.23974943859439,-97.98361079340604,False
1791466980.14256,6351.595647096634,1.828213840248098,0.47686477638778113,1.4701105919703141,20.389932003357433,-30.9613720245269,-95.61871050190211,False
1791466980.255062,6351.708149194717,1.8239838709442286,0.48332412168962335,1.45065864428698,4.161704782226448,48.63503814290118,-75.34671514821376,False
1791466980.358953,6351.812040090561,1.8239838709442286,0.48332412168962335,1.45065864428698,4.161704782226448,48.63503814290118,-75.34671514821376,False
1791466980.456201,6351.9092881679535,1.808764611147157,0.5111316321046371,1.3643777862917283,21.99412293528665,-33.23974943859439,-97.98361079340604,False
1791466980.571029,6352.024116039276,1.8239838709442286,0.48332412168962335,1.45065864428698,4.161704782226448,48.63503814290118,-75.34671514821376,False
1791466980.682499,6352.135586023331,1.8239838709442286,0.48332412168962335,1.45065864428698,4.161704782226448,48.63503814290118,-75.34671514821376,False
1791466980.765899,6352.218986034393,1.8239838709442286,0.48332412168962335,1.45065864428698,4.161704782226448,48.63503814290118,-75.34671514821376,True
1791466980.865159,6352.318246126175,1.8239838709442286,0.48332412168962335,1.45065864428698,4.161704782226448,48.63503814290118,-75.34671514821376,False
1791466980.97922,6352.432307004929,1.8239838709442286,0.48332412168962335,1.45065864428698,4.161704782226448,48.63503814290118,-75.34671514821376,False
1791466981.099488,6352.552575111389,1.808764611147157,0.5111316321046371,1.3643777862917283,21.99412293528665,-33.23974943859439,-97.98361079340604,False
1791466981.19967,6352.652757167816,1.8239838709442286,0.48332412168962335,1.45065864428698,4.161704782226448,48.63503814290118,-75.34671514821376,False
1791466981.293356,6352.746443033218,1.808764611147157,0.5111316321046371,1.3643777862917283,21.99412293528665,-33.23974943859439,-97.98361079340604,False
1791466981.414737,6352.867824077606,1.8239838709442286,0.48332412168962335,1.45065864428698,4.161704782226448,48.63503814290118,-75.34671514821376,False
1791466981.530975,6352.984062194824,1.8239838709442286,0.48332412168962335,1.45065864428698,4.161704782226448,48.63503814290118,-75.34671514821376,False
1791466981.632744,6353.085831165314,1.808764611147157,0.5111316321046371,1.3643777862917283,21.99412293528665,-33.23974943859439,-97.98361079340604,False
1791466981.740852,6353.193939208984,1.808764611147157,0.5111316321046371,1.3643777862917283,21.99412293528665,-33.23974943859439,-97.98361079340604,False
1791466981.846367,6353.29945397377,1.808764611147157,0.5111316321046371,1.3643777862917283,21.99412293528665,-33.23974943859439,-97.98361079340604,True
1791466981.947181,6353.40026807785,1.808764611147157,0.5111316321046371,1.3643777862917283,21.99412293528665,-33.23974943859439,-97.98361079340604,False
1791466982.053963,6353.507050037384,1.808764611147157,0.5111316321046371,1.3643777862917283,21.99412293528665,-33.23974943859439,-97.98361079340604,False
1791466982.16927,6353.622357130051,1.808764611147157,0.5111316321046371,1.3643777862917283,21.99412293528665,-33.23974943859439,-97.98361079340604,False
1791466982.283234,6353.736320972443,1.808764611147157,0.5111316321046371,1.3643777862917283,21.99412293528665,-33.23974943859439,-97.98361079340604,False
1791466982.384021,6353.837108135223,1.808764611147157,0.5111316321046371,1.3643777862917283,21.99412293528665,-33.23974943859439,-97.98361079340604,False
1791466982.501764,6353.954851150513,1.808764611147157,0.5111316321046371,1.3643777862917283,21.99412293528665,-33.23974943859439,-97.98361079340604,False
1791466982.58523,6354.038317203522,1.808764611147157,0.5111316321046371,1.3643777862917283,21.99412293528665,-33.23974943859439,-97.98361079340604,False
1791466982.690231,6354.1433181762695,1.808764611147157,0.5111316321046371,1.3643777862917283,21.99412293528665,-33.23974943859439,-97.98361079340604,False
1791466982.787137,6354.240224123001,1.808764611147157,0.5111316321046371,1.3643777862917283,21.99412293528665,-33.23974943859439,-97.98361079340604,False
1791466982.884571,6354.337658166885,1.808764611147157,0.5111316321046371,1.3643777862917283,21.99412293528665,-33.23974943859439,-97.98361079340604,True
1791466983.00079,6354.453877210617,1.808764611147157,0.5111316321046371,1.3643777862917283,21.99412293528665,-33.23974943859439,-97.98361079340604,False
1791466983.106246,6354.559333086014,1.808764611147157,0.5111316321046371,1.3643777862917283,21.99412293528665,-33.23974943859439,-97.98361079340604,False
1791466983.194758,6354.647845029831,1.808764611147157,0.5111316321046371,1.3643777862917283,21.99412293528665,-33.23974943859439,-97.98361079340604,False
1791466983.321458,6354.7745451927185,1.808764611147157,0.5111316321046371,1.3643777862917283,21.99412293528665,-33.23974943859439,-97.98361079340604,False
1791466983.460202,6354.913289070129,1.808764611147157,0.5111316321046371,1.3643777862917283,21.99412293528665,-33.23974943859439,-97.98361079340604,False
1791466983.576152,6355.029239177704,1.808764611147157,0.5111316321046371,1.3643777862917283,21.99412293528665,-33.23974943859439,-97.98361079340604,False
1791466983.679619,6355.132706165314,1.808764611147157,0.5111316321046371,1.3643777862917283,21.99412293528665,-33.23974943859439,-97.98361079340604,False
1791466983.769953,6355.223040103912,1.808764611147157,0.5111316321046371,1.3643777862917283,21.99412293528665,-33.23974943859439,-97.98361079340604,False
1791466983.895952,6355.349039077759,1.808764611147157,0.5111316321046371,1.3643777862917283,21.99412293528665,-33.23974943859439,-97.98361079340604,True
1791466984.002395,6355.455482006073,1.808764611147157,0.5111316321046371,1.3643777862917283,21.99412293528665,-33.23974943859439,-97.98361079340604,False
1791466984.108339,6355.56142616272,1.808764611147157,0.5111316321046371,1.3643777862917283,21.99412293528665,-33.23974943859439,-97.98361079340604,False
1791466984.191494,6355.644581079483,1.808764611147157,0.5111316321046371,1.3643777862917283,21.99412293528665,-33.23974943859439,-97.98361079340604,False
1791466984.284973,6355.738059997559,1.808764611147157,0.5111316321046371,1.3643777862917283,21.99412293528665,-33.23974943859439,-97.98361079340604,False
1791466984.395252,6355.848339080811,1.808764611147157,0.5111316321046371,1.3643777862917283,21.99412293528665,-33.23974943859439,-97.98361079340604,False
1791466984.490138,6355.94322514534,1.808764611147157,0.5111316321046371,1.3643777862917283,21.99412293528665,-33.23974943859439,-97.98361079340604,False
1791466984.591793,6356.044880151749,1.808764611147157,0.5111316321046371,1.3643777862917283,21.99412293528665,-33.23974943859439,-97.98361079340604,False
1791466984.701843,6356.154930114746,1.808764611147157,0.5111316321046371,1.3643777862917283,21.99412293528665,-33.23974943859439,-97.98361079340604,False
1791466984.81015,6356.263236999512,1.808764611147157,0.5111316321046371,1.3643777862917283,21.99412293528665,-33.23974943859439,-97.98361079340604,False
1791466984.923877,6356.376964092255,1.808764611147157,0.5111316321046371,1.3643777862917283,21.99412293528665,-33.23974943859439,-97.98361079340604,True
1791466985.019069,6356.472156047821,1.808764611147157,0.5111316321046371,1.3643777862917283,21.99412293528665,-33.23974943859439,-97.98361079340604,False
1791466985.144196,6356.597283124924,1.808764611147157,0.5111316321046371,1.3643777862917283,21.99412293528665,-33.23974943859439,-97.98361079340604,False
1791466985.245183,6356.698270082474,1.808764611147157,0.5111316321046371,1.3643777862917283,21.99412293528665,-33.23974943859439,-97.98361079340604,False
1791466985.392466,6356.845553159714,1.808764611147157,0.5111316321046371,1.3643777862917283,21.99412293528665,-33.23974943859439,-97.98361079340604,False
1791466985.504812,6356.957899093628,1.808764611147157,0.5111316321046371,1.3643777862917283,21.99412293528665,-33.23974943859439,-97.98361079340604,False
1791466985.585728,6357.038815021515,1.808764611147157,0.5111316321046371,1.3643777862917283,21.99412293528665,-33.23974943859439,-97.98361079340604,False
1791466985.68347,6357.136557102203,1.808764611147157,0.5111316321046371,1.3643777862917283,21.99412293528665,-33.23974943859439,-97.98361079340604,False
1791466985.800927,6357.254014015198,1.808764611147157,0.5111316321046371,1.3643777862917283,21.99412293528665,-33.23974943859439,-97.98361079340604,False
1791466985.895982,6357.3490691185,1.808764611147157,0.5111316321046371,1.3643777862917283,21.99412293528665,-33.23974943859439,-97.98361079340604,False
1791466986.00612,6357.459207057953,1.808764611147157,0.5111316321046371,1.3643777862917283,21.99412293528665,-33.23974943859439,-97.98361079340604,True
1791466986.114408,6357.567495107651,1.808764611147157,0.5111316321046371,1.3643777862917283,21.99412293528665,-33.23974943859439,-97.98361079340604,False
1791466986.208474,6357.661561012268,1.808764611147157,0.5111316321046371,1.3643777862917283,21.99412293528665,-33.23974943859439,-97.98361079340604,False
1791466986.325709,6357.778796195984,1.808764611147157,0.5111316321046371,1.3643777862917283,21.99412293528665,-33.23974943859439,-97.98361079340604,False
1791466986.434644,6357.887731075287,1.808764611147157,0.5111316321046371,1.3643777862917283,21.99412293528665,-33.23974943859439,-97.98361079340604,False
1791466986.523132,6357.976219177246,1.808764611147157,0.5111316321046371,1.3643777862917283,21.99412293528665,-33.23974943859439,-97.98361079340604,False
1791466986.631189,6358.084276199341,1.808764611147157,0.5111316321046371,1.3643777862917283,21.99412293528665,-33.23974943859439,-97.98361079340604,False
1791466986.715017,6358.168104171753,1.808764611147157,0.5111316321046371,1.3643777862917283,21.99412293528665,-33.23974943859439,-97.98361079340604,False
1791466986.812871,6358.265958070755,1.808764611147157,0.5111316321046371,1.3643777862917283,21.99412293528665,-33.23974943859439,-97.98361079340604,False
1791466986.932797,6358.385884046555,1.808764611147157,0.5111316321046371,1.3643777862917283,21.99412293528665,-33.23974943859439,-97.98361079340604,False
1791466987.014464,6358.467550992966,1.808764611147157,0.5111316321046371,1.3643777862917283,21.99412293528665,-33.23974943859439,-97.98361079340604,True
1791466987.120346,6358.573433160782,1.808764611147157,0.5111316321046371,1.3643777862917283,21.99412293528665,-33.23974943859439,-97.98361079340604,False
1791466987.233983,6358.687070131302,1.808764611147157,0.5111316321046371,1.3643777862917283,21.99412293528665,-33.23974943859439,-97.98361079340604,False
1791466987.342995,6358.796082019806,1.808764611147157,0.5111316321046371,1.3643777862917283,21.99412293528665,-33.23974943859439,-97.98361079340604,False
1791466987.448535,6358.901622056961,1.808764611147157,0.5111316321046371,1.3643777862917283,21.99412293528665,-33.23974943859439,-97.98361079340604,False
1791466987.560138,6359.013225078583,1.808764611147157,0.5111316321046371,1.3643777862917283,21.99412293528665,-33.23974943859439,-97.98361079340604,False
1791466987.667956,6359.121043205261,1.808764611147157,0.5111316321046371,1.3643777862917283,21.99412293528665,-33.23974943859439,-97.98361079340604,False
1791466987.781838,6359.234925031662,1.808764611147157,0.5111316321046371,1.3643777862917283,21.99412293528665,-33.23974943859439,-97.98361079340604,False
1791466987.874611,6359.327697992325,1.808764611147157,0.5111316321046371,1.3643777862917283,21.99412293528665,-33.23974943859439,-97.98361079340604,False
1791466987.976094,6359.429181098938,1.808764611147157,0.5111316321046371,1.3643777862917283,21.99412293528665,-33.23974943859439,-97.98361079340604,False
1791466988.097751,6359.550837993622,1.808764611147157,0.5111316321046371,1.3643777862917283,21.99412293528665,-33.23974943859439,-97.98361079340604,True
1791466988.18398,6359.637067079544,1.808764611147157,0.5111316321046371,1.3643777862917283,21.99412293528665,-33.23974943859439,-97.98361079340604,False
1791466988.286869,6359.739956140518,1.808764611147157,0.5111316321046371,1.3643777862917283,21.99412293528665,-33.23974943859439,-97.98361079340604,False
1791466988.403484,6359.85657119751,1.808764611147157,0.5111316321046371,1.3643777862917283,21.99412293528665,-33.23974943859439,-97.98361079340604,False
1791466988.528266,6359.98135304451,1.808764611147157,0.5111316321046371,1.3643777862917283,21.99412293528665,-33.23974943859439,-97.98361079340604,False
1791466988.622142,6360.075229167938,1.808764611147157,0.5111316321046371,1.3643777862917283,21.99412293528665,-33.23974943859439,-97.98361079340604,False
1791466988.739398,6360.19248509407,1.808764611147157,0.5111316321046371,1.3643777862917283,21.99412293528665,-33.23974943859439,-97.98361079340604,False
1791466988.842632,6360.2957191467285,1.808764611147157,0.5111316321046371,1.3643777862917283,21.99412293528665,-33.23974943859439,-97.98361079340604,False
1791466988.930504,6360.383591175079,1.808764611147157,0.5111316321046371,1.3643777862917283,21.99412293528665,-33.23974943859439,-97.98361079340604,False
1791466989.015014,6360.468101024628,1.808764611147157,0.5111316321046371,1.3643777862917283,21.99412293528665,-33.23974943859439,-97.98361079340604,False
1791466989.137577,6360.590664148331,1.808764611147157,0.5111316321046371,1.3643777862917283,21.99412293528665,-33.23974943859439,-97.98361079340604,True
1791466989.243619,6360.696706056595,1.808764611147157,0.5111316321046371,1.3643777862917283,21.99412293528665,-33.23974943859439,-97.98361079340604,False
1791466989.33354,6360.7866270542145,1.808764611147157,0.5111316321046371,1.3643777862917283,21.99412293528665,-33.23974943859439,-97.98361079340604,False
1791466989.420322,6360.873409032822,1.808764611147157,0.5111316321046371,1.3643777862917283,21.99412293528665,-33.23974943859439,-97.98361079340604,False
1791466989.536808,6360.989895105362,1.808764611147157,0.5111316321046371,1.3643777862917283,21.99412293528665,-33.23974943859439,-97.98361079340604,False
1791466989.638357,6361.091444015503,1.808764611147157,0.5111316321046371,1.3643777862917283,21.99412293528665,-33.23974943859439,-97.98361079340604,False
1791466989.745629,6361.198716163635,1.808764611147157,0.5111316321046371,1.3643777862917283,21.99412293528665,-33.23974943859439,-97.98361079340604,False
1791466989.846184,6361.29927110672,1.808764611147157,0.5111316321046371,1.3643777862917283,21.99412293528665,-33.23974943859439,-97.98361079340604,False
1791466989.950385,6361.403472185135,1.808764611147157,0.5111316321046371,1.3643777862917283,21.99412293528665,-33.23974943859439,-97.98361079340604,False
1791466990.045792,6361.49887919426,1.808764611147157,0.5111316321046371,1.3643777862917283,21.99412293528665,-33.23974943859439,-97.98361079340604,False
1791466990.158778,6361.61186504364,1.808764611147157,0.5111316321046371,1.3643777862917283,21.99412293528665,-33.23974943859439,-97.98361079340604,True
1791466990.248509,6361.701596021652,1.808764611147157,0.5111316321046371,1.3643777862917283,21.99412293528665,-33.23974943859439,-97.98361079340604,False
1791466990.349632,6361.802719116211,1.808764611147157,0.5111316321046371,1.3643777862917283,21.99412293528665,-33.23974943859439,-97.98361079340604,False
1791466990.45831,6361.911396980286,1.808764611147157,0.5111316321046371,1.3643777862917283,21.99412293528665,-33.23974943859439,-97.98361079340604,False
1791466990.551369,6362.004456043243,1.808764611147157,0.5111316321046371,1.3643777862917283,21.99412293528665,-33.23974943859439,-97.98361079340604,False
1791466990.631591,6362.084678173065,1.808764611147157,0.5111316321046371,1.3643777862917283,21.99412293528665,-33.23974943859439,-97.98361079340604,False
1791466990.750484,6362.2035710811615,1.808764611147157,0.5111316321046371,1.3643777862917283,21.99412293528665,-33.23974943859439,-97.98361079340604,False
1791466990.84284,6362.2959270477295,1.808764611147157,0.5111316321046371,1.3643777862917283,21.99412293528665,-33.23974943859439,-97.98361079340604,False
1791466990.928514,6362.3816010952,1.808764611147157,0.5111316321046371,1.3643777862917283,21.99412293528665,-33.23974943859439,-97.98361079340604,False
1791466991.010053,6362.463140010834,1.808764611147157,0.5111316321046371,1.3643777862917283,21.99412293528665,-33.23974943859439,-97.98361079340604,False
1791466991.115288,6362.568375110626,1.808764611147157,0.5111316321046371,1.3643777862917283,21.99412293528665,-33.23974943859439,-97.98361079340604,False
1791466991.240125,6362.693212032318,1.808764611147157,0.5111316321046371,1.3643777862917283,21.99412293528665,-33.23974943859439,-97.98361079340604,True
1791466991.375878,6362.828965187073,1.808764611147157,0.5111316321046371,1.3643777862917283,21.99412293528665,-33.23974943859439,-97.98361079340604,False
1791466991.484747,6362.937834024429,1.808764611147157,0.5111316321046371,1.3643777862917283,21.99412293528665,-33.23974943859439,-97.98361079340604,False
1791466991.59077,6363.043857097626,1.808764611147157,0.5111316321046371,1.3643777862917283,21.99412293528665,-33.23974943859439,-97.98361079340604,False
1791466991.704067,6363.157154083252,1.808764611147157,0.5111316321046371,1.3643777862917283,21.99412293528665,-33.23974943859439,-97.98361079340604,False
1791466991.814133,6363.267220020294,1.808764611147157,0.5111316321046371,1.3643777862917283,21.99412293528665,-33.23974943859439,-97.98361079340604,False
1791466991.928827,6363.381914138794,1.808764611147157,0.5111316321046371,1.3643777862917283,21.99412293528665,-33.23974943859439,-97.98361079340604,False
1791466992.042096,6363.495182991028,1.808764611147157,0.5111316321046371,1.3643777862917283,21.99412293528665,-33.23974943859439,-97.98361079340604,False
1791466992.144858,6363.597944974899,1.808764611147157,0.5111316321046371,1.3643777862917283,21.99412293528665,-33.23974943859439,-97.98361079340604,False
1791466992.24977,6363.702857017517,1.808764611147157,0.5111316321046371,1.3643777862917283,21.99412293528665,-33.23974943859439,-97.98361079340604,True
1791466992.348242,6363.801329135895,1.808764611147157,0.5111316321046371,1.3643777862917283,21.99412293528665,-33.23974943859439,-97.98361079340604,False
1791466992.474936,6363.928023099899,1.808764611147157,0.5111316321046371,1.3643777862917283,21.99412293528665,-33.23974943859439,-97.98361079340604,False
1791466992.657152,6364.110239028931,1.808764611147157,0.5111316321046371,1.3643777862917283,21.99412293528665,-33.23974943859439,-97.98361079340604,False
1791466992.772792,6364.225879192352,1.808764611147157,0.5111316321046371,1.3643777862917283,21.99412293528665,-33.23974943859439,-97.98361079340604,False
1791466992.898305,6364.351392030716,1.808764611147157,0.5111316321046371,1.3643777862917283,21.99412293528665,-33.23974943859439,-97.98361079340604,False
1791466993.01638,6364.469467163086,1.808764611147157,0.5111316321046371,1.3643777862917283,21.99412293528665,-33.23974943859439,-97.98361079340604,False
1791466993.128277,6364.581364154816,1.808764611147157,0.5111316321046371,1.3643777862917283,21.99412293528665,-33.23974943859439,-97.98361079340604,False
1791466993.226474,6364.679561138153,1.808764611147157,0.5111316321046371,1.3643777862917283,21.99412293528665,-33.23974943859439,-97.98361079340604,False
1791466993.326903,6364.779990196228,1.808764611147157,0.5111316321046371,1.3643777862917283,21.99412293528665,-33.23974943859439,-97.98361079340604,True
1791466993.433223,6364.886310100555,1.808764611147157,0.5111316321046371,1.3643777862917283,21.99412293528665,-33.23974943859439,-97.98361079340604,False
1791466993.553493,6365.006580114365,1.808764611147157,0.5111316321046371,1.3643777862917283,21.99412293528665,-33.23974943859439,-97.98361079340604,False
1791466993.660505,6365.113592147827,1.808764611147157,0.5111316321046371,1.3643777862917283,21.99412293528665,-33.23974943859439,-97.98361079340604,False
1791466993.766529,6365.219616174698,1.808764611147157,0.5111316321046371,1.3643777862917283,21.99412293528665,-33.23974943859439,-97.98361079340604,False
1791466993.856898,6365.309985160828,1.808764611147157,0.5111316321046371,1.3643777862917283,21.99412293528665,-33.23974943859439,-97.98361079340604,False
1791466993.97077,6365.423856973648,1.808764611147157,0.5111316321046371,1.3643777862917283,21.99412293528665,-33.23974943859439,-97.98361079340604,False
1791466994.068971,6365.522058010101,1.808764611147157,0.5111316321046371,1.3643777862917283,21.99412293528665,-33.23974943859439,-97.98361079340604,False
1791466994.174818,6365.627905130386,1.808764611147157,0.5111316321046371,1.3643777862917283,21.99412293528665,-33.23974943859439,-97.98361079340604,False
1791466994.288877,6365.741964101791,1.808764611147157,0.5111316321046371,1.3643777862917283,21.99412293528665,-33.23974943859439,-97.98361079340604,False
1791466994.40882,6365.86190700531,1.808764611147157,0.5111316321046371,1.3643777862917283,21.99412293528665,-33.23974943859439,-97.98361079340604,True
1791466994.504143,6365.957230091095,1.808764611147157,0.5111316321046371,1.3643777862917283,21.99412293528665,-33.23974943859439,-97.98361079340604,False
1791466994.625853,6366.078940153122,1.808764611147157,0.5111316321046371,1.3643777862917283,21.99412293528665,-33.23974943859439,-97.98361079340604,False
1791466994.727117,6366.180204153061,1.808764611147157,0.5111316321046371,1.3643777862917283,21.99412293528665,-33.23974943859439,-97.98361079340604,False
1791466994.825257,6366.278344154358,1.808764611147157,0.5111316321046371,1.3643777862917283,21.99412293528665,-33.23974943859439,-97.98361079340604,False
1791466994.920212,6366.373299121857,1.808764611147157,0.5111316321046371,1.3643777862917283,21.99412293528665,-33.23974943859439,-97.98361079340604,False
1791466995.040738,6366.49382519722,1.808764611147157,0.5111316321046371,1.3643777862917283,21.99412293528665,-33.23974943859439,-97.98361079340604,False
1791466995.146728,6366.599815130234,1.808764611147157,0.5111316321046371,1.3643777862917283,21.99412293528665,-33.23974943859439,-97.98361079340604,False
1791466995.240541,6366.693628072739,1.808764611147157,0.5111316321046371,1.3643777862917283,21.99412293528665,-33.23974943859439,-97.98361079340604,False
1791466995.360293,6366.8133800029755,1.808764611147157,0.5111316321046371,1.3643777862917283,21.99412293528665,-33.23974943859439,-97.98361079340604,False
1791466995.453928,6366.90701508522,1.808764611147157,0.5111316321046371,1.3643777862917283,21.99412293528665,-33.23974943859439,-97.98361079340604,True
1791466995.55323,6367.006317138672,1.808764611147157,0.5111316321046371,1.3643777862917283,21.99412293528665,-33.23974943859439,-97.98361079340604,False
1791466995.657268,6367.110355138779,1.808764611147157,0.5111316321046371,1.3643777862917283,21.99412293528665,-33.23974943859439,-97.98361079340604,False
1791466995.771645,6367.224732160568,1.808764611147157,0.5111316321046371,1.3643777862917283,21.99412293528665,-33.23974943859439,-97.98361079340604,False
1791466995.886201,6367.339287996292,1.808764611147157,0.5111316321046371,1.3643777862917283,21.99412293528665,-33.23974943859439,-97.98361079340604,False
1791466995.989329,6367.442416191101,1.808764611147157,0.5111316321046371,1.3643777862917283,21.99412293528665,-33.23974943859439,-97.98361079340604,False
1791466996.083791,6367.536878108978,1.808764611147157,0.5111316321046371,1.3643777862917283,21.99412293528665,-33.23974943859439,-97.98361079340604,False
1791466996.208612,6367.661699056625,1.808764611147157,0.5111316321046371,1.3643777862917283,21.99412293528665,-33.23974943859439,-97.98361079340604,False
1791466996.315685,6367.768772125244,1.808764611147157,0.5111316321046371,1.3643777862917283,21.99412293528665,-33.23974943859439,-97.98361079340604,False
1791466996.411892,6367.864979028702,1.808764611147157,0.5111316321046371,1.3643777862917283,21.99412293528665,-33.23974943859439,-97.98361079340604,False
1791466996.531634,6367.984721183777,1.808764611147157,0.5111316321046371,1.3643777862917283,21.99412293528665,-33.23974943859439,-97.98361079340604,True
1791466996.646817,6368.099904060364,1.808764611147157,0.5111316321046371,1.3643777862917283,21.99412293528665,-33.23974943859439,-97.98361079340604,False
1791466996.736759,6368.189846038818,1.808764611147157,0.5111316321046371,1.3643777862917283,21.99412293528665,-33.23974943859439,-97.98361079340604,False
1791466996.847488,6368.300575017929,1.808764611147157,0.5111316321046371,1.3643777862917283,21.99412293528665,-33.23974943859439,-97.98361079340604,False
1791466996.956964,6368.410051107407,1.808764611147157,0.5111316321046371,1.3643777862917283,21.99412293528665,-33.23974943859439,-97.98361079340604,False
1791466997.064666,6368.517753124237,1.808764611147157,0.5111316321046371,1.3643777862917283,21.99412293528665,-33.23974943859439,-97.98361079340604,False
1791466997.155869,6368.6089560985565,1.808764611147157,0.5111316321046371,1.3643777862917283,21.99412293528665,-33.23974943859439,-97.98361079340604,False
1791466997.269894,6368.722980976105,1.808764611147157,0.5111316321046371,1.3643777862917283,21.99412293528665,-33.23974943859439,-97.98361079340604,False
1791466997.366002,6368.819089174271,1.808764611147157,0.5111316321046371,1.3643777862917283,21.99412293528665,-33.23974943859439,-97.98361079340604,False
1791466997.481576,6368.934663057327,1.808764611147157,0.5111316321046371,1.3643777862917283,21.99412293528665,-33.23974943859439,-97.98361079340604,False
1791466997.577347,6369.030434131622,1.808764611147157,0.5111316321046371,1.3643777862917283,21.99412293528665,-33.23974943859439,-97.98361079340604,True
1791466997.672368,6369.1254551410675,1.808764611147157,0.5111316321046371,1.3643777862917283,21.99412293528665,-33.23974943859439,-97.98361079340604,False
1791466997.781348,6369.234435081482,1.808764611147157,0.5111316321046371,1.3643777862917283,21.99412293528665,-33.23974943859439,-97.98361079340604,False
1791466997.872883,6369.325970172882,1.808764611147157,0.5111316321046371,1.3643777862917283,21.99412293528665,-33.23974943859439,-97.98361079340604,False
1791466997.981099,6369.4341859817505,1.808764611147157,0.5111316321046371,1.3643777862917283,21.99412293528665,-33.23974943859439,-97.98361079340604,False
1791466998.065801,6369.518887996674,1.808764611147157,0.5111316321046371,1.3643777862917283,21.99412293528665,-33.23974943859439,-97.98361079340604,False
1791466998.181417,6369.634504079819,1.808764611147157,0.5111316321046371,1.3643777862917283,21.99412293528665,-33.23974943859439,-97.98361079340604,False
1791466998.271423,6369.724510192871,1.808764611147157,0.5111316321046371,1.3643777862917283,21.99412293528665,-33.23974943859439,-97.98361079340604,False
1791466998.396057,6369.849143981934,1.808764611147157,0.5111316321046371,1.3643777862917283,21.99412293528665,-33.23974943859439,-97.98361079340604,False
1791466998.480907,6369.933994054794,1.808764611147157,0.5111316321046371,1.3643777862917283,21.99412293528665,-33.23974943859439,-97.98361079340604,False
1791466998.574894,6370.027981042862,1.808764611147157,0.5111316321046371,1.3643777862917283,21.99412293528665,-33.23974943859439,-97.98361079340604,False
1791466998.693303,6370.146390199661,1.808764611147157,0.5111316321046371,1.3643777862917283,21.99412293528665,-33.23974943859439,-97.98361079340604,True
1791466998.792352,6370.245439052582,1.808764611147157,0.5111316321046371,1.3643777862917283,21.99412293528665,-33.23974943859439,-97.98361079340604,False
1791466998.88986,6370.342947006226,1.808764611147157,0.5111316321046371,1.3643777862917283,21.99412293528665,-33.23974943859439,-97.98361079340604,False
1791466998.971853,6370.424940109253,1.808764611147157,0.5111316321046371,1.3643777862917283,21.99412293528665,-33.23974943859439,-97.98361079340604,False
1791466999.05119,6370.5042769908905,1.808764611147157,0.5111316321046371,1.3643777862917283,21.99412293528665,-33.23974943859439,-97.98361079340604,False
1791466999.122426,6370.575513124466,1.808764611147157,0.5111316321046371,1.3643777862917283,21.99412293528665,-33.23974943859439,-97.98361079340604,False
1791466999.295877,6370.748964071274,1.808764611147157,0.5111316321046371,1.3643777862917283,21.99412293528665,-33.23974943859439,-97.98361079340604,False
1791466999.405225,6370.858312129974,1.808764611147157,0.5111316321046371,1.3643777862917283,21.99412293528665,-33.23974943859439,-97.98361079340604,False
1791466999.485429,6370.938516139984,1.808764611147157,0.5111316321046371,1.3643777862917283,21.99412293528665,-33.23974943859439,-97.98361079340604,False
1791466999.63534,6371.088427066803,1.808764611147157,0.5111316321046371,1.3643777862917283,21.99412293528665,-33.23974943859439,-97.98361079340604,False
1791466999.714902,6371.167989015579,1.808764611147157,0.5111316321046371,1.3643777862917283,21.99412293528665,-33.23974943859439,-97.98361079340604,True
1791466999.826435,6371.279522180557,1.808764611147157,0.5111316321046371,1.3643777862917283,21.99412293528665,-33.23974943859439,-97.98361079340604,False
1791466999.931597,6371.384684085846,1.808764611147157,0.5111316321046371,1.3643777862917283,21.99412293528665,-33.23974943859439,-97.98361079340604,False
1791467000.050254,6371.5033411979675,1.808764611147157,0.5111316321046371,1.3643777862917283,21.99412293528665,-33.23974943859439,-97.98361079340604,False
1791467000.153195,6371.606281995773,1.808764611147157,0.5111316321046371,1.3643777862917283,21.99412293528665,-33.23974943859439,-97.98361079340604,False
1791467000.270571,6371.723658084869,1.808764611147157,0.5111316321046371,1.3643777862917283,21.99412293528665,-33.23974943859439,-97.98361079340604,False
1791467000.379681,6371.832768201828,1.808764611147157,0.5111316321046371,1.3643777862917283,21.99412293528665,-33.23974943859439,-97.98361079340604,False
1791467000.483441,6371.936528205872,1.808764611147157,0.5111316321046371,1.3643777862917283,21.99412293528665,-33.23974943859439,-97.98361079340604,False
1791467000.571166,6372.024253129959,1.808764611147157,0.5111316321046371,1.3643777862917283,21.99412293528665,-33.23974943859439,-97.98361079340604,False
1791467000.664455,6372.117542028427,1.808764611147157,0.5111316321046371,1.3643777862917283,21.99412293528665,-33.23974943859439,-97.98361079340604,False
1791467000.786376,6372.239463090897,1.808764611147157,0.5111316321046371,1.3643777862917283,21.99412293528665,-33.23974943859439,-97.98361079340604,True
1791467000.89191,6372.344997167587,1.808764611147157,0.5111316321046371,1.3643777862917283,21.99412293528665,-33.23974943859439,-97.98361079340604,False
1791467000.984458,6372.437545061111,1.808764611147157,0.5111316321046371,1.3643777862917283,21.99412293528665,-33.23974943859439,-97.98361079340604,False
1791467001.090316,6372.543403148651,1.808764611147157,0.5111316321046371,1.3643777862917283,21.99412293528665,-33.23974943859439,-97.98361079340604,False
1791467001.214393,6372.667479991913,1.808764611147157,0.5111316321046371,1.3643777862917283,21.99412293528665,-33.23974943859439,-97.98361079340604,False
1791467001.327435,6372.780522108078,1.808764611147157,0.5111316321046371,1.3643777862917283,21.99412293528665,-33.23974943859439,-97.98361079340604,False
1791467001.422602,6372.875689029694,1.808764611147157,0.5111316321046371,1.3643777862917283,21.99412293528665,-33.23974943859439,-97.98361079340604,False
1791467001.507085,6372.960172176361,1.808764611147157,0.5111316321046371,1.3643777862917283,21.99412293528665,-33.23974943859439,-97.98361079340604,False
1791467001.625523,6373.0786101818085,1.808764611147157,0.5111316321046371,1.3643777862917283,21.99412293528665,-33.23974943859439,-97.98361079340604,False
1791467001.717421,6373.170508146286,1.808764611147157,0.5111316321046371,1.3643777862917283,21.99412293528665,-33.23974943859439,-97.98361079340604,False
1791467001.817162,6373.270249128342,1.808764611147157,0.5111316321046371,1.3643777862917283,21.99412293528665,-33.23974943859439,-97.98361079340604,True
1791467001.919466,6373.372553110123,1.808764611147157,0.5111316321046371,1.3643777862917283,21.99412293528665,-33.23974943859439,-97.98361079340604,False
1791467002.045901,6373.49898815155,1.808764611147157,0.5111316321046371,1.3643777862917283,21.99412293528665,-33.23974943859439,-97.98361079340604,False
1791467002.129805,6373.582892179489,1.808764611147157,0.5111316321046371,1.3643777862917283,21.99412293528665,-33.23974943859439,-97.98361079340604,False
1791467002.239034,6373.6921210289,1.808764611147157,0.5111316321046371,1.3643777862917283,21.99412293528665,-33.23974943859439,-97.98361079340604,False
1791467002.332813,6373.785900115967,1.808764611147157,0.5111316321046371,1.3643777862917283,21.99412293528665,-33.23974943859439,-97.98361079340604,False
1791467002.435486,6373.888573169708,1.808764611147157,0.5111316321046371,1.3643777862917283,21.99412293528665,-33.23974943859439,-97.98361079340604,False
1791467002.543148,6373.996235132217,1.808764611147157,0.5111316321046371,1.3643777862917283,21.99412293528665,-33.23974943859439,-97.98361079340604,False
1791467002.654233,6374.107320070267,1.808764611147157,0.5111316321046371,1.3643777862917283,21.99412293528665,-33.23974943859439,-97.98361079340604,False
1791467002.744988,6374.198075056076,1.808764611147157,0.5111316321046371,1.3643777862917283,21.99412293528665,-33.23974943859439,-97.98361079340604,False
1791467002.847272,6374.300359010696,1.808764611147157,0.5111316321046371,1.3643777862917283,21.99412293528665,-33.23974943859439,-97.98361079340604,True
1791467002.950852,6374.403939008713,1.808764611147157,0.5111316321046371,1.3643777862917283,21.99412293528665,-33.23974943859439,-97.98361079340604,False
1791467003.050062,6374.503149032593,1.808764611147157,0.5111316321046371,1.3643777862917283,21.99412293528665,-33.23974943859439,-97.98361079340604,False
1791467003.151838,6374.60492515564,1.808764611147157,0.5111316321046371,1.3643777862917283,21.99412293528665,-33.23974943859439,-97.98361079340604,False
1791467003.254703,6374.707790136337,1.808764611147157,0.5111316321046371,1.3643777862917283,21.99412293528665,-33.23974943859439,-97.98361079340604,False
1791467003.350143,6374.803230047226,1.808764611147157,0.5111316321046371,1.3643777862917283,21.99412293528665,-33.23974943859439,-97.98361079340604,False
1791467003.477324,6374.930411100388,1.808764611147157,0.5111316321046371,1.3643777862917283,21.99412293528665,-33.23974943859439,-97.98361079340604,False
1791467003.588979,6375.0420660972595,1.808764611147157,0.5111316321046371,1.3643777862917283,21.99412293528665,-33.23974943859439,-97.98361079340604,False
1791467003.698858,6375.151945114136,1.808764611147157,0.5111316321046371,1.3643777862917283,21.99412293528665,-33.23974943859439,-97.98361079340604,False
1791467003.803039,6375.25612616539,1.808764611147157,0.5111316321046371,1.3643777862917283,21.99412293528665,-33.23974943859439,-97.98361079340604,False
1791467003.898358,6375.351445198059,1.808764611147157,0.5111316321046371,1.3643777862917283,21.99412293528665,-33.23974943859439,-97.98361079340604,True
1791467003.9882,6375.44128704071,1.808764611147157,0.5111316321046371,1.3643777862917283,21.99412293528665,-33.23974943859439,-97.98361079340604,False
1791467004.085483,6375.538570165634,1.808764611147157,0.5111316321046371,1.3643777862917283,21.99412293528665,-33.23974943859439,-97.98361079340604,False
1791467004.206759,6375.659846067429,1.808764611147157,0.5111316321046371,1.3643777862917283,21.99412293528665,-33.23974943859439,-97.98361079340604,False
1791467004.293922,6375.747009038925,1.808764611147157,0.5111316321046371,1.3643777862917283,21.99412293528665,-33.23974943859439,-97.98361079340604,False
1791467004.409271,6375.862358093262,1.808764611147157,0.5111316321046371,1.3643777862917283,21.99412293528665,-33.23974943859439,-97.98361079340604,False
1791467004.553869,6376.006956100464,1.808764611147157,0.5111316321046371,1.3643777862917283,21.99412293528665,-33.23974943859439,-97.98361079340604,False
1791467004.653904,6376.106991052628,1.808764611147157,0.5111316321046371,1.3643777862917283,21.99412293528665,-33.23974943859439,-97.98361079340604,False
1791467004.773904,6376.226991176605,1.808764611147157,0.5111316321046371,1.3643777862917283,21.99412293528665,-33.23974943859439,-97.98361079340604,False
1791467004.887685,6376.340772151947,1.808764611147157,0.5111316321046371,1.3643777862917283,21.99412293528665,-33.23974943859439,-97.98361079340604,False
1791467005.009316,6376.462403059006,1.808764611147157,0.5111316321046371,1.3643777862917283,21.99412293528665,-33.23974943859439,-97.98361079340604,True
1791467005.117782,6376.570869207382,1.808764611147157,0.5111316321046371,1.3643777862917283,21.99412293528665,-33.23974943859439,-97.98361079340604,False
1791467005.215636,6376.668723106384,1.808764611147157,0.5111316321046371,1.3643777862917283,21.99412293528665,-33.23974943859439,-97.98361079340604,False
1791467005.315279,6376.768366098404,1.808764611147157,0.5111316321046371,1.3643777862917283,21.99412293528665,-33.23974943859439,-97.98361079340604,False
1791467005.41574,6376.8688271045685,1.808764611147157,0.5111316321046371,1.3643777862917283,21.99412293528665,-33.23974943859439,-97.98361079340604,False
1791467005.527345,6376.980432033539,1.808764611147157,0.5111316321046371,1.3643777862917283,21.99412293528665,-33.23974943859439,-97.98361079340604,False
1791467005.61754,6377.070626974106,1.808764611147157,0.5111316321046371,1.3643777862917283,21.99412293528665,-33.23974943859439,-97.98361079340604,False
1791467005.741693,6377.194780111313,1.808764611147157,0.5111316321046371,1.3643777862917283,21.99412293528665,-33.23974943859439,-97.98361079340604,False
1791467005.812022,6377.265109062195,1.808764611147157,0.5111316321046371,1.3643777862917283,21.99412293528665,-33.23974943859439,-97.98361079340604,False
1791467005.908619,6377.361706018448,1.808764611147157,0.5111316321046371,1.3643777862917283,21.99412293528665,-33.23974943859439,-97.98361079340604,False
1791467006.035076,6377.488162994385,1.808764611147157,0.5111316321046371,1.3643777862917283,21.99412293528665,-33.23974943859439,-97.98361079340604,True
1791467006.126334,6377.579421043396,1.808764611147157,0.5111316321046371,1.3643777862917283,21.99412293528665,-33.23974943859439,-97.98361079340604,False
1791467006.236268,6377.689355134964,1.808764611147157,0.5111316321046371,1.3643777862917283,21.99412293528665,-33.23974943859439,-97.98361079340604,False
1791467006.33489,6377.787976980209,1.808764611147157,0.5111316321046371,1.3643777862917283,21.99412293528665,-33.23974943859439,-97.98361079340604,False
1791467006.444622,6377.897709131241,1.808764611147157,0.5111316321046371,1.3643777862917283,21.99412293528665,-33.23974943859439,-97.98361079340604,False
1791467006.542199,6377.995285987854,1.808764611147157,0.5111316321046371,1.3643777862917283,21.99412293528665,-33.23974943859439,-97.98361079340604,False
1791467006.636114,6378.089200973511,1.808764611147157,0.5111316321046371,1.3643777862917283,21.99412293528665,-33.23974943859439,-97.98361079340604,False
1791467006.720228,6378.173315048218,1.808764611147157,0.5111316321046371,1.3643777862917283,21.99412293528665,-33.23974943859439,-97.98361079340604,False
1791467006.866875,6378.319962024689,1.808764611147157,0.5111316321046371,1.3643777862917283,21.99412293528665,-33.23974943859439,-97.98361079340604,False
1791467007.046902,6378.499989032745,1.808764611147157,0.5111316321046371,1.3643777862917283,21.99412293528665,-33.23974943859439,-97.98361079340604,True
1791467007.116242,6378.569329023361,1.808764611147157,0.5111316321046371,1.3643777862917283,21.99412293528665,-33.23974943859439,-97.98361079340604,False
1791467007.208473,6378.661560058594,1.808764611147157,0.5111316321046371,1.3643777862917283,21.99412293528665,-33.23974943859439,-97.98361079340604,False
1791467007.370771,6378.82385802269,1.808764611147157,0.5111316321046371,1.3643777862917283,21.99412293528665,-33.23974943859439,-97.98361079340604,False
1791467007.498924,6378.952011108398,1.808764611147157,0.5111316321046371,1.3643777862917283,21.99412293528665,-33.23974943859439,-97.98361079340604,False
1791467007.609617,6379.062704086304,1.808764611147157,0.5111316321046371,1.3643777862917283,21.99412293528665,-33.23974943859439,-97.98361079340604,False
1791467007.712071,6379.165158033371,1.808764611147157,0.5111316321046371,1.3643777862917283,21.99412293528665,-33.23974943859439,-97.98361079340604,False
1791467007.825082,6379.278169155121,1.808764611147157,0.5111316321046371,1.3643777862917283,21.99412293528665,-33.23974943859439,-97.98361079340604,False
1791467007.928597,6379.381684064865,1.808764611147157,0.5111316321046371,1.3643777862917283,21.99412293528665,-33.23974943859439,-97.98361079340604,False
1791467008.024034,6379.477121114731,1.808764611147157,0.5111316321046371,1.3643777862917283,21.99412293528665,-33.23974943859439,-97.98361079340604,False
1791467008.130937,6379.584024190903,1.808764611147157,0.5111316321046371,1.3643777862917283,21.99412293528665,-33.23974943859439,-97.98361079340604,True
1791467008.227823,6379.680910110474,1.808764611147157,0.5111316321046371,1.3643777862917283,21.99412293528665,-33.23974943859439,-97.98361079340604,False
1791467008.321867,6379.774954080582,1.808764611147157,0.5111316321046371,1.3643777862917283,21.99412293528665,-33.23974943859439,-97.98361079340604,False
1791467008.43292,6379.886007070541,1.808764611147157,0.5111316321046371,1.3643777862917283,21.99412293528665,-33.23974943859439,-97.98361079340604,False
1791467008.540055,6379.993142127991,1.808764611147157,0.5111316321046371,1.3643777862917283,21.99412293528665,-33.23974943859439,-97.98361079340604,False
1791467008.641281,6380.094367980957,1.808764611147157,0.5111316321046371,1.3643777862917283,21.99412293528665,-33.23974943859439,-97.98361079340604,False
1791467008.754048,6380.2071352005005,1.808764611147157,0.5111316321046371,1.3643777862917283,21.99412293528665,-33.23974943859439,-97.98361079340604,False
1791467008.848609,6380.301696062088,1.808764611147157,0.5111316321046371,1.3643777862917283,21.99412293528665,-33.23974943859439,-97.98361079340604,False
1791467008.94594,6380.399027109146,1.808764611147157,0.5111316321046371,1.3643777862917283,21.99412293528665,-33.23974943859439,-97.98361079340604,False
1791467009.047983,6380.501070022583,1.808764611147157,0.5111316321046371,1.3643777862917283,21.99412293528665,-33.23974943859439,-97.98361079340604,False
1791467009.135843,6380.588930130005,1.808764611147157,0.5111316321046371,1.3643777862917283,21.99412293528665,-33.23974943859439,-97.98361079340604,True
1791467009.245671,6380.698758125305,1.808764611147157,0.5111316321046371,1.3643777862917283,21.99412293528665,-33.23974943859439,-97.98361079340604,False
1791467009.357387,6380.810474157333,1.808764611147157,0.5111316321046371,1.3643777862917283,21.99412293528665,-33.23974943859439,-97.98361079340604,False
1791467009.459251,6380.912338018417,1.808764611147157,0.5111316321046371,1.3643777862917283,21.99412293528665,-33.23974943859439,-97.98361079340604,False
1791467009.555312,6381.008399009705,1.808764611147157,0.5111316321046371,1.3643777862917283,21.99412293528665,-33.23974943859439,-97.98361079340604,False
1791467009.655611,6381.108698129654,1.808764611147157,0.5111316321046371,1.3643777862917283,21.99412293528665,-33.23974943859439,-97.98361079340604,False
1791467009.755904,6381.20899105072,1.808764611147157,0.5111316321046371,1.3643777862917283,21.99412293528665,-33.23974943859439,-97.98361079340604,False
1791467009.882058,6381.335144996643,1.808764611147157,0.5111316321046371,1.3643777862917283,21.99412293528665,-33.23974943859439,-97.98361079340604,False
1791467010.004943,6381.458029985428,1.808764611147157,0.5111316321046371,1.3643777862917283,21.99412293528665,-33.23974943859439,-97.98361079340604,False
1791467010.117347,6381.570434093475,1.808764611147157,0.5111316321046371,1.3643777862917283,21.99412293528665,-33.23974943859439,-97.98361079340604,False
1791467010.227157,6381.680244207382,1.808764611147157,0.5111316321046371,1.3643777862917283,21.99412293528665,-33.23974943859439,-97.98361079340604,True
1791467010.351767,6381.804854154587,1.808764611147157,0.5111316321046371,1.3643777862917283,21.99412293528665,-33.23974943859439,-97.98361079340604,False
1791467010.437383,6381.890470027924,1.808764611147157,0.5111316321046371,1.3643777862917283,21.99412293528665,-33.23974943859439,-97.98361079340604,False
1791467010.535355,6381.988442182541,1.808764611147157,0.5111316321046371,1.3643777862917283,21.99412293528665,-33.23974943859439,-97.98361079340604,False
1791467010.649765,6382.102852106094,1.808764611147157,0.5111316321046371,1.3643777862917283,21.99412293528665,-33.23974943859439,-97.98361079340604,False
1791467010.755771,6382.208858013153,1.808764611147157,0.5111316321046371,1.3643777862917283,21.99412293528665,-33.23974943859439,-97.98361079340604,False
1791467010.851311,6382.304398059845,1.808764611147157,0.5111316321046371,1.3643777862917283,21.99412293528665,-33.23974943859439,-97.98361079340604,False
1791467010.967944,6382.42103099823,1.808764611147157,0.5111316321046371,1.3643777862917283,21.99412293528665,-33.23974943859439,-97.98361079340604,False
1791467011.058571,6382.511658191681,1.808764611147157,0.5111316321046371,1.3643777862917283,21.99412293528665,-33.23974943859439,-97.98361079340604,False
1791467011.239934,6382.693021059036,1.808764611147157,0.5111316321046371,1.3643777862917283,21.99412293528665,-33.23974943859439,-97.98361079340604,True
1791467011.373599,6382.826686143875,1.808764611147157,0.5111316321046371,1.3643777862917283,21.99412293528665,-33.23974943859439,-97.98361079340604,False
1791467011.511889,6382.964976072311,1.808764611147157,0.5111316321046371,1.3643777862917283,21.99412293528665,-33.23974943859439,-97.98361079340604,False
1791467011.600996,6383.054083108902,1.808764611147157,0.5111316321046371,1.3643777862917283,21.99412293528665,-33.23974943859439,-97.98361079340604,False
1791467011.682829,6383.135915994644,1.808764611147157,0.5111316321046371,1.3643777862917283,21.99412293528665,-33.23974943859439,-97.98361079340604,False
1791467011.815,6383.268087148666,1.808764611147157,0.5111316321046371,1.3643777862917283,21.99412293528665,-33.23974943859439,-97.98361079340604,False
1791467011.90794,6383.361027002335,1.808764611147157,0.5111316321046371,1.3643777862917283,21.99412293528665,-33.23974943859439,-97.98361079340604,False
1791467012.027526,6383.48061299324,1.808764611147157,0.5111316321046371,1.3643777862917283,21.99412293528665,-33.23974943859439,-97.98361079340604,False
1791467012.116038,6383.569125175476,1.808764611147157,0.5111316321046371,1.3643777862917283,21.99412293528665,-33.23974943859439,-97.98361079340604,False
1791467012.225909,6383.678996086121,1.808764611147157,0.5111316321046371,1.3643777862917283,21.99412293528665,-33.23974943859439,-97.98361079340604,False
1791467012.315791,6383.768877983093,1.808764611147157,0.5111316321046371,1.3643777862917283,21.99412293528665,-33.23974943859439,-97.98361079340604,True
1791467012.416808,6383.869894981384,1.808764611147157,0.5111316321046371,1.3643777862917283,21.99412293528665,-33.23974943859439,-97.98361079340604,False
1791467012.607915,6384.0610020160675,1.808764611147157,0.5111316321046371,1.3643777862917283,21.99412293528665,-33.23974943859439,-97.98361079340604,False
1791467012.692987,6384.146074056625,1.808764611147157,0.5111316321046371,1.3643777862917283,21.99412293528665,-33.23974943859439,-97.98361079340604,False
1791467012.827026,6384.280112981796,1.808764611147157,0.5111316321046371,1.3643777862917283,21.99412293528665,-33.23974943859439,-97.98361079340604,False
1791467012.900025,6384.353111982346,1.808764611147157,0.5111316321046371,1.3643777862917283,21.99412293528665,-33.23974943859439,-97.98361079340604,False
1791467012.974926,6384.428013086319,1.808764611147157,0.5111316321046371,1.3643777862917283,21.99412293528665,-33.23974943859439,-97.98361079340604,False
1791467013.101208,6384.554295063019,1.808764611147157,0.5111316321046371,1.3643777862917283,21.99412293528665,-33.23974943859439,-97.98361079340604,False
1791467013.248242,6384.701328992844,1.808764611147157,0.5111316321046371,1.3643777862917283,21.99412293528665,-33.23974943859439,-97.98361079340604,False
1791467013.335013,6384.788100004196,1.808764611147157,0.5111316321046371,1.3643777862917283,21.99412293528665,-33.23974943859439,-97.98361079340604,True
1791467013.436704,6384.88979101181,1.808764611147157,0.5111316321046371,1.3643777862917283,21.99412293528665,-33.23974943859439,-97.98361079340604,False
1791467013.559777,6385.012864112854,1.808764611147157,0.5111316321046371,1.3643777862917283,21.99412293528665,-33.23974943859439,-97.98361079340604,False
1791467013.646288,6385.099375009537,1.808764611147157,0.5111316321046371,1.3643777862917283,21.99412293528665,-33.23974943859439,-97.98361079340604,False
1791467013.73171,6385.184797048569,1.808764611147157,0.5111316321046371,1.3643777862917283,21.99412293528665,-33.23974943859439,-97.98361079340604,False
1791467013.862048,6385.315135002136,1.808764611147157,0.5111316321046371,1.3643777862917283,21.99412293528665,-33.23974943859439,-97.98361079340604,False
1791467013.95302,6385.406107187271,1.808764611147157,0.5111316321046371,1.3643777862917283,21.99412293528665,-33.23974943859439,-97.98361079340604,False
1791467014.052021,6385.505108118057,1.808764611147157,0.5111316321046371,1.3643777862917283,21.99412293528665,-33.23974943859439,-97.98361079340604,False
1791467014.171692,6385.624778985977,1.808764611147157,0.5111316321046371,1.3643777862917283,21.99412293528665,-33.23974943859439,-97.98361079340604,False
1791467014.258798,6385.711884975433,1.808764611147157,0.5111316321046371,1.3643777862917283,21.99412293528665,-33.23974943859439,-97.98361079340604,False
1791467014.380139,6385.8332262039185,1.808764611147157,0.5111316321046371,1.3643777862917283,21.99412293528665,-33.23974943859439,-97.98361079340604,True
1791467014.495362,6385.948449134827,1.808764611147157,0.5111316321046371,1.3643777862917283,21.99412293528665,-33.23974943859439,-97.98361079340604,False
1791467014.593463,6386.046550035477,1.808764611147157,0.5111316321046371,1.3643777862917283,21.99412293528665,-33.23974943859439,-97.98361079340604,False
1791467014.692131,6386.145218133926,1.808764611147157,0.5111316321046371,1.3643777862917283,21.99412293528665,-33.23974943859439,-97.98361079340604,False
1791467014.806742,6386.259829044342,1.808764611147157,0.5111316321046371,1.3643777862917283,21.99412293528665,-33.23974943859439,-97.98361079340604,False
1791467014.895516,6386.348603010178,1.808764611147157,0.5111316321046371,1.3643777862917283,21.99412293528665,-33.23974943859439,-97.98361079340604,False
